Target_genes	Hes1|Average	SRX1550525|Macrophages	SRX1550526|Macrophages	STRING
Brox	1866.5	1899	1834	0
Aida	1866.5	1899	1834	0
Tcstv3	1593.0	1513	1673	0
Il6ra	1565.0	1472	1658	0
Mbd3	1508.0	1452	1564	0
Cldn34d	1400.0	1374	1426	0
Angptl6	1372.0	1422	1322	0
Maf	1326.5	1349	1304	0
Prep	1316.5	1645	988	0
Ddhd2	1305.5	1053	1558	0
Trim36	1293.0	1540	1046	0
Sh2b3	1280.5	1251	1310	0
Mapk6	1264.0	1076	1452	0
Spred2	1263.5	1152	1375	0
Fam3c	1258.5	1518	999	0
Rab6a	1249.0	1150	1348	0
Clptm1l	1227.5	1087	1368	0
Smad1	1213.5	1219	1208	0
Slc25a32	1213.5	1252	1175	0
Dcaf13	1213.5	1252	1175	0
Azin1	1213.0	1139	1287	0
Tigd5	1210.5	1047	1374	0
Eef1d	1210.5	1047	1374	0
Rnf19b	1204.0	1384	1024	0
Ppp1r3e	1191.0	1172	1210	0
Tmem42	1188.5	1109	1268	0
Slc16a6	1188.5	1264	1113	0
Arsg	1188.5	1264	1113	0
Utf1	1178.0	1149	1207	0
Ascc3	1175.0	1179	1171	0
Myo1b	1157.0	1058	1256	0
Fbxl4	1157.0	1112	1202	0
Stambpl1	1155.0	1207	1103	0
Cyth1	1147.5	1572	723	0
Enc1	1145.5	1101	1190	0
Tmem65	1139.5	1112	1167	0
Polg	1127.5	1147	1108	0
Trim37	1127.0	1099	1155	0
Mcur1	1123.0	1380	866	0
Slc25a25	1117.5	1136	1099	0
Naif1	1117.5	1136	1099	0
H1f0	1103.5	1056	1151	0
Gcat	1103.5	1056	1151	0
Fbxl22	1095.0	1007	1183	0
Trim65	1082.0	1115	1049	0
Pdia3	1072.5	998	1147	0
Catsper2	1072.5	998	1147	0
Rc3h1	1071.5	1165	978	0
Smarca2	1056.5	990	1123	0
Trpm7	1054.5	971	1138	0
Plekho1	1054.0	1184	924	0
Rpl10a	1045.5	983	1108	0
Phospho1	1043.0	980	1106	0
Nampt	1038.5	1064	1013	0
Runx3	1024.0	1166	882	0
Mef2a	1023.5	1044	1003	0
Gne	1013.5	924	1103	0
Cbfb	1006.0	1084	928	0
Foxe3	1005.5	1434	577	0
Map3k2	1001.5	858	1145	0
Usp34	1000.5	1042	959	0
Elf2	997.5	1006	989	0
Ccny	991.5	1247	736	0
Ier5	990.0	1064	916	0
Tmem165	989.0	1054	924	0
Pim1	989.0	1137	841	0
Itgav	989.0	991	987	0
Lrrc8b	988.0	1037	939	0
Atp1b3	983.0	949	1017	0
Mbnl1	981.5	930	1033	0
Ciart	979.0	916	1042	0
Hes7	974.5	996	953	0
Aloxe3	974.5	996	953	0
Arpc2	968.5	969	968	0
Ppp1r9b	966.5	849	1084	0
Noxo1	966.5	1007	926	0
Gfer	966.5	1007	926	0
Klhl21	964.5	997	932	0
Ywhah	957.0	1516	398	0
Mios	957.0	964	950	0
Fam162a	953.5	1047	860	0
Ccdc58	953.5	1047	860	0
Crtc1	952.5	856	1049	0
Ldb1	951.0	916	986	0
Rbpj	949.0	1139	759	0
Ivns1abp	946.0	850	1042	0
Ddi2	945.5	1208	683	0
Tob1	943.5	971	916	0
Ankle2	943.5	951	936	0
Tprkb	938.5	917	960	0
Nat8f1	938.5	917	960	0
Trmt2a	928.0	1000	856	0
Ranbp1	928.0	1000	856	0
Raly	923.5	926	921	0
Ern1	922.5	1439	406	0
Shld2	921.0	1057	785	0
Glud1	921.0	1057	785	0
Nfatc1	916.0	966	866	0
Bcar3	906.5	984	829	0
Birc2	905.5	862	949	0
Trim35	901.5	853	950	0
Map4k5	900.5	777	1024	0
Atl1	900.5	777	1024	0
Lrrfip2	898.0	877	919	0
Sh3glb1	897.0	934	860	0
Znrf1	895.5	872	919	0
Piezo1	891.0	1061	721	0
Fbxo6	891.0	869	913	0
Colgalt1	890.0	987	793	0
Pgrmc2	881.0	810	952	0
Abr	881.0	993	769	0
Gtf3a	876.5	814	939	0
Wdhd1	873.0	759	987	0
Socs4	873.0	759	987	0
Kdm4c	867.5	844	891	0
Ccdc177	867.5	788	947	0
Zfp3	867.0	856	878	0
Rcbtb1	867.0	851	883	0
Fnip1	866.0	1041	691	0
Tasor	865.5	920	811	0
Dusp2	862.5	1212	513	0
Astl	862.5	1212	513	0
4921524J17Rik	862.5	825	900	0
Kdm2a	860.5	993	728	0
Rbms1	860.0	1048	672	0
Pdlim5	859.5	787	932	0
Dcaf5	859.5	1158	561	0
Dennd4b	859.0	838	880	0
Rrn3	855.0	882	828	0
Ppp3cb	854.5	920	789	0
Gtf2e2	852.5	1147	558	0
Cdk17	852.5	721	984	0
Dbndd2	852.0	882	822	0
Rnf187	849.5	897	802	0
Lyrm4	849.5	779	920	0
Fars2	849.5	779	920	0
Ncoa7	849.0	1141	557	0
Cdk13	848.0	589	1107	0
Clip1	846.5	1103	590	0
Srsf3	846.0	918	774	0
Metrnl	840.5	926	755	0
Ccno	840.0	740	940	0
Bnip3	838.0	858	818	0
Nudt3	836.0	864	808	0
Pdp1	834.0	1053	615	0
Fgfbp3	829.5	933	726	0
Plxnd1	829.0	798	860	0
Gphn	827.5	727	928	0
Cdc42ep3	827.5	854	801	0
Stag1	827.0	859	795	0
Nfe2l2	826.5	669	984	0
Smim14	819.0	860	778	0
Sptan1	816.0	709	923	0
Calm3	814.5	760	869	0
Tmem245	814.0	886	742	0
Pbrm1	812.0	731	893	0
Lipt2	810.5	838	783	0
Cmip	809.5	1261	358	0
Mindy2	807.5	670	945	0
Atf3	807.5	713	902	0
Lmnb1	807.0	784	830	0
Cyrib	805.5	1125	486	0
Chadl	804.0	749	859	0
Dock8	802.5	1267	338	0
Msl2	801.5	1078	525	0
Setd4	801.0	928	674	0
Cbr1	801.0	928	674	0
Nhlrc2	800.0	843	757	0
Dclre1a	800.0	843	757	0
Klhl35	799.0	1077	521	0
Eef2k	799.0	751	847	0
Znrf2	798.5	1066	531	0
Galnt7	798.5	827	770	0
Pcbd2	797.0	1163	431	0
Ankrd12	797.0	755	839	0
Rnf115	795.5	1171	420	0
Polr3c	795.5	1171	420	0
Tprn	794.5	722	867	0
E2f5	794.5	951	638	0
2300009A05Rik	794.5	942	647	0
Btaf1	794.0	876	712	0
Crtc3	791.5	828	755	0
Tarsl2	790.0	723	857	0
Dnajc1	788.5	789	788	0
Sgms1	787.5	732	843	0
Bend3	787.5	887	688	0
Ddx59	787.0	620	954	0
Syncrip	786.0	1003	569	0
Ptprj	783.0	967	599	0
Tab2	782.5	742	823	0
Inpp4b	780.0	852	708	0
Slc25a33	778.5	1202	355	0
Rhobtb1	778.0	1010	546	0
A930033H14Rik	778.0	1010	546	0
Tmem123	777.0	743	811	0
Phldb1	776.5	620	933	0
Chka	774.5	692	857	0
Sft2d3	772.5	934	611	0
Ube3a	771.5	806	737	0
Tmem125	771.5	837	706	0
Tent4a	769.5	681	858	0
Bbx	769.5	728	811	0
Ppib	768.5	682	855	0
Tomm20	766.5	645	888	0
BC107364	764.0	954	574	0
Rexo2	762.5	779	746	0
Zfp451	762.0	756	768	0
Ninj1	760.5	725	796	0
Exoc5	759.0	737	781	0
Ap5m1	759.0	737	781	0
D16Ertd472e	757.0	1236	278	0
Plvap	756.0	857	655	0
Zfp692	755.5	661	850	0
Trp53rka	755.5	885	626	0
Pdxk	753.5	711	796	0
Egr1	753.5	851	656	0
Nek6	753.0	851	655	0
Vac14	751.5	754	749	0
Hipk3	751.5	661	842	0
Flrt2	751.0	738	764	0
Foxo3	750.0	726	774	0
Bach1	750.0	734	766	0
Tbc1d1	747.5	959	536	0
Sccpdh	745.0	981	509	0
Drd4	743.5	786	701	0
Tbk1	743.0	674	812	0
Kdm1a	743.0	807	679	0
Eid1	741.5	905	578	0
Tmem120b	740.5	709	772	0
Ado	739.5	801	678	0
Cebpd	739.0	785	693	0
Ccdc88a	738.5	713	764	0
Gpr137b	738.0	806	670	0
Rgl1	737.0	985	489	0
Rsbn1l	736.5	818	655	0
Adpgk	736.5	695	778	0
Rpl14	735.5	701	770	0
Marveld1	733.5	649	818	0
Arf6	732.5	740	725	0
Pik3ca	732.0	662	802	0
Grsf1	730.0	878	582	0
Canx	730.0	797	663	0
Bsg	728.5	403	1054	0
Fbxw4	726.0	697	755	0
Srsf6	724.5	886	563	0
Dock7	720.5	689	752	0
Rfng	720.0	762	678	0
Hint1	720.0	795	645	0
Gps1	720.0	762	678	0
Srd5a1	719.0	657	781	0
Nsun2	719.0	657	781	0
Snx14	718.0	605	831	0
Susd6	715.0	686	744	0
Peak1	715.0	647	783	0
Hmg20a	715.0	647	783	0
Eci1	711.5	797	626	0
Hipk2	711.0	756	666	0
Cutc	710.0	575	845	0
Cox15	710.0	575	845	0
Nr3c1	709.0	790	628	0
Nadk2	708.0	723	693	0
Tsc22d1	707.5	680	735	0
Grcc10	707.0	584	830	0
Mbtps2	706.5	720	693	0
Plekhf2	705.0	651	759	0
2510009E07Rik	705.0	560	850	0
Irf2bpl	704.5	666	743	0
Cd83	704.5	601	808	0
Tm2d2	703.5	791	616	0
Adam9	703.5	791	616	0
Clic4	703.0	784	622	0
Nkx2-3	701.5	725	678	0
Stac2	701.0	642	760	0
Efcab14	701.0	788	614	0
Tsnax	700.5	647	754	0
Tet3	700.5	1052	349	0
Taok2	699.5	806	593	0
Sun2	698.0	741	655	0
Retreg1	697.0	712	682	0
Setd3	696.5	841	552	0
Ccnk	696.5	841	552	0
Dnaja2	694.0	770	618	0
Tekt2	693.5	570	817	0
Adprhl2	693.5	570	817	0
Cdk6	692.0	728	656	0
Ppp4r2	691.0	782	600	0
Pde7a	691.0	872	510	0
Atf1	690.0	743	637	0
Usp4	689.5	560	819	0
Dennd1a	689.0	749	629	0
Tm9sf3	688.5	990	387	0
Mafb	688.0	711	665	0
Sptssa	687.0	796	578	0
Higd1a	686.5	667	706	0
Nudt4	685.0	989	381	0
Fkbp4	684.5	895	474	0
Trim44	683.5	766	601	0
Rgcc	683.5	729	638	0
Pik3c2b	683.5	662	705	0
Lrrc10b	683.0	709	657	0
Dis3l	682.5	723	642	0
Coa8	682.5	541	824	0
Bag5	682.5	541	824	0
Asxl2	681.5	671	692	0
Crem	681.0	685	677	0
Atp13a2	680.5	710	651	0
Mex3b	678.0	690	666	0
Usp28	677.0	652	702	0
Gfpt1	677.0	1041	313	0
Dhx15	676.5	1005	348	0
Dr1	674.5	684	665	0
Cpeb2	674.5	665	684	0
Imp3	674.0	648	700	0
Dgkz	674.0	779	569	0
Me2	673.0	679	667	0
Ube2d3	671.5	518	825	0
Sema4b	671.5	639	704	0
Rnasek	671.5	735	608	0
Agpat2	671.5	725	618	0
0610010K14Rik	671.5	735	608	0
Jak2	670.5	726	615	0
Arid5a	670.5	701	640	0
Prkag2	669.5	695	644	0
Frat2	669.5	543	796	0
Smad3	667.5	671	664	0
Gramd1b	667.5	727	608	0
Heca	667.0	846	488	0
Fam53a	666.0	738	594	0
Slc38a2	665.5	667	664	0
Pik3cb	664.5	985	344	0
Ppp3cc	664.0	737	591	0
Fubp1	663.5	599	728	0
Dnajb4	663.5	599	728	0
Mcl1	662.0	657	667	0
Ltbr	659.0	663	655	0
Ybx3	658.5	1072	245	0
Slc16a10	658.5	787	530	0
Gnpnat1	658.0	734	582	0
Pparg	657.5	871	444	0
Slc44a1	657.0	908	406	0
Pam	656.5	791	522	0
Lasp1	656.5	671	642	0
Hmga1b	656.5	742	571	0
Hmga1	656.5	742	571	0
Natd1	656.0	725	587	0
Tpt1	654.5	607	702	0
Dmxl2	654.5	694	615	0
Arrb1	654.5	837	472	0
Erbin	653.0	589	717	0
Ecpas	653.0	770	536	0
Tbc1d9	652.0	719	585	0
Ska3	652.0	605	699	0
Mrpl57	652.0	605	699	0
Wdr53	649.5	894	405	0
Fbxo45	649.5	894	405	0
Ppp4r1	649.0	717	581	0
Ube2q1	648.5	380	917	0
Gpr88	646.5	711	582	0
Sav1	645.5	820	471	0
Rnft1	645.0	735	555	0
Nupr1l	645.0	602	688	0
Rel	644.5	570	719	0
Psmc2	644.0	561	727	0
Dnajc2	644.0	561	727	0
Epm2a	643.0	882	404	0
Lrrc58	642.5	560	725	0
Ptpdc1	642.0	870	414	0
Lemd2	642.0	888	396	0
Prr3	639.0	580	698	0
Gnl1	639.0	580	698	0
Ccdc134	638.5	705	572	0
Tsc22d3	638.0	702	574	0
Galr3	638.0	747	529	0
Bnc2	637.0	617	657	0
Tef	636.5	681	592	0
Zfand5	635.5	770	501	0
Phf14	635.5	966	305	0
Ndufa4	635.5	966	305	0
Unc5b	635.0	817	453	0
Fxr1	635.0	961	309	0
Crtap	635.0	678	592	0
Irf2bp2	634.5	752	517	0
Rasip1	633.5	848	419	0
Stard7	631.0	538	724	0
Itsn2	630.0	704	556	0
Rrp1b	629.0	628	630	0
Hsf2bp	629.0	628	630	0
Eif3j2	629.0	796	462	0
Eif3j1	629.0	796	462	0
Ccdc171	628.5	648	609	0
Ppp3r1	626.5	686	567	0
Focad	626.5	624	629	0
Ppa2	626.0	817	435	0
Qk	625.5	541	710	0
Rnf103	625.0	821	429	0
Cd47	625.0	613	637	0
Ssbp4	624.0	527	721	0
Cmtm7	624.0	656	592	0
Slc39a7	623.5	637	610	0
Rxrb	623.5	637	610	0
Ring1	623.5	637	610	0
Nkx1-1	623.5	700	547	0
H2-Ke6	623.5	637	610	0
Arpc5	622.5	756	489	0
Slc25a36	621.5	451	792	0
Zfp672	620.0	678	562	0
Setd5	620.0	628	612	0
Qrich1	619.5	611	628	0
Pim3	619.5	548	691	0
Ctbp2	618.5	713	524	0
Macir	617.5	723	512	0
Galnt11	616.5	863	370	0
Fkbp1a	616.5	568	665	0
B4galt1	616.5	711	522	0
Yaf2	616.0	1018	214	0
Vdac1	616.0	599	633	0
Rnf170	616.0	769	463	0
Lbr	616.0	615	617	0
Hook3	616.0	769	463	0
Gclm	616.0	777	455	0
Fam102b	616.0	813	419	0
Kpna3	615.5	825	406	0
Etv6	615.5	738	493	0
Surf4	615.0	782	448	0
Stkld1	615.0	782	448	0
Plxnc1	615.0	755	475	0
Phf20	615.0	581	649	0
Mfsd14a	615.0	940	290	0
Gpn3	615.0	286	944	0
Fam216a	615.0	286	944	0
Osbpl1a	612.5	571	654	0
Arl6	612.0	730	494	0
Slc35a1	611.5	585	638	0
Rif1	611.5	834	389	0
Ext1	611.5	469	754	0
Zfp706	611.0	848	374	0
Klf13	610.5	533	688	0
Esco1	610.5	605	616	0
Ttc25	610.0	738	482	0
Otud1	610.0	712	508	0
Ints6	610.0	747	473	0
Tal1	607.5	669	546	0
C1qbp	607.0	551	663	0
Vgf	606.5	709	504	0
Tomm70a	606.5	558	655	0
Myo1c	606.5	622	591	0
Notch2	606.0	640	572	0
Tnrc6c	605.5	538	673	0
P2ry1	605.5	479	732	0
Inka1	605.5	580	631	0
Atf7	605.5	541	670	0
Cux1	605.0	593	617	0
Ccnd3	605.0	580	630	0
Top2b	604.0	766	442	0
Kpnb1	602.5	486	719	0
Zbtb44	602.0	708	496	0
Tmem256	601.0	704	498	0
Nlgn2	601.0	704	498	0
Gtf2a1	599.0	661	537	0
Eif4ebp1	599.0	515	683	0
Alkbh5	598.0	651	545	0
Slc31a2	597.5	413	782	0
Med14	596.5	513	680	0
Lypla1	596.5	615	578	0
Zfp639	596.0	856	336	0
Cpne2	596.0	731	461	0
Thap4	595.5	744	447	0
Sumo3	595.5	501	690	0
Atg4b	595.5	744	447	0
Smc6	595.0	586	604	0
Noc2l	595.0	497	693	0
Klhl17	595.0	497	693	0
Gen1	595.0	586	604	0
Whrn	594.5	871	318	0
Shtn1	594.0	383	805	0
Kbtbd13	593.5	636	551	0
Bhlhe41	592.5	626	559	0
Rnf149	591.5	836	347	0
Plekhg1	591.0	713	469	0
Gpbp1	590.5	808	373	0
Ldha	590.0	679	501	0
Herpud2	590.0	745	435	0
Zbtb25	589.5	772	407	0
Zbtb1	589.5	772	407	0
Dap	587.0	578	596	0
Tpbgl	586.5	593	580	0
Tle1	584.5	559	610	0
Prpsap1	584.5	602	567	0
Fndc10	584.5	643	526	0
Noct	584.0	620	548	0
Cadm1	584.0	711	457	0
Birc6	584.0	542	626	0
Atg16l1	584.0	580	588	0
Retreg2	583.5	619	548	0
Cnppd1	583.5	619	548	0
Tdrd7	583.0	709	457	0
Il6st	583.0	590	576	0
Arrdc3	582.5	596	569	0
Rictor	582.0	598	566	0
Dpysl2	582.0	605	559	0
Ankrd11	582.0	870	294	0
Smad6	581.5	613	550	0
Asap1	581.5	868	295	0
Aebp2	581.5	945	218	0
Ppa1	580.5	610	551	0
Aven	580.0	635	525	0
Slc41a2	579.5	818	341	0
Poglut3	579.0	585	573	0
Satb2	578.5	432	725	0
2610507B11Rik	578.5	743	414	0
Josd1	578.0	544	612	0
Gtpbp1	578.0	544	612	0
2810459M11Rik	578.0	524	632	0
Dipk2a	577.0	548	606	0
Cln5	576.0	690	462	0
Capza2	575.5	791	360	0
Tfdp2	575.0	900	250	0
Ptbp3	574.5	724	425	0
Ube2cbp	572.0	536	608	0
Dop1a	572.0	536	608	0
Btbd1	572.0	558	586	0
Gsr	571.5	742	401	0
C2cd2	571.5	572	571	0
Agps	571.5	747	396	0
Hgh1	570.5	493	648	0
Ss18	570.0	603	537	0
Ptprm	569.0	445	693	0
Ppp1cb	569.0	790	348	0
Tnip2	568.0	531	605	0
Sinhcaf	567.0	549	585	0
Fam53b	567.0	731	403	0
Slc30a3	566.0	464	668	0
Tnp2	565.5	514	617	0
Socs1	565.5	514	617	0
Map4	564.5	541	588	0
Pde4a	563.5	496	631	0
Nup50	563.5	456	671	0
Gnaq	563.5	640	487	0
Tjp2	560.5	691	430	0
Set	560.5	711	410	0
Rxylt1	560.5	610	511	0
Dag1	560.5	725	396	0
Seh1l	558.5	676	441	0
Adipor1	558.5	605	512	0
Ube2n	558.0	516	600	0
Kbtbd2	558.0	723	393	0
Pdk1	557.5	585	530	0
Pkd1	556.0	596	516	0
Klf9	556.0	621	491	0
Csde1	555.5	481	630	0
Nbeal1	554.5	459	650	0
Spred1	553.5	856	251	0
A430005L14Rik	552.5	508	597	0
Uri1	552.0	701	403	0
Larp1b	551.5	663	440	0
Srsf10	551.0	635	467	0
Rgmb	551.0	692	410	0
Nme4	551.0	615	487	0
Nfic	551.0	608	494	0
Larp1	551.0	697	405	0
Fosl2	550.5	682	419	0
Gars	550.0	495	605	0
Sik2	549.5	715	384	0
Tbc1d9b	549.0	618	480	0
Cox5a	549.0	592	506	0
Tmem266	547.0	490	604	0
Chd1l	547.0	501	593	0
Adss	546.0	656	436	0
Smyd2	545.5	729	362	0
Pip4p2	545.5	509	582	0
Zcwpw1	545.0	560	530	0
Mepce	545.0	560	530	0
Dap3	544.5	571	518	0
Usp1	544.0	484	604	0
Rint1	544.0	645	443	0
Pus7	544.0	645	443	0
Pld2	543.5	554	533	0
Tiparp	543.0	559	527	0
Fcho2	543.0	625	461	0
Ptpmt1	542.0	752	332	0
Smco4	541.0	658	424	0
Ccne2	540.5	552	529	0
Atp10a	540.5	609	472	0
Rpl7	539.5	632	447	0
Rdh10	539.5	632	447	0
Mzt1	539.5	450	629	0
Bora	539.5	450	629	0
Sh3pxd2b	539.0	552	526	0
Pelo	539.0	493	585	0
Iba57	539.0	432	646	0
Xpo7	538.0	587	489	0
Slc5a3	537.5	593	482	0
Phlda3	537.5	473	602	0
Mrps6	537.5	593	482	0
Ypel5	537.0	550	524	0
Asph	537.0	593	481	0
Uck2	536.5	603	470	0
Abcf1	536.5	474	599	0
Knop1	535.5	639	432	0
Iqck	535.5	639	432	0
Gpr176	534.0	563	505	0
Vav3	533.5	865	202	0
Rev1	533.5	624	443	0
Prkaca	533.5	860	207	0
Naa16	533.5	567	500	0
Impdh1	533.5	501	566	0
Fam20c	533.5	675	392	0
Bag3	533.5	569	498	0
Pacs1	532.5	675	390	0
Ocel1	532.5	531	534	0
Itsn1	532.5	560	505	0
Dot1l	532.5	693	372	0
Cryzl1	532.5	560	505	0
Ssr1	532.0	553	511	0
Vps26c	531.5	430	633	0
Klf11	531.5	558	505	0
Ggta1	531.0	580	482	0
N4bp2	530.5	748	313	0
Faf1	530.5	473	588	0
Arl8a	529.5	483	576	0
Acbd6	529.5	488	571	0
Pdxp	528.5	591	466	0
B3galnt2	527.5	538	517	0
Yif1b	527.0	527	527	0
Kcnk6	527.0	527	527	0
Etnk1	527.0	633	421	0
Map3k8	526.5	473	580	0
Ddx50	526.5	542	511	0
Arih2	526.5	570	483	0
Ankrd10	526.0	539	513	0
Ski	525.5	547	504	0
Commd7	525.5	655	396	0
Fam91a1	524.0	590	458	0
Dhrs13	524.0	589	459	0
Camk2d	524.0	562	486	0
Phf7	523.5	732	315	0
Gopc	523.5	509	538	0
Bap1	523.5	732	315	0
Rnpepl1	523.0	651	395	0
Dusp28	523.0	651	395	0
Frmd6	522.5	604	441	0
Pts	521.5	416	627	0
Raph1	520.5	799	242	0
Nrp2	520.5	478	563	0
Tarbp1	520.0	566	474	0
Malt1	520.0	456	584	0
Abcb1b	520.0	319	721	0
Trib1	519.5	511	528	0
Ppp1r13b	519.5	673	366	0
Pabpc4	519.5	458	581	0
Dusp5	519.5	580	459	0
Camk1d	519.5	616	423	0
Vhl	519.0	474	564	0
Stat5b	519.0	603	435	0
Vma21	518.0	330	706	0
Capn2	517.5	594	441	0
Zdhhc5	517.0	423	611	0
Rasal2	517.0	539	495	0
2210016F16Rik	517.0	489	545	0
Oxct1	515.0	537	493	0
Fbxo30	515.0	451	579	0
Trak1	514.5	523	506	0
Tmem185b	514.5	483	546	0
Cdc42bpb	514.5	480	549	0
Kctd12	514.0	633	395	0
Ppm1h	513.0	551	475	0
Pcyt1a	512.5	416	609	0
Rcbtb2	512.0	779	245	0
Arhgdia	512.0	619	405	0
Tlnrd1	511.5	685	338	0
Rps8	511.5	530	493	0
Mesd	511.5	685	338	0
Jmjd1c	511.0	716	306	0
Akap7	510.0	534	486	0
Phox2a	509.0	565	453	0
Nr4a2	508.5	634	383	0
Tmub1	507.0	716	298	0
Klf4	507.0	558	456	0
Agap3	507.0	716	298	0
Mxi1	506.5	542	471	0
Adm	506.5	489	524	0
Pmf1	506.0	552	460	0
Pdik1l	505.5	598	413	0
Zfp326	504.5	537	472	0
Sash1	504.5	814	195	0
Neurod2	504.5	513	496	0
Smad7	504.0	575	433	0
Ikbkb	502.0	528	476	0
Tmem64	501.5	446	557	0
St3gal1	501.5	406	597	0
Fut8	501.0	487	515	0
Sost	500.5	579	422	0
Kpna1	500.5	420	581	0
Tmem170b	500.0	795	205	0
Cables1	500.0	534	466	0
Eea1	499.5	491	508	0
Il10rb	498.5	465	532	0
Ets1	498.5	480	517	0
Ulk2	498.0	705	291	0
Ube2j1	498.0	753	243	0
Nav2	497.5	511	484	0
Sdf4	497.0	480	514	0
B3galt6	497.0	480	514	0
Csrnp1	496.5	513	480	0
Ssbp1	496.0	483	509	0
Pkn2	496.0	379	613	0
Sertad2	495.5	536	455	0
Elmo1	495.0	494	496	0
Mgat1	494.5	493	496	0
Sfmbt1	494.0	444	544	0
Appl1	494.0	620	368	0
Msi2	493.5	493	494	0
Itgb1	493.5	543	444	0
Fryl	493.5	740	247	0
Atp2b1	493.5	502	485	0
Npepps	492.5	537	448	0
Dyrk1a	492.5	418	567	0
Mtss1	492.0	783	201	0
Llgl1	492.0	788	196	0
Dhrs11	492.0	575	409	0
Zkscan6	491.5	499	484	0
Pvr	491.5	418	565	0
Mtmr2	491.0	459	523	0
Junb	491.0	454	528	0
Rnf111	490.5	580	401	0
Notch1	490.5	443	538	0
Shprh	490.0	555	425	0
Polr2b	490.0	612	368	0
Noa1	490.0	612	368	0
Pik3ap1	489.0	472	506	0
Kansl2	488.0	445	531	0
1810010H24Rik	488.0	672	304	0
Ttc39c	487.5	772	203	0
Nudt19	487.5	490	485	0
Klf16	487.5	593	382	0
Ptpn1	486.5	756	217	0
Herpud1	486.5	447	526	0
Rnf38	486.0	471	501	0
Artn	486.0	472	500	0
Rab3gap2	485.5	443	528	0
Ppp2r5a	485.5	829	142	0
Hk1	485.5	534	437	0
Rasa1	485.0	543	427	0
Tesmin	484.5	424	545	0
Pcmtd1	484.5	552	417	0
Odc1	484.5	676	293	0
Lrp11	484.5	418	551	0
Agtpbp1	483.5	652	315	0
Lrrn4	482.5	489	476	0
Lrfn4	482.5	615	350	0
Ggnbp2	482.5	489	476	0
Stxbp6	482.0	514	450	0
Atxn1	481.0	478	484	0
Txnrd3	480.5	492	469	0
Pex2	480.0	506	454	0
Cep43	480.0	751	209	0
Cebpb	480.0	623	337	0
Trim8	479.5	556	403	0
Rgs19	479.5	461	498	0
Lkaaear1	479.5	461	498	0
Lap3	479.5	414	545	0
Taf4b	479.0	486	472	0
Kcnk13	479.0	577	381	0
Vdac3	478.5	678	279	0
Utp14b	478.0	462	494	0
Map3k14	478.0	556	400	0
Acsl3	478.0	462	494	0
Gjd3	477.5	513	442	0
Patl1	477.0	595	359	0
Coq10a	477.0	538	416	0
Cc2d1b	477.0	456	498	0
Ppp1r3d	476.5	524	429	0
Nacc2	476.5	789	164	0
Fam217b	476.5	524	429	0
Tusc1	476.0	622	330	0
Pm20d2	476.0	647	305	0
Brd4	476.0	439	513	0
Pkp4	474.5	561	388	0
Ccdc148	474.5	561	388	0
Wdr1	474.0	669	279	0
Tmem135	473.5	546	401	0
Sntb2	473.5	466	481	0
Serbp1	473.5	461	486	0
Map3k1	473.5	575	372	0
Gmds	473.5	621	326	0
Hsf4	472.5	553	392	0
Fbxl8	472.5	553	392	0
Actb	472.5	503	442	0
Pacsin2	472.0	720	224	0
Tagap1	471.5	732	211	0
Dek	471.0	444	498	0
Tatdn2	470.5	540	401	0
Hilpda	469.5	396	543	0
G3bp1	469.5	674	265	0
Mia2	469.0	582	356	0
Scaf11	468.5	632	305	0
Nans	468.5	289	648	0
Hmga2	468.5	575	362	0
Dennd2c	468.0	465	471	0
Arih1	468.0	652	284	0
Xylt2	467.5	362	573	0
Vps13a	467.0	595	339	0
Snrk	466.5	616	317	0
Emilin2	466.5	509	424	0
Zbtb2	466.0	475	457	0
Tmem189	466.0	503	429	0
Rap1gds1	466.0	476	456	0
Kcna3	466.0	530	402	0
Zfp280d	465.0	597	333	0
Nt5c2	465.0	607	323	0
Mmaa	464.5	540	389	0
Arhgap35	464.5	440	489	0
Usp53	464.0	391	537	0
Kdm7a	463.0	650	276	0
Erc1	463.0	583	343	0
Cnnm4	462.5	503	422	0
Utp4	462.0	673	251	0
Derpc	462.0	673	251	0
Chtf8	462.0	673	251	0
Rpp25	461.0	437	485	0
Camkk2	461.0	457	465	0
Abcc4	461.0	514	408	0
Spen	460.5	489	432	0
Fsd1l	460.0	479	441	0
Sh3pxd2a	459.5	500	419	0
Zfp292	458.5	498	419	0
Spry1	458.5	398	519	0
Rras2	458.5	489	428	0
Gclc	458.5	411	506	0
Tigd2	458.0	511	405	0
Skil	457.0	622	292	0
Lcorl	457.0	512	402	0
Tpst2	456.5	586	327	0
Mocs3	456.5	494	419	0
Dpm1	456.5	494	419	0
Ift88	456.0	377	535	0
Ankrd63	456.0	481	431	0
Eif5	455.5	527	384	0
Lamc1	455.0	769	141	0
Ina	455.0	607	303	0
Uhrf2	454.5	513	396	0
Atp2c1	454.5	593	316	0
St7	454.0	453	455	0
Sirt1	454.0	484	424	0
Cd2ap	453.5	456	451	0
Atxn7l3	453.5	538	369	0
Socs2	452.5	346	559	0
Iqch	452.5	439	466	0
Aagab	452.5	439	466	0
Tpr	452.0	316	588	0
Odr4	452.0	316	588	0
Slc30a1	451.5	523	380	0
Cltc	451.5	392	511	0
Ccnl1	451.5	348	555	0
Nrf1	451.0	458	444	0
Rrs1	450.0	479	421	0
Carnmt1	450.0	696	204	0
Adhfe1	450.0	479	421	0
Zswim6	449.5	461	438	0
Usp24	449.5	579	320	0
Trim7	449.5	471	428	0
Ptger3	449.5	404	495	0
Pitpnc1	449.5	430	469	0
Cdk14	449.0	674	224	0
Dlgap4	448.5	671	226	0
Zbed4	448.0	402	494	0
Tmem131l	448.0	432	464	0
Gpi1	448.0	447	449	0
Ttll5	447.0	462	432	0
Slc20a1	447.0	432	462	0
Erg28	447.0	462	432	0
Srr	446.5	516	377	0
Smg6	446.5	516	377	0
Tas1r1	446.0	589	303	0
Nol9	446.0	589	303	0
Fbxo4	445.5	474	417	0
Ywhaq	445.0	675	215	0
Hsp90aa1	445.0	514	376	0
Dapk1	445.0	641	249	0
Gbe1	444.5	459	430	0
Flt3	444.5	523	366	0
Man2a1	444.0	439	449	0
Lrp12	444.0	621	267	0
Carmil1	444.0	715	173	0
Cpsf6	443.0	685	201	0
Zc3h12c	442.5	588	297	0
Ssbp3	442.0	535	349	0
Vps26a	441.5	523	360	0
Mrps7	441.5	487	396	0
Gga3	441.5	487	396	0
Cdyl	441.5	639	244	0
Tle4	441.0	437	445	0
P2rx4	441.0	395	487	0
Anp32b	440.5	417	464	0
Antxr2	440.0	481	399	0
Ctf1	439.5	417	462	0
Bcl7c	439.5	417	462	0
Chst3	439.0	249	629	0
Shb	438.5	342	535	0
Degs1	437.5	429	446	0
Samd1	437.0	482	392	0
Itprid2	437.0	403	471	0
Dnaaf2	437.0	454	420	0
1700067K01Rik	437.0	482	392	0
Mphosph9	436.5	363	510	0
Mafg	436.5	395	478	0
2810006K23Rik	436.5	363	510	0
Sh2b2	436.0	405	467	0
Bcl2l11	435.5	662	209	0
Stim2	435.0	451	419	0
Rela	435.0	528	342	0
Xpot	434.5	442	427	0
Tsr1	434.5	440	429	0
Sgsm2	434.5	440	429	0
Scoc	434.5	499	370	0
Smim15	434.0	348	520	0
Nr4a3	434.0	437	431	0
Map3k5	434.0	459	409	0
Cul1	434.0	581	287	0
Snx7	433.5	713	154	0
Ikzf1	433.0	678	188	0
Ero1a	433.0	425	441	0
Cnot2	433.0	493	373	0
Tmem223	432.5	342	523	0
Tmem179b	432.5	342	523	0
Sec23ip	432.5	419	446	0
Mcmbp	432.5	419	446	0
Bcap29	432.5	556	309	0
Setd2	432.0	575	289	0
Otulinl	431.0	413	449	0
Mrpl45	431.0	448	414	0
Scaf8	430.0	386	474	0
Galc	430.0	543	317	0
Atp11b	430.0	501	359	0
Rab10	429.5	394	465	0
Slc25a39	428.0	590	266	0
Ndrg1	428.0	468	388	0
Stk17b	427.5	374	481	0
Kctd6	427.5	676	179	0
Asap2	427.5	633	222	0
Adprh	427.5	309	546	0
Mxd3	426.5	414	439	0
Nefh	426.0	516	336	0
Git2	426.0	382	470	0
Ap1b1	426.0	516	336	0
Ankrd13a	426.0	382	470	0
Eif3a	425.5	437	414	0
Txnrd1	425.0	472	378	0
Mllt1	424.5	364	485	0
Eif4ebp2	424.5	450	399	0
Zfp407	423.5	463	384	0
Pigl	423.0	434	412	0
Ncor1	423.0	434	412	0
Coro1c	423.0	602	244	0
Smarca4	422.5	493	352	0
Gsn	422.5	434	411	0
E2f3	422.5	479	366	0
Rap2b	421.0	437	405	0
Gpcpd1	421.0	449	393	0
Abtb2	421.0	452	390	0
Amfr	420.5	497	344	0
Trim33	420.0	498	342	0
Ppm1a	420.0	407	433	0
Polr3e	420.0	388	452	0
Ttc3	419.5	356	483	0
Smtnl2	419.5	377	462	0
Pigp	419.5	356	483	0
Ier5l	419.5	455	384	0
Atp1a1	419.5	488	351	0
Eif4e2	419.0	448	390	0
Fnbp1l	418.5	377	460	0
Pacs2	418.0	604	232	0
H6pd	418.0	521	315	0
Tkt	417.5	398	437	0
Ipmk	417.5	690	145	0
Cisd1	417.5	690	145	0
Safb2	417.0	232	602	0
Safb	417.0	232	602	0
Irf2	417.0	423	411	0
Eepd1	417.0	416	418	0
Nab2	416.0	408	424	0
Cnot6l	416.0	403	429	0
Tifa	415.5	339	492	0
Parp12	415.5	474	357	0
Brwd1	415.0	599	231	0
Sesn1	414.5	485	344	0
Rpl22	414.0	388	440	0
Trim47	413.5	445	382	0
Trim28	413.5	483	344	0
Nes	413.5	382	445	0
Elk4	413.0	483	343	0
Ppia	412.0	405	419	0
Marchf8	412.0	523	301	0
Il12rb2	412.0	400	424	0
Crebbp	411.5	390	433	0
Socs5	411.0	573	249	0
Rab43	411.0	391	431	0
Crlf3	411.0	411	411	0
Carm1	411.0	446	376	0
Nfkb1	410.5	492	329	0
Fbxo33	410.5	361	460	0
Wbp4	410.0	396	424	0
Macroh2a1	410.0	594	226	0
Elf1	410.0	396	424	0
Prkca	409.5	507	312	0
Pfn1	409.5	310	509	0
Eno3	409.5	310	509	0
Rab2a	409.0	367	451	0
Hhex	409.0	423	395	0
Shisa8	408.5	472	345	0
Diaph1	408.5	362	455	0
Ythdf2	408.0	317	499	0
P2ry2	408.0	457	359	0
Ino80d	407.5	434	381	0
Dock10	407.5	470	345	0
Tfap4	407.0	404	410	0
Pxdc1	407.0	455	359	0
Fam98c	407.0	381	433	0
Kbtbd3	406.5	358	455	0
Aasdhppt	406.5	358	455	0
Zdhhc3	406.0	451	361	0
Mfhas1	406.0	328	484	0
Exosc7	406.0	451	361	0
Klf3	405.5	532	279	0
Fam78a	405.5	433	378	0
Cry1	405.0	431	379	0
Atg12	405.0	521	289	0
Ap3s1	405.0	521	289	0
Tex30	404.5	398	411	0
Septin11	404.5	630	179	0
Ube2k	404.0	514	294	0
Rdx	404.0	489	319	0
Serf2	403.5	367	440	0
Hivep1	403.5	380	427	0
Pde8a	403.0	513	293	0
Pcgf5	403.0	336	470	0
Chrac1	403.0	414	392	0
Psmb3	402.5	507	298	0
Pcgf2	402.5	507	298	0
Bbc3	402.5	290	515	0
Spns2	402.0	405	399	0
Snx9	402.0	495	309	0
Pura	402.0	528	276	0
Prrc2c	402.0	374	430	0
Mpzl1	402.0	390	414	0
Urgcp	401.5	442	361	0
Cox20	401.5	313	490	0
Cdkn2aip	401.5	494	309	0
Dennd6a	401.0	533	269	0
Cnnm3	401.0	429	373	0
Gmeb2	400.5	497	304	0
Pigw	400.0	436	364	0
Myo5a	400.0	442	358	0
Myo19	400.0	436	364	0
Maco1	400.0	442	358	0
Eef1a1	400.0	404	396	0
Arl4c	400.0	520	280	0
Rbm33	399.5	337	462	0
Mcfd2	399.5	415	384	0
Tex264	399.0	459	339	0
Ric1	398.0	488	308	0
Gan	398.0	513	283	0
Thap1	397.5	430	365	0
P2rx5	397.0	351	443	0
Atad3a	397.0	362	432	0
Tsen54	396.5	350	443	0
Tet2	396.5	568	225	0
Caskin2	396.5	350	443	0
Washc4	396.0	516	276	0
Rasd2	396.0	368	424	0
Nanos1	395.5	622	169	0
Runx1	395.0	385	405	0
Edem1	395.0	405	385	0
Batf3	395.0	443	347	0
Pfkfb3	394.5	359	430	0
Gmfb	394.5	353	436	0
Ascl1	394.5	363	426	0
Sltm	394.0	411	377	0
Sirpa	394.0	454	334	0
Dpy19l1	394.0	628	160	0
Foxn2	393.0	386	400	0
Gapvd1	392.5	487	298	0
1600014C23Rik	392.0	498	286	0
Tgfbr3	391.5	213	570	0
Rps3a1	391.5	602	181	0
Trim26	391.0	516	266	0
Ralgapa2	391.0	400	382	0
Osbpl2	391.0	504	278	0
Atp2a2	391.0	510	272	0
Xrcc6	390.5	275	506	0
Ttll4	390.5	373	408	0
Desi1	390.5	275	506	0
Actn1	390.5	500	281	0
Trim67	390.0	498	282	0
Rab6b	390.0	704	76	0
Lats2	390.0	436	344	0
Dyrk2	390.0	481	299	0
Acad9	390.0	242	538	0
Zfp469	389.5	443	336	0
Khdrbs1	389.5	415	364	0
Ubald2	388.5	528	249	0
Rarres1	388.5	318	459	0
Ntn1	388.5	446	331	0
Cisd2	388.5	562	215	0
Rbpms2	388.0	629	147	0
Prex1	388.0	538	238	0
Pqlc3	388.0	378	398	0
Hmg20b	388.0	281	495	0
Gipc3	388.0	281	495	0
Ubtd2	387.5	579	196	0
Klf10	387.0	571	203	0
Fpgs	387.0	391	383	0
Zfp395	386.5	547	226	0
Adcy9	386.5	512	261	0
Wdfy3	386.0	371	401	0
Slc2a1	386.0	575	197	0
H3c15	386.0	342	430	0
H3c14	386.0	342	430	0
H2ac19	386.0	342	430	0
H2ac18	386.0	342	430	0
Gpr157	386.0	384	388	0
Tnrc18	385.5	369	402	0
Adarb1	385.5	447	324	0
Socs3	384.5	496	273	0
Gsdme	383.5	508	259	0
Strn3	383.0	419	347	0
Ctdsp1	383.0	374	392	0
Ap4s1	383.0	419	347	0
Pcbp1	382.5	459	306	0
Ccar1	382.0	279	485	0
Zyx	381.5	405	358	0
Tent4b	381.5	472	291	0
Rara	381.5	248	515	0
Sulf2	381.0	319	443	0
Rnf130	381.0	399	363	0
Nfkbid	381.0	189	573	0
Hcst	381.0	189	573	0
1700017B05Rik	381.0	364	398	0
Sgpl1	380.5	368	393	0
Phpt1	380.0	387	373	0
Ccnh	380.0	292	468	0
Ajm1	380.0	387	373	0
Asmt	379.5	434	325	0
Npr1	379.0	346	412	0
Eif1b	379.0	413	345	0
Baz1a	379.0	373	385	0
Raf1	378.5	326	431	0
Tbc1d12	378.0	561	195	0
Slk	378.0	496	260	0
Rai1	377.5	426	329	0
Morc2a	377.0	421	333	0
Mapk8	377.0	441	313	0
Gatad2a	377.0	495	259	0
Fam120a	377.0	393	361	0
Ap2a2	377.0	609	145	0
Rassf3	376.5	421	332	0
Mob2	376.5	430	323	0
H2ax	376.5	368	385	0
Cep83	376.5	558	195	0
Cbl	376.0	325	427	0
Cacna1a	376.0	383	369	0
Aprt	376.0	388	364	0
Tada1	375.5	433	318	0
Ltbp3	375.5	362	389	0
Atl2	375.5	334	417	0
Nr2c2	375.0	362	388	0
Kif2a	375.0	433	317	0
Fam241a	375.0	360	390	0
Eml4	375.0	527	223	0
Pip4k2b	374.5	359	390	0
Gnaz	374.5	593	156	0
Mgat4b	374.0	453	295	0
Bhlhe40	374.0	443	305	0
Wdr5	373.5	449	298	0
Plekha1	373.5	371	376	0
Coro2a	373.5	314	433	0
Rundc3b	373.0	431	315	0
Slc7a1	372.5	325	420	0
Pdgfa	372.5	338	407	0
Rnf19a	372.0	392	352	0
Phip	372.0	583	161	0
Pgp	372.0	480	264	0
Bricd5	372.0	480	264	0
Ywhaz	371.5	306	437	0
Lsm14b	371.5	403	340	0
Stx6	371.0	314	428	0
Nt5dc3	370.5	480	261	0
Dynll2	370.5	559	182	0
Ubtf	370.0	586	154	0
Rusc2	370.0	532	208	0
Mylip	370.0	463	277	0
Tmem69	369.5	316	423	0
Tmem192	369.5	416	323	0
Mfap3l	369.5	412	327	0
Klhl8	369.5	526	213	0
Gpbp1l1	369.5	316	423	0
Clcn4	369.5	379	360	0
Mtdh	369.0	428	310	0
Tmem238	368.5	433	304	0
Rpl28	368.5	433	304	0
Ptpn2	368.5	340	397	0
Nudt9	368.5	556	181	0
Dhh	368.5	390	347	0
Ubxn2a	368.0	471	265	0
Il21r	368.0	372	364	0
9430038I01Rik	368.0	349	387	0
Rock2	367.5	391	344	0
Numa1	367.5	396	339	0
Gm42517	367.5	339	396	0
Gas6	367.5	385	350	0
Dtnbp1	367.5	292	443	0
Trim62	367.0	344	390	0
Ranbp9	367.0	534	200	0
Cd24a	367.0	296	438	0
Atp23	367.0	405	329	0
Lims1	366.0	485	247	0
Smg1	365.5	443	288	0
Nt5c3	365.5	478	253	0
Dgkh	365.5	528	203	0
Atg9b	365.5	453	278	0
Acot7	365.5	474	257	0
Snx5	365.0	421	309	0
Mgme1	365.0	421	309	0
Isyna1	365.0	439	291	0
Anks3	365.0	351	379	0
4930451G09Rik	365.0	351	379	0
Acsl1	364.5	427	302	0
Uimc1	363.5	404	323	0
Reep3	363.5	390	337	0
Phf13	363.5	440	287	0
Mex3c	363.5	332	395	0
Cdc42bpa	363.0	435	291	0
Sgtb	362.5	406	319	0
Nln	362.5	406	319	0
Spice1	362.0	395	329	0
Mt2	362.0	349	375	0
Hectd1	362.0	402	322	0
Camsap2	362.0	352	372	0
Tcf7l2	361.5	723	0	0
Srd5a3	361.5	365	358	0
Sfr1	361.5	347	376	0
Tfdp1	361.0	422	300	0
Micall1	361.0	531	191	0
Lifr	361.0	470	252	0
Dock9	361.0	557	165	0
BC005537	361.0	369	353	0
Arfgef1	361.0	495	227	0
Otud4	360.5	367	354	0
Dck	360.5	272	449	0
Keap1	360.0	392	328	0
Pds5a	359.5	525	194	0
Foxred2	359.5	344	375	0
Rb1	359.0	509	209	0
Nomo1	359.0	373	345	0
Abcc6	359.0	373	345	0
Rabep1	358.5	501	216	0
Ncoa2	358.5	366	351	0
Gpr135	358.5	399	318	0
Pip5k1b	357.5	570	145	0
Stxbp5	357.0	572	142	0
Spag9	357.0	518	196	0
Spag6	357.0	319	395	0
Naa20	357.0	439	275	0
Marchf6	357.0	460	254	0
Ccdc71l	357.0	360	354	0
Heatr5a	356.5	483	230	0
D3Ertd751e	356.5	561	152	0
Ptpn12	356.0	351	361	0
Nrarp	356.0	485	227	0
Lrrc56	356.0	377	335	0
Hras	356.0	377	335	0
Tdrd3	355.5	341	370	0
Spata1	355.5	439	272	0
Gng5	355.5	439	272	0
Smchd1	355.0	312	398	0
Mfsd12	355.0	339	371	0
Ets2	355.0	357	353	0
Cluh	355.0	375	335	0
Pdcd11	354.5	443	266	0
Atp5md	354.5	443	266	0
Dst	354.0	495	213	0
Bend6	354.0	495	213	0
Slc38a1	353.5	335	372	0
Nabp1	353.5	257	450	0
Mxd4	353.5	438	269	0
Eif4g2	353.5	462	245	0
Ago3	353.5	415	292	0
Ppm1b	353.0	391	315	0
Rev3l	352.5	357	348	0
Ipp	352.5	354	351	0
Dusp3	352.5	454	251	0
Cfap97d1	352.5	454	251	0
Mycbp	352.0	491	213	0
Fam117b	352.0	463	241	0
Macrod1	351.5	335	368	0
Smurf2	351.0	444	258	0
Ptk2	351.0	453	249	0
Kansl1	351.0	362	340	0
Gtf2f2	351.0	278	424	0
Tgfbr2	350.5	343	358	0
Kcnk4	350.5	336	365	0
Aff4	350.0	460	240	0
Zcchc2	349.5	350	349	0
Map3k20	349.5	280	419	0
Fkbp5	349.5	379	320	0
Dmxl1	349.5	496	203	0
Ubxn4	349.0	283	415	0
Lpar1	349.0	334	364	0
Insig1	349.0	347	351	0
Clock	349.0	300	398	0
Hspe1	348.5	335	362	0
Hspd1	348.5	335	362	0
Phlda1	348.0	368	328	0
Pdpr	348.0	337	359	0
Fem1b	348.0	348	348	0
Fam168b	348.0	516	180	0
Sec24d	347.5	430	265	0
Oasl1	347.5	384	311	0
Rftn1	347.0	486	208	0
Smim19	346.5	374	319	0
Slc20a2	346.5	374	319	0
Rab3a	346.5	283	410	0
Stox1	346.0	692	0	0
Gxylt1	346.0	400	292	0
Rubcn	345.5	381	310	0
Fyttd1	345.5	381	310	0
Eprs	345.5	369	322	0
Sipa1l2	345.0	344	346	0
Ostf1	345.0	365	325	0
Nmrk1	345.0	365	325	0
Cbx4	345.0	461	229	0
Apbb2	345.0	298	392	0
Sac3d1	344.5	328	361	0
Kctd13	344.5	382	307	0
Dusp4	344.5	417	272	0
Btg3	344.5	373	316	0
Ran	344.0	336	352	0
Kbtbd7	344.0	451	237	0
Fzd3	344.0	520	168	0
Fchsd2	344.0	354	334	0
Fbxo16	344.0	520	168	0
Tbca	343.5	464	223	0
Trio	343.0	286	400	0
Ssh2	343.0	421	265	0
Mideas	343.0	402	284	0
Lrp6	343.0	686	0	0
Tbc1d2	342.5	235	450	0
Nsd3	342.0	325	359	0
Letm2	342.0	325	359	0
Gtf2ird2	342.0	281	403	0
Gab1	342.0	335	349	0
Epc1	342.0	344	340	0
Zeb1	341.5	381	302	0
Ythdc1	341.5	380	303	0
Zdhhc17	341.0	500	182	0
Wdr41	341.0	374	308	0
Mtx2	341.0	233	449	0
Stat6	340.5	388	293	0
Plcl1	340.5	373	308	0
Zfp821	340.0	399	281	0
Tbc1d15	340.0	327	353	0
Ptp4a2	340.0	275	405	0
Mier1	340.0	367	313	0
F8a	339.5	373	306	0
Exosc3	339.5	416	263	0
Glul	339.0	306	372	0
Sh3tc1	338.5	396	281	0
Lmln	338.5	394	283	0
Slc6a6	337.5	269	406	0
1700025G04Rik	337.5	352	323	0
Crebzf	337.0	470	204	0
Wnt10b	336.5	237	436	0
Camsap1	336.5	435	238	0
Amh	336.5	303	370	0
2310033P09Rik	336.5	265	408	0
Snta1	336.0	412	260	0
Slc16a1	336.0	284	388	0
Pdf	335.5	312	359	0
Zfp318	335.0	426	244	0
Sypl	335.0	378	292	0
Heatr4	335.0	323	347	0
Acot2	335.0	323	347	0
Rps6	334.5	313	356	0
Reps1	334.5	423	246	0
Pgs1	334.5	325	344	0
Iffo2	334.5	458	211	0
Yy1	334.0	360	308	0
Prkce	334.0	295	373	0
Mras	334.0	453	215	0
Fzd5	334.0	299	369	0
Pdcd7	333.5	272	395	0
Bfsp1	333.5	526	141	0
Anp32e	333.5	565	102	0
Tmem102	333.0	314	352	0
Susd1	333.0	369	297	0
Kmt2c	333.0	357	309	0
Fgf11	333.0	314	352	0
Vps54	332.5	551	114	0
Jdp2	332.5	275	390	0
Zfp710	332.0	360	304	0
Kansl1l	331.5	280	383	0
Smad2	331.0	452	210	0
Myorg	331.0	366	296	0
Tpm1	330.5	343	318	0
Anapc5	330.5	285	376	0
Uqcrq	330.0	287	373	0
Ikbip	330.0	384	276	0
Grin2d	330.0	375	285	0
Gdf9	330.0	287	373	0
C2cd4a	330.0	392	268	0
Apaf1	330.0	384	276	0
Jarid2	329.5	309	350	0
Cspp1	329.5	320	339	0
Cops5	329.5	320	339	0
Srsf11	329.0	321	337	0
P4ha1	329.0	296	362	0
Lrrc40	329.0	321	337	0
Ep300	329.0	493	165	0
Sigmar1	328.5	307	350	0
Ehd4	328.5	350	307	0
Actr3	328.0	271	385	0
Zbtb8os	327.5	202	453	0
Rbbp4	327.5	202	453	0
Ilrun	327.0	560	94	0
Dtx4	327.0	429	225	0
Slc35e3	326.5	513	140	0
Qdpr	326.5	331	322	0
Pprc1	326.5	323	330	0
Clrn2	326.5	331	322	0
Pip4p1	326.0	188	464	0
Iqgap2	326.0	410	242	0
H3c10	326.0	358	294	0
H2bc13	326.0	358	294	0
H2ac13	326.0	358	294	0
Wwc2	325.5	328	323	0
Skida1	325.5	459	192	0
Dut	325.0	305	345	0
Slc4a11	324.5	311	338	0
Rtn4r	324.5	339	310	0
Kcmf1	324.5	396	253	0
Whamm	324.0	430	218	0
Lyn	324.0	309	339	0
Fsd2	324.0	430	218	0
Zbtb42	323.5	647	0	0
Lhx2	323.5	306	341	0
Dusp1	323.5	366	281	0
Akt1	323.5	647	0	0
Tgds	323.0	251	395	0
Spsb4	323.0	302	344	0
Gpr180	323.0	251	395	0
Gpat3	323.0	349	297	0
Agpat5	323.0	398	248	0
Rasl10a	322.5	255	390	0
Gas2l1	322.5	255	390	0
Xxylt1	322.0	364	280	0
Wtip	322.0	644	0	0
Ppp3ca	322.0	347	297	0
Inafm1	322.0	448	196	0
Arglu1	322.0	294	350	0
Zc3h8	321.5	340	303	0
Sdcbp	321.5	319	324	0
Rnf169	321.5	386	257	0
Sbf2	321.0	466	176	0
Rnf144a	321.0	381	261	0
Ppp2r3a	321.0	383	259	0
Siah2	320.5	260	381	0
Eri1	320.5	280	361	0
Csk	320.5	304	337	0
B3gnt2	320.5	358	283	0
Snx13	320.0	335	305	0
Lrig1	320.0	307	333	0
E030030I06Rik	320.0	251	389	0
Wdsub1	319.5	334	305	0
Snx10	319.5	451	188	0
Mtmr12	319.5	317	322	0
Cfap97	319.5	341	298	0
Pon2	319.0	456	182	0
Efnb2	319.0	320	318	0
Shq1	318.5	371	266	0
Samhd1	318.5	272	365	0
Cobll1	318.5	383	254	0
Six5	318.0	364	272	0
Rac1	318.0	351	285	0
Ptch1	318.0	307	329	0
Gse1	318.0	333	303	0
Dlx4	318.0	493	143	0
Calm1	318.0	448	188	0
Tssk6	317.5	319	316	0
Ndufa13	317.5	319	316	0
Mlh1	317.5	200	435	0
Jph4	317.5	468	167	0
Epm2aip1	317.5	200	435	0
Qsox2	317.0	315	319	0
Map1s	317.0	288	346	0
Cnbp	317.0	317	317	0
Uhrf1bp1	316.5	320	313	0
Nudt18	316.5	313	320	0
Ndfip1	316.5	347	286	0
R3hdm2	316.0	356	276	0
Lsm1	316.0	380	252	0
Cdc14a	316.0	143	489	0
Bag4	316.0	380	252	0
Tcte2	315.5	406	225	0
Pum2	315.5	497	134	0
Afdn	315.5	406	225	0
Rmdn1	315.0	288	342	0
Picalm	315.0	377	253	0
Cpne3	315.0	288	342	0
Ptpn4	314.5	474	155	0
Osgin2	314.5	370	259	0
Ebag9	314.5	417	212	0
Fndc3b	314.0	364	264	0
Ddx6	314.0	264	364	0
Daglb	314.0	323	305	0
Cog3	314.0	362	266	0
Tchh	313.5	378	249	0
Prpf38b	313.5	327	300	0
Celf1	313.5	322	305	0
Smarcc1	313.0	241	385	0
Scaf4	313.0	322	304	0
Med7	313.0	422	204	0
Lonrf1	313.0	487	139	0
Adgra2	313.0	393	233	0
Mef2d	312.5	383	242	0
Igsf11	312.5	386	239	0
Amdhd2	312.5	301	324	0
Sned1	312.0	434	190	0
Nkpd1	312.0	374	250	0
Met	312.0	406	218	0
Tpst1	311.5	437	186	0
Soga1	311.5	305	318	0
Grm6	311.5	316	307	0
Gm3448	311.5	328	295	0
Gm3417	311.5	328	295	0
Abcc1	311.5	486	137	0
9030025P20Rik	311.5	328	295	0
Sp3	311.0	319	303	0
Mllt3	311.0	501	121	0
Fxn	311.0	516	106	0
Zfp553	310.5	349	272	0
Eif1ax	310.5	379	242	0
Ufsp2	310.0	270	350	0
Txnl1	310.0	254	366	0
Neurog2	310.0	305	315	0
Hacd3	310.0	374	246	0
Fam83f	310.0	320	300	0
1700029J07Rik	310.0	270	350	0
Spast	309.5	324	295	0
Gde1	309.0	286	332	0
Ezr	309.0	205	413	0
Ccnd1	309.0	242	376	0
Fam214a	308.5	272	345	0
Arl5a	308.5	336	281	0
Zbtb18	308.0	277	339	0
Tnfsfm13	308.0	389	227	0
Tnfsf12	308.0	389	227	0
Mansc4	308.0	313	303	0
Klhl42	308.0	313	303	0
Dyrk3	308.0	277	339	0
Zc3hav1	307.5	318	297	0
Ube2g2	307.5	264	351	0
Tmem116	307.5	389	226	0
Erp29	307.5	389	226	0
Dock5	307.5	437	178	0
Dgke	307.5	372	243	0
Cad	307.5	344	271	0
Zfp91	307.0	287	327	0
Usp3	307.0	396	218	0
Tsc22d2	307.0	407	207	0
Prdm8	307.0	399	215	0
Lpxn	307.0	287	327	0
Kcna7	307.0	267	347	0
Amer2	307.0	292	322	0
Rrnad1	306.5	370	243	0
Map4k4	306.5	307	306	0
Isg20l2	306.5	370	243	0
Epb41l2	306.5	372	241	0
Prdm10	306.0	612	0	0
Pdia5	306.0	236	376	0
Jade1	306.0	459	153	0
Dennd5a	306.0	295	317	0
Pogz	305.5	356	255	0
Pkd2	305.5	418	193	0
Pbld2	305.5	335	276	0
Mthfd1l	305.5	388	223	0
Hnrnph3	305.5	335	276	0
Hnrnpdl	305.5	327	284	0
Enoph1	305.5	327	284	0
Myo15b	304.5	338	271	0
Rassf8	304.0	412	196	0
Nup153	303.0	328	278	0
E2f1	303.0	332	274	0
Vav2	302.5	315	290	0
Nmt2	302.5	300	305	0
Ap5b1	302.5	348	257	0
Ube2h	302.0	369	235	0
Taok3	302.0	287	317	0
Suds3	302.0	287	317	0
Hdgfl3	302.0	251	353	0
Zfp654	301.5	360	243	0
Zbtb10	301.5	424	179	0
Rarg	301.5	283	320	0
Donson	301.5	349	254	0
Cggbp1	301.5	360	243	0
Abhd10	301.5	219	384	0
Wwp1	301.0	279	323	0
Lrrc8a	301.0	333	269	0
Gfra4	301.0	402	200	0
Ddhd1	301.0	406	196	0
4930402H24Rik	301.0	388	214	0
Tusc3	300.5	293	308	0
Trim59	300.5	377	224	0
Tmem11	300.5	316	285	0
Rapgef5	300.5	398	203	0
Eps15	300.5	236	365	0
Arhgap10	300.5	274	327	0
Mllt10	300.0	263	337	0
Cdyl2	300.0	331	269	0
Zmynd11	299.5	252	347	0
Prxl2c	299.5	359	240	0
Ppp1ccb	299.5	265	334	0
Ppp1cc	299.5	265	334	0
Morf4l2	299.5	236	363	0
Efhd2	299.5	342	257	0
Apln	299.5	346	253	0
Irf8	299.0	326	272	0
Ap1ar	299.0	378	220	0
Cacybp	298.5	241	356	0
Ubqln1	298.0	329	267	0
Maff	298.0	278	318	0
Stx7	297.5	337	258	0
Rimbp3	297.5	338	257	0
Rap1b	297.5	337	258	0
Plod1	297.5	358	237	0
Parp6	297.5	400	195	0
Fcgr3	297.5	236	359	0
2510039O18Rik	297.5	358	237	0
Ptpn9	297.0	369	225	0
Hnrnpf	297.0	260	334	0
Tprgl	296.5	332	261	0
Stk38l	296.5	374	219	0
Runx2	296.0	455	137	0
Itpk1	295.5	378	213	0
Itgb5	295.5	278	313	0
Armc8	295.5	300	291	0
Rcc1	295.0	202	388	0
Aftph	295.0	420	170	0
Pnrc1	294.5	298	291	0
Nsmaf	294.5	379	210	0
Cdk8	294.5	406	183	0
Fndc3a	294.0	417	171	0
Commd3	294.0	453	135	0
C1qtnf4	294.0	346	242	0
Bmi1	294.0	453	135	0
Zbtb38	293.5	367	220	0
Usp14	293.5	278	309	0
Trappc10	293.5	353	234	0
Panx1	293.5	388	199	0
Ehd1	293.5	376	211	0
Abcg1	293.5	267	320	0
Inppl1	293.0	391	195	0
Unc5a	292.5	304	281	0
Tbc1d24	292.5	254	331	0
Ntn3	292.5	254	331	0
Grin1	292.5	279	306	0
Il31ra	292.0	322	262	0
1110008P14Rik	292.0	291	293	0
Mogs	291.5	306	277	0
Map1lc3b	291.5	306	277	0
Gm13290	291.5	267	316	0
Gm13289	291.5	267	316	0
Gm13285	291.5	267	316	0
Ahcyl1	291.5	291	292	0
Vim	291.0	286	296	0
Slc45a3	290.5	424	157	0
Peli2	290.5	413	168	0
Mllt6	290.5	406	175	0
Egr3	290.5	301	280	0
Ube2q2	290.0	317	263	0
Akap1	290.0	327	253	0
Pank1	289.5	260	319	0
Gna13	289.5	344	235	0
Deptor	289.5	238	341	0
Ttpal	289.0	404	174	0
Tgif1	289.0	334	244	0
Sacm1l	289.0	247	331	0
Nt5m	289.0	353	225	0
Vezt	288.5	314	263	0
Hibadh	288.5	275	302	0
Fgd6	288.5	314	263	0
Cdkn2a	288.5	315	262	0
Ube3c	288.0	259	317	0
Polr3g	288.0	307	269	0
Nfix	288.0	361	215	0
Mblac2	288.0	307	269	0
Mast2	288.0	281	295	0
Cited2	288.0	576	0	0
Aatf	288.0	295	281	0
Zmym2	287.5	254	321	0
Zfp277	287.5	298	277	0
Poli	287.5	246	329	0
Dock4	287.5	298	277	0
Cecr2	287.5	280	295	0
Tmem151b	287.0	345	229	0
Slc35c1	287.0	263	311	0
Lrrc73	287.0	342	232	0
Dipk1b	287.0	307	267	0
Bri3	287.0	359	215	0
Tmem268	286.5	379	194	0
Rassf1	286.5	189	384	0
Zfp622	286.0	263	309	0
Stt3b	286.0	337	235	0
Pfkl	286.0	279	293	0
Irx5	286.0	391	181	0
H2bc21	286.0	232	340	0
H2ac21	286.0	232	340	0
H2ac20	286.0	232	340	0
Nr1d2	285.5	310	261	0
Lsm6	285.5	355	216	0
Lcor	285.5	385	186	0
Ankrd37	285.5	298	273	0
Tpk1	285.0	289	281	0
Meaf6	284.5	292	277	0
C9orf72	284.5	390	179	0
Vinac1	284.0	335	233	0
Ttl	284.0	335	233	0
Sdc4	284.0	152	416	0
Rufy3	284.0	318	250	0
Ppfibp1	284.0	316	252	0
Sil1	283.5	293	274	0
Cbfa2t2	283.5	355	212	0
Trp53i13	283.0	268	298	0
Tmeff1	283.0	371	195	0
Suco	283.0	327	239	0
Mtg1	283.0	256	310	0
Lpgat1	283.0	436	130	0
Gls	283.0	333	233	0
Bin1	283.0	192	374	0
Abhd15	283.0	268	298	0
Tmem158	282.5	344	221	0
Ppp2ca	282.5	301	264	0
Chsy1	282.5	565	0	0
Rbck1	282.0	340	224	0
Pusl1	282.0	364	200	0
Pdxdc1	282.0	248	316	0
Mpv17l	282.0	248	316	0
Acap3	282.0	364	200	0
Zfp740	281.5	348	215	0
Tcerg1	281.5	308	255	0
Sgpp1	281.5	349	214	0
Rnf146	281.5	383	180	0
Fbxo11	281.5	312	251	0
Csad	281.5	348	215	0
Chd7	281.5	229	334	0
Utp3	281.0	209	353	0
Tor1aip2	281.0	277	285	0
Tor1aip1	281.0	277	285	0
Senp5	281.0	234	328	0
Ptger4	281.0	245	317	0
Igsf3	281.0	354	208	0
Ubqln2	280.5	342	219	0
Prkar2b	280.5	561	0	0
Pak2	280.5	356	205	0
Nfil3	280.5	417	144	0
Golga5	280.5	218	343	0
Erap1	280.5	308	253	0
Zbtb21	280.0	278	282	0
Tapt1	280.0	560	0	0
Rbm47	280.0	239	321	0
Mprip	280.0	408	152	0
H3c2	280.0	322	238	0
H2bc3	280.0	322	238	0
H2ac4	280.0	322	238	0
Gm13288	280.0	244	316	0
Gm13287	280.0	244	316	0
Zzz3	279.0	394	164	0
Sdc3	279.0	558	0	0
Prps1l3	279.0	246	312	0
Nedd4l	279.0	358	200	0
Mipol1	279.0	246	312	0
Itpripl2	279.0	235	323	0
Elac1	279.0	424	134	0
Arpp19	279.0	423	135	0
Ahcyl2	279.0	307	251	0
Mapk7	278.5	252	305	0
Coro6	278.5	241	316	0
Rbbp6	278.0	274	282	0
Rap1a	278.0	360	196	0
Nfkbia	278.0	149	407	0
Tmem251	277.5	218	337	0
Pbx2	277.5	227	328	0
Moap1	277.5	218	337	0
Ilf3	277.5	247	308	0
Gpsm3	277.5	227	328	0
Gm13272	277.5	246	309	0
Flna	277.5	313	242	0
Emd	277.5	313	242	0
Ccdc149	277.5	340	215	0
Brd7	277.5	291	264	0
Svep1	277.0	369	185	0
Rprd2	277.0	302	252	0
Marchf7	277.0	554	0	0
Zcchc3	276.5	251	302	0
Usp25	276.5	339	214	0
Tradd	276.5	553	0	0
6820408C15Rik	276.5	251	302	0
Tap1	276.0	256	296	0
Psmb9	276.0	256	296	0
Bcl3	276.0	279	273	0
Naa40	275.5	277	274	0
Lonrf3	275.5	353	198	0
Hnrnpd	275.5	225	326	0
Bahcc1	275.5	277	274	0
Zfp36l2	275.0	356	194	0
Gna12	275.0	235	315	0
Cnksr3	275.0	339	211	0
6430548M08Rik	275.0	276	274	0
Rmi1	274.5	234	315	0
L3mbtl3	274.5	253	296	0
Hnrnpk	274.5	234	315	0
Gar1	274.5	283	266	0
Trim11	274.0	276	272	0
Pip4k2a	274.0	548	0	0
Ncbp2	274.0	251	297	0
Brpf3	274.0	353	195	0
0610012G03Rik	274.0	251	297	0
Trim14	273.5	198	349	0
Abhd6	273.5	247	300	0
Dusp22	273.0	341	205	0
Tgfbr1	272.5	268	277	0
Mkln1	272.5	273	272	0
Atl3	272.5	245	300	0
Vps13b	272.0	285	259	0
Tfrc	272.0	342	202	0
Hsdl1	272.0	266	278	0
Dnaaf1	272.0	266	278	0
Snx3	271.5	184	359	0
Ralgds	271.5	317	226	0
Kcng3	271.5	323	220	0
Gpr146	271.5	382	161	0
Ankrd28	271.5	331	212	0
Agfg1	271.5	396	147	0
Mlycd	270.5	340	201	0
Ldlrap1	270.5	250	291	0
Stox2	270.0	171	369	0
Sod2	270.0	321	219	0
Gnptab	270.0	396	144	0
Fbxo31	270.0	540	0	0
Coq2	269.5	299	240	0
Zfp384	269.0	371	167	0
Gm9949	269.0	153	385	0
Cyb5r1	269.0	231	307	0
Ahctf1	269.0	260	278	0
Adrb2	269.0	153	385	0
H2az1	268.5	305	232	0
Dnajb14	268.5	305	232	0
Helz	268.0	315	221	0
Cpeb3	268.0	376	160	0
Lrrc8d	267.5	258	277	0
Gsx1	267.5	223	312	0
Tcte3	267.0	259	275	0
Spsb1	267.0	291	243	0
Ltc4s	267.0	296	238	0
Fut11	267.0	149	385	0
Wipi2	266.5	252	281	0
Tgfb1	266.5	244	289	0
Reep5	266.5	316	217	0
Ptms	266.5	533	0	0
Kif13a	266.5	346	187	0
Fzd7	266.5	282	251	0
Zbtb14	266.0	277	255	0
Pknox1	266.0	235	297	0
Nfatc3	266.0	293	239	0
Cgas	266.0	280	252	0
Styx	265.5	283	248	0
Tmem60	265.0	351	179	0
Phtf2	265.0	351	179	0
Irf1	265.0	530	0	0
Eed	265.0	332	198	0
Pitpna	264.5	295	234	0
Pgm1	264.5	238	291	0
Prpf39	264.0	268	260	0
Fads1	264.0	272	256	0
Ccdc38	264.0	332	196	0
Arhgap20	264.0	208	320	0
Amdhd1	264.0	332	196	0
Vat1	263.5	226	301	0
Setd1b	263.5	405	122	0
Rnd2	263.5	226	301	0
Trmu	263.0	236	290	0
Ythdf3	262.5	320	205	0
Tlcd3a	262.5	318	207	0
Ermard	262.5	259	266	0
Endog	262.5	252	273	0
Cdk2ap1	262.5	525	0	0
Farp2	262.0	421	103	0
Ykt6	261.5	307	216	0
Gpam	261.5	523	0	0
H3f3a	261.0	351	171	0
Tmem97	260.5	253	268	0
Mnt	260.5	279	242	0
Lacc1	260.5	378	143	0
Khdc4	260.5	227	294	0
Hes1	260.5	325	196	0
Gpsm1	260.5	330	191	0
Gpr27	260.5	234	287	0
Ccdc122	260.5	378	143	0
Avl9	260.5	210	311	0
5031439G07Rik	260.5	316	205	0
Tbc1d5	260.0	345	175	0
Rpl19	260.0	248	272	0
Pabpc1	260.0	265	255	0
Cacnb1	260.0	248	272	0
Xylt1	259.5	398	121	0
Zc3hav1l	259.0	518	0	0
Pan3	259.0	291	227	0
Fem1c	259.0	307	211	0
Lpar3	258.0	189	327	0
B4galt5	258.0	395	121	0
Snx30	257.5	272	243	0
Gm13889	257.5	154	361	0
Xpc	257.0	301	213	0
Slc6a9	257.0	254	260	0
Lsm3	257.0	301	213	0
Fam104a	257.0	165	349	0
D11Wsu47e	257.0	165	349	0
Uxs1	256.5	271	242	0
Pde10a	256.5	270	243	0
Pafah1b1	256.5	361	152	0
Nrtn	256.5	291	222	0
Cdh22	256.5	275	238	0
Tbc1d30	256.0	209	303	0
Sumo2	256.0	229	283	0
Hook2	256.0	174	338	0
Cdan1	256.0	185	327	0
Btbd17	256.0	279	233	0
Yrdc	255.5	267	244	0
Srebf2	255.5	118	393	0
Adam22	255.5	229	282	0
1110065P20Rik	255.5	267	244	0
Yipf4	255.0	191	319	0
Usp12	255.0	224	286	0
Tram2	255.0	348	162	0
Lrrc42	255.0	310	200	0
Hspb11	255.0	310	200	0
H4c17	255.0	301	209	0
H4bc24	255.0	301	209	0
H2bc23	255.0	301	209	0
H2ac24	255.0	301	209	0
H2ac23	255.0	301	209	0
Ddx20	255.0	282	228	0
Wee1	254.5	338	171	0
Slc15a4	254.5	230	279	0
Zfp69	254.0	271	237	0
Eno1	253.5	261	246	0
Nin	253.0	231	275	0
Tox2	252.5	253	252	0
Rae1	252.5	288	217	0
Herc2	252.5	263	242	0
Fgd4	252.0	175	329	0
Ctps	252.0	237	267	0
Slc39a6	251.5	234	269	0
Parp2	251.5	255	248	0
Itpr3	251.5	222	281	0
Gm13279	251.5	254	249	0
Gm13278	251.5	254	249	0
Gm13275	251.5	254	249	0
G2e3	251.5	256	247	0
Elp2	251.5	234	269	0
Ctdp1	251.5	210	293	0
Cln6	251.5	322	181	0
Plekhg3	251.0	250	252	0
Pde3b	251.0	366	136	0
Zfp787	250.5	191	310	0
Xpo1	250.5	501	0	0
Syk	250.5	266	235	0
Rtn2	250.5	214	287	0
Ppm1n	250.5	214	287	0
Pdzd8	250.5	256	245	0
Pdgfb	250.5	181	320	0
Ctsz	250.0	282	218	0
Nop9	249.5	243	256	0
Lrmda	249.5	263	236	0
Hivep2	249.5	231	268	0
Edf1	249.5	188	311	0
Dhrs1	249.5	243	256	0
Nsd1	249.0	286	212	0
Agbl3	249.0	498	0	0
Pcdh7	248.5	244	253	0
Fbxo44	248.5	260	237	0
Fbxo2	248.5	260	237	0
Klrg2	248.0	275	221	0
Tacc1	247.5	295	200	0
Entpd5	247.5	495	0	0
Ctnnb1	247.5	257	238	0
Brd1	247.5	363	132	0
Bbof1	247.5	495	0	0
Phtf1	247.0	304	190	0
Jun	247.0	207	287	0
Fasn	247.0	271	223	0
Ube2d1	246.5	302	191	0
Rybp	246.5	343	150	0
Pitpnb	246.5	254	239	0
Mib1	246.5	259	234	0
Hmgb1	246.5	350	143	0
Cdv3	246.5	193	300	0
Abcg2	246.5	240	253	0
Mycbp2	246.0	306	186	0
Mark2	246.0	231	261	0
Ckap4	246.0	492	0	0
Bmp2	246.0	306	186	0
Rcan3	245.5	354	137	0
Memo1	245.5	241	250	0
Rpl15	245.0	239	251	0
Rnf2	245.0	292	198	0
Rab3ip	245.0	367	123	0
Nkiras1	245.0	239	251	0
Kcnn4	245.0	229	261	0
Fbxl3	245.0	298	192	0
Tsfm	244.5	236	253	0
Scrt1	244.5	285	204	0
Jag2	244.5	241	248	0
Igf1r	244.5	399	90	0
Arid1a	244.5	268	221	0
Sox12	244.0	173	315	0
Slc26a2	244.0	239	249	0
Kdm3a	244.0	219	269	0
Idh2	244.0	233	255	0
Ankrd52	244.0	294	194	0
Ube2g1	243.5	208	279	0
Zfx	243.0	330	156	0
Zfp251	243.0	215	271	0
Zfhx3	243.0	215	271	0
Tasp1	243.0	279	207	0
Slc4a7	243.0	268	218	0
Prdm1	243.0	226	260	0
Gtdc1	243.0	245	241	0
Orai1	242.5	284	201	0
Fbxl20	242.5	318	167	0
Rab31	242.0	217	267	0
Marcks	242.0	311	173	0
Zpbp2	241.5	248	235	0
Rprml	241.5	219	264	0
Mfsd5	241.5	235	248	0
Ikzf3	241.5	248	235	0
Gng10	241.5	237	246	0
Gm3435	241.5	208	275	0
Dmtn	241.5	184	299	0
Axin1	241.5	275	208	0
Map2k4	241.0	279	203	0
Dcakd	241.0	291	191	0
Vps29	240.5	175	306	0
Sms	240.5	251	230	0
Rad9b	240.5	175	306	0
Fbxo9	240.5	188	293	0
Dnaja1	240.5	231	250	0
Ddx11	240.5	301	180	0
Cilk1	240.5	188	293	0
C2cd5	240.5	254	227	0
Arf1	240.5	300	181	0
Xpnpep1	240.0	171	309	0
Smarcad1	240.0	230	250	0
Cds1	240.0	480	0	0
Zmym5	239.5	309	170	0
Sptbn4	239.5	295	184	0
Nrbf2	239.5	479	0	0
Kmt2d	239.5	273	206	0
Blvrb	239.5	295	184	0
Acvr2a	239.5	212	267	0
Uap1	239.0	209	269	0
Stk10	239.0	332	146	0
Selenov	239.0	367	111	0
Rsad1	239.0	275	203	0
Ppp1r15b	239.0	222	256	0
Ugcg	238.5	477	0	0
Rpn2	238.5	163	314	0
Mroh8	238.5	163	314	0
Basp1	238.5	202	275	0
Stk38	238.0	306	170	0
Dlg1	238.0	263	213	0
Cdc73	238.0	290	186	0
Cbr3	237.5	212	263	0
Ubald1	237.0	242	232	0
Smad5	237.0	273	201	0
Cers6	237.0	212	262	0
Ago2	237.0	216	258	0
Sgk1	236.5	248	225	0
Rest	236.5	285	188	0
Plec	236.0	323	149	0
Arhgap21	236.0	373	99	0
Tmppe	235.5	248	223	0
Setx	235.5	235	236	0
Ripk2	235.5	224	247	0
Gm13283	235.5	274	197	0
Wdr4	235.0	192	278	0
Prph	235.0	222	248	0
Gorasp2	235.0	231	239	0
Dtd2	235.0	279	191	0
0610010F05Rik	235.0	356	114	0
Zfp664	234.5	238	231	0
Plekha8	234.5	308	161	0
Fkbp14	234.5	308	161	0
Ccdc92	234.5	238	231	0
Atp5g2	234.0	164	304	0
Snx18	233.5	356	111	0
Phkb	233.5	153	314	0
Nck1	233.5	308	159	0
Nbn	233.5	215	252	0
Itfg1	233.5	153	314	0
B4galt6	233.5	269	198	0
Spata5l1	233.0	216	250	0
Slc25a40	233.0	301	165	0
Mfsd13b	233.0	229	237	0
Dbf4	233.0	301	165	0
Cdr2	233.0	229	237	0
Ropn1l	232.5	265	200	0
Nckap1	232.5	309	156	0
Misp3	232.5	286	179	0
Gm13286	232.5	274	191	0
Gm13271	232.5	274	191	0
Cep68	232.5	226	239	0
Ccne1	232.5	302	163	0
B4galnt1	232.5	219	246	0
Slc7a6	232.0	236	228	0
Celsr1	232.0	292	172	0
Hip1r	231.5	313	150	0
Gtf2b	231.5	241	222	0
Cntln	231.5	233	230	0
Taf11	231.0	209	253	0
Rpl7a	231.0	259	203	0
Med22	231.0	259	203	0
Maml3	231.0	275	187	0
Ints8	231.0	239	223	0
D830031N03Rik	231.0	239	223	0
Anks1	231.0	209	253	0
Ufl1	230.5	250	211	0
Pstk	230.5	211	250	0
Pole4	230.5	231	230	0
Itgb3	230.5	260	201	0
Bcl2	230.5	315	146	0
Thap7	229.5	155	304	0
Ss18l1	229.5	207	252	0
Psma7	229.5	207	252	0
Isca1	229.5	205	254	0
H1f2	229.5	231	228	0
Siva1	229.0	284	174	0
Hyls1	229.0	178	280	0
Atrn	229.0	274	184	0
Sec24a	228.5	233	224	0
Rasgef1b	228.5	205	252	0
Purb	228.5	224	233	0
Gng12	228.5	288	169	0
Bmp2k	228.5	457	0	0
Rpl22l1	228.0	188	268	0
Jade3	228.0	243	213	0
Cic	228.0	268	188	0
Chst11	228.0	279	177	0
B3glct	228.0	322	134	0
Tbl1xr1	227.5	191	264	0
Ppp1r14a	227.5	146	309	0
Ppargc1b	227.5	292	163	0
Pgam5	227.5	284	171	0
Nr4a1	227.5	136	319	0
H2bc4	227.5	260	195	0
H2ac6	227.5	260	195	0
Gpr160	227.5	194	261	0
Fos	227.5	250	205	0
Ankrd17	227.5	203	252	0
H2bc14	227.0	258	196	0
Arrb2	227.0	202	252	0
Trim27	226.5	178	275	0
Rnf180	226.5	286	167	0
Ptp4a1	226.5	262	191	0
Nsun6	226.5	181	272	0
Marchf5	226.5	350	103	0
Ifnz	226.5	246	207	0
Hbegf	226.5	214	239	0
Gpc1	226.5	283	170	0
Bicdl1	226.5	316	137	0
Bcl7b	226.5	273	180	0
Arl5b	226.5	181	272	0
Vcpkmt	226.0	199	253	0
Txn1	226.0	257	195	0
Tent2	226.0	231	221	0
Phactr2	226.0	288	164	0
Mafa	226.0	266	186	0
Lrrc1	226.0	288	164	0
Ccdc85c	226.0	210	242	0
Ankrd44	226.0	452	0	0
Slc25a51	225.5	221	230	0
Slc12a2	225.5	84	367	0
Igf2bp2	225.5	451	0	0
Zswim7	225.0	230	220	0
Ttc19	225.0	230	220	0
Rnf217	225.0	256	194	0
Prkch	225.0	234	216	0
Ppp4r3a	225.0	202	248	0
Peli1	225.0	450	0	0
Mettl6	225.0	202	248	0
Eaf1	225.0	202	248	0
Zfp1	224.5	269	180	0
Snx8	224.5	165	284	0
Slc49a4	224.5	219	230	0
Mfsd6	224.5	290	159	0
Mat2a	224.5	233	216	0
Cltb	224.5	243	206	0
Zcrb1	224.0	185	263	0
Xpa	224.0	262	186	0
Trp53rkb	224.0	214	234	0
Pphln1	224.0	185	263	0
Pou2f1	224.0	251	197	0
Adap1	224.0	238	210	0
Tut4	223.5	299	148	0
Dgkg	223.5	184	263	0
Brap	223.5	319	128	0
Acad10	223.5	319	128	0
Zyg11a	223.0	203	243	0
Ripor1	223.0	288	158	0
Rheb	222.5	196	249	0
Ipo5	222.5	254	191	0
Gm13276	222.5	246	199	0
Galnt1	222.5	445	0	0
B230219D22Rik	222.5	266	179	0
Cdca7l	222.0	210	234	0
Ssbp2	221.5	185	258	0
Satb1	221.5	443	0	0
Ndst2	221.5	243	200	0
Mtap	221.5	185	258	0
Mcoln2	221.5	274	169	0
Sema3c	221.0	357	85	0
Rnf24	221.0	239	203	0
Parp16	221.0	202	240	0
Papss1	221.0	272	170	0
Tmem106c	220.5	262	179	0
Rplp0	220.5	136	305	0
Cep63	220.5	206	235	0
Anapc13	220.5	206	235	0
Afg3l2	220.5	201	240	0
Usp42	220.0	252	188	0
Napepld	220.0	204	236	0
Luzp1	220.0	279	161	0
Lsm11	220.0	150	290	0
Kdelr2	220.0	165	275	0
Eif4h	220.0	180	260	0
Pxylp1	219.0	313	125	0
Hmgn2	219.0	283	155	0
Gm13277	219.0	254	184	0
Glcci1	219.0	438	0	0
Fam102a	219.0	251	187	0
Nol4l	218.5	249	188	0
Zfp623	218.0	262	174	0
Tmpo	218.0	191	245	0
Spry2	218.0	285	151	0
Man1a2	217.5	246	189	0
St3gal4	217.0	284	150	0
Snx24	217.0	434	0	0
Ebpl	217.0	237	197	0
Dusp10	217.0	229	205	0
Cers5	217.0	271	163	0
1700056E22Rik	217.0	229	205	0
Zfp777	216.5	237	196	0
Zfp644	216.5	145	288	0
H2bc12	216.5	186	247	0
H2ac12	216.5	186	247	0
Fgf18	216.5	214	219	0
Dhcr24	216.5	299	134	0
BC048403	216.5	348	85	0
Zfp398	216.0	199	233	0
Vamp3	216.0	168	264	0
Ttll11	216.0	237	195	0
Syde2	215.5	431	0	0
Slc22a5	215.5	320	111	0
Rragd	215.5	198	233	0
Pgam1	215.5	291	140	0
Habp4	215.5	205	226	0
Fam174a	215.5	214	217	0
Ccdc142	215.5	216	215	0
Zbtb41	215.0	334	96	0
Sspn	215.0	199	231	0
Elf4	215.0	198	232	0
Atp11c	215.0	276	154	0
Tsga10	214.5	173	256	0
Trap1	214.5	208	221	0
Sppl2a	214.5	203	226	0
Matr3	214.5	170	259	0
Hs6st1	214.5	298	131	0
Gspt1	214.5	225	204	0
Crls1	214.5	253	176	0
Cebpa	214.5	165	264	0
Acot6	214.5	193	236	0
Wnk1	214.0	236	192	0
Nrip1	214.0	428	0	0
Flvcr1	214.0	188	240	0
Zfp703	213.0	287	139	0
Hnrnpa3	213.0	192	234	0
Tyro3	212.5	265	160	0
Trim17	212.5	109	316	0
Selenot	212.5	276	149	0
Riox2	212.5	221	204	0
Pla2g6	212.5	225	200	0
H3f4	212.5	109	316	0
Ece1	212.5	215	210	0
Alas1	212.5	219	206	0
Ube2e3	212.0	156	268	0
Kdm6b	212.0	252	172	0
Irs2	212.0	162	262	0
Foxo1	212.0	288	136	0
Dusp7	211.5	314	109	0
Errfi1	211.0	248	174	0
Zhx2	210.5	421	0	0
Wrnip1	210.5	205	216	0
Olig1	210.5	200	221	0
H3c4	210.5	216	205	0
H2bc8	210.5	216	205	0
H2bc7	210.5	216	205	0
H2ac8	210.5	216	205	0
H2ac7	210.5	216	205	0
Aff1	210.5	248	173	0
Adrb1	210.5	261	160	0
Rbm6	210.0	172	248	0
Lactb	210.0	285	135	0
H4c18	210.0	269	151	0
Tmcc1	209.5	229	190	0
Gas2	209.5	419	0	0
Fancf	209.5	419	0	0
Crk	209.5	227	192	0
Baiap2	209.5	263	156	0
Tmed10	209.0	138	280	0
Terf2	209.0	315	103	0
Rab11fip2	209.0	190	228	0
Ezh2	209.0	209	209	0
Zdhhc21	208.5	251	166	0
Kpna4	208.5	213	204	0
H3c11	208.5	273	144	0
H2bc22	208.5	273	144	0
H2ac22	208.5	273	144	0
Fibp	208.5	252	165	0
Cnot11	208.5	231	186	0
Ccdc85b	208.5	252	165	0
B3gntl1	208.5	323	94	0
Sod1	208.0	238	178	0
Relt	208.0	191	225	0
Mthfd2	208.0	219	197	0
Kat6a	208.0	181	235	0
Cntrl	208.0	202	214	0
Aacs	208.0	240	176	0
Tmbim1	207.5	212	203	0
Rnmt	207.5	236	179	0
Pank2	207.5	228	187	0
Lfng	207.5	179	236	0
Kmt5a	207.5	219	196	0
Hk2	207.5	224	191	0
Fam210a	207.5	236	179	0
Clk3	207.5	165	250	0
Acot3	207.5	243	172	0
Oser1	207.0	164	250	0
Mthfd2l	207.0	227	187	0
Lmo2	206.5	211	202	0
Ccnj	206.5	271	142	0
Rbm38	206.0	140	272	0
Prkar1a	206.0	160	252	0
Prelid3a	206.0	245	167	0
Endod1	206.0	207	205	0
Smg7	205.5	204	207	0
Slc22a4	205.5	183	228	0
Rnf11	205.5	263	148	0
Npepl1	205.5	411	0	0
Mcoln1	205.5	231	180	0
Man1c1	205.5	177	234	0
Hdgf	205.5	225	186	0
Rgs10	205.0	199	211	0
Edaradd	205.0	224	186	0
Brd3	205.0	185	225	0
Rnf145	204.5	278	131	0
Pik3r1	204.5	250	159	0
Ntf5	204.5	129	280	0
Nap1l1	204.5	204	205	0
Tnks2	204.0	225	183	0
Slc26a8	204.0	212	196	0
Rnf14	204.0	193	215	0
Rhob	204.0	247	161	0
Mapk14	204.0	212	196	0
Lrrc8c	204.0	220	188	0
Kras	204.0	408	0	0
Hnrnpa2b1	204.0	214	194	0
Dgkd	204.0	408	0	0
Cbx3	204.0	214	194	0
Lonp2	203.5	175	232	0
Chchd6	203.5	181	226	0
Wdr36	203.0	227	179	0
Rgs7bp	203.0	267	139	0
Mtrr	203.0	187	219	0
Fastkd3	203.0	187	219	0
Cd9	203.0	298	108	0
Card19	203.0	241	165	0
Syne2	202.5	169	236	0
Kctd7	202.5	234	171	0
Gamt	202.5	179	226	0
Dazap1	202.5	179	226	0
Ampd3	202.5	332	73	0
Agap1	202.5	405	0	0
Zfp346	202.0	404	0	0
P3h4	202.0	170	234	0
Ndrg4	202.0	284	120	0
Fkbp10	202.0	170	234	0
Ell2	202.0	404	0	0
Tmx1	201.5	221	182	0
Spg20	201.5	243	160	0
Ppip5k2	201.5	180	223	0
Gin1	201.5	180	223	0
Dhx33	201.5	218	185	0
Ctbp1	201.5	403	0	0
Arhgap31	201.5	168	235	0
Zfp667	201.0	196	206	0
Hcn3	201.0	248	154	0
Gm45927	201.0	248	154	0
Ddx3x	201.0	149	253	0
Clk2	201.0	248	154	0
Yipf2	200.5	242	159	0
Timm29	200.5	242	159	0
Shox2	200.5	401	0	0
Rsrc1	200.5	401	0	0
Foxf1	200.5	220	181	0
Cep78	200.5	189	212	0
Bcl11a	200.5	232	169	0
Slc25a37	200.0	230	170	0
Ptma	200.0	129	271	0
Park7	200.0	219	181	0
Map3k9	200.0	236	164	0
Acot4	200.0	249	151	0
Sdhaf1	199.5	201	198	0
Hsp90ab1	199.5	123	276	0
Ano6	199.5	202	197	0
Abcb10	199.5	399	0	0
Patz1	199.0	229	169	0
Eif2ak3	199.0	215	183	0
Zfp746	198.5	397	0	0
Pgbd5	198.5	260	137	0
Zfp382	198.0	210	186	0
Slc41a3	198.0	158	238	0
Nae1	198.0	148	248	0
Ehmt1	198.0	183	213	0
Car7	198.0	148	248	0
Vopp1	197.5	189	206	0
Plcg2	197.5	198	197	0
Hspa4l	197.5	264	131	0
Vegfa	197.0	249	145	0
Dusp16	197.0	159	235	0
Adgrl1	197.0	160	234	0
Mcm9	196.5	155	238	0
Ercc6	196.5	159	234	0
Cdk5r1	196.5	292	101	0
Actg1	196.5	234	159	0
Usp33	196.0	251	141	0
Skp1	196.0	216	176	0
Sft2d2	196.0	229	163	0
Drd1	196.0	392	0	0
Dhodh	196.0	179	213	0
Crybg3	196.0	392	0	0
Cers2	196.0	145	247	0
Anxa9	196.0	145	247	0
Wnt1	195.5	160	231	0
Larp4b	195.5	180	211	0
Gm9222	195.5	229	162	0
Ccnt2	195.5	187	204	0
Top1	195.0	169	221	0
Rmnd5a	194.5	197	192	0
Pet117	194.5	168	221	0
Mthfs	194.5	254	135	0
Kat14	194.5	168	221	0
Shisa2	194.0	233	155	0
Gns	194.0	184	204	0
Bicd1	193.5	179	208	0
Ankrd50	193.5	144	243	0
Ube2i	193.0	146	240	0
Lamtor5	193.0	176	210	0
Ep400	193.0	181	205	0
Cul5	193.0	171	215	0
Adam10	193.0	190	196	0
Sowahc	192.5	160	225	0
Septin10	192.5	160	225	0
Fnip2	192.5	252	133	0
Cdt1	192.5	218	167	0
Zfp28	192.0	176	208	0
Rfxap	192.0	205	179	0
Gmpr	192.0	248	136	0
Gas7	192.0	171	213	0
Ccdc166	192.0	201	183	0
Add1	192.0	298	86	0
Zfat	191.5	160	223	0
Nfx1	191.5	218	165	0
Nab1	191.5	383	0	0
Inf2	191.5	216	167	0
Hic1	191.5	223	160	0
Grrp1	191.5	186	197	0
Gm527	191.5	383	0	0
Gm30191	191.5	186	197	0
Fzd9	191.5	231	152	0
Dusp14	191.5	313	70	0
Vamp4	191.0	124	258	0
Plaat5	191.0	139	243	0
Mms22l	191.0	129	253	0
Hnrnpa0	191.0	152	230	0
Eif2b3	191.0	201	181	0
Clcn3	191.0	164	218	0
Champ1	191.0	169	213	0
Tysnd1	190.5	246	135	0
Tmed2	190.5	129	252	0
Lrrfip1	190.5	199	182	0
Ccdc107	190.5	187	194	0
Snrpa1	190.0	229	151	0
Ptbp1	190.0	133	247	0
Acot5	190.0	168	212	0
Snx21	189.5	165	214	0
Mrps15	189.5	207	172	0
Ltbp4	189.5	183	196	0
Wac	189.0	152	226	0
Ubfd1	189.0	116	262	0
Fem1a	189.0	269	109	0
Ears2	189.0	116	262	0
Arhgef37	189.0	168	210	0
Zbtb7c	188.5	377	0	0
Zadh2	188.5	204	173	0
Wapl	188.5	207	170	0
Vsig10	188.5	172	205	0
Ttc39b	188.5	267	110	0
Tshz1	188.5	204	173	0
Hpcal1	188.5	209	168	0
Hopx	188.5	178	199	0
Strbp	188.0	267	109	0
Nup210	188.0	163	213	0
Cks2	188.0	160	216	0
Acadl	188.0	376	0	0
Sc5d	187.5	147	228	0
Rbpms	187.5	270	105	0
Usp9x	187.0	210	164	0
Ranbp2	187.0	139	235	0
Nr2f1	187.0	374	0	0
Frat1	187.0	209	165	0
Ktn1	186.5	146	227	0
Wdr89	186.0	151	221	0
Smim4	186.0	372	0	0
Plekha3	186.0	372	0	0
Orai2	186.0	220	152	0
Nt5dc2	186.0	372	0	0
Mdm2	186.0	154	218	0
Fkbp7	186.0	372	0	0
Coq8a	186.0	226	146	0
Plcb1	185.5	131	240	0
Hey2	185.5	194	177	0
Gfod1	185.5	235	136	0
Acer2	185.5	119	252	0
Slc39a10	185.0	191	179	0
Scarb2	185.0	164	206	0
Rhod	185.0	234	136	0
Ppp1r2	185.0	162	208	0
Csf1	185.0	218	152	0
Tfg	184.5	178	191	0
Prss16	184.5	157	212	0
Mblac1	184.5	166	203	0
Dlx1	184.5	158	211	0
Cemip2	184.5	193	176	0
Ywhab	184.0	237	131	0
Uba6	184.0	224	144	0
Tnpo1	184.0	182	186	0
Tnfaip8	184.0	194	174	0
Kat2b	184.0	219	149	0
Trmt10a	183.5	112	255	0
Slc35e1	183.5	367	0	0
Rnaseh1	183.5	165	202	0
Parn	183.5	174	193	0
Oxr1	183.5	367	0	0
Mttp	183.5	112	255	0
Map3k4	183.5	195	172	0
Galnt10	183.5	166	201	0
Calm2	183.5	195	172	0
Bfar	183.5	174	193	0
Vps8	183.0	157	209	0
Vps37b	183.0	263	103	0
Mga	183.0	139	227	0
Ikzf2	183.0	366	0	0
Gnb1	183.0	249	117	0
Fbxo7	183.0	216	150	0
Zmynd19	182.5	201	164	0
Srgap2	182.5	166	199	0
Nbeal2	182.5	146	219	0
Fam72a	182.5	166	199	0
Eefsec	182.5	158	207	0
Dop1b	182.5	218	147	0
Ccdc12	182.5	146	219	0
Bcor	182.5	182	183	0
Tmem43	182.0	264	100	0
Slc19a2	182.0	215	149	0
Hdac2	182.0	250	114	0
Entpd6	182.0	250	114	0
Dhrs3	182.0	141	223	0
Chchd4	182.0	264	100	0
Ccdc6	182.0	219	145	0
Tmcc3	181.5	261	102	0
Tfeb	181.5	216	147	0
Impa2	181.5	200	163	0
Akap11	181.5	363	0	0
Actn4	181.5	253	110	0
Il17d	181.0	362	0	0
H4c9	181.0	178	184	0
H4c8	181.0	155	207	0
H3c8	181.0	155	207	0
H2bc11	181.0	178	184	0
H2ac11	181.0	178	184	0
H2ac10	181.0	155	207	0
Nr1d1	180.0	179	181	0
Nek7	180.0	158	202	0
Fbxl5	180.0	197	163	0
Usp16	179.5	175	184	0
Prickle1	179.5	169	190	0
Insm1	179.5	359	0	0
Dennd4c	179.5	182	177	0
Cmpk1	179.5	174	185	0
Ypel1	179.0	185	173	0
Rock1	179.0	203	155	0
Rhou	179.0	190	168	0
Rfk	179.0	165	193	0
Prtg	179.0	221	137	0
Cd63	179.0	175	183	0
Ascl2	179.0	159	199	0
Abcd3	179.0	139	219	0
Plxnb2	178.5	183	174	0
Zswim5	178.0	356	0	0
Tmem74b	178.0	199	157	0
Tlk1	178.0	356	0	0
Pwwp2b	178.0	356	0	0
H3c13	178.0	221	135	0
H2bc18	178.0	221	135	0
E2f6	178.0	184	172	0
Ahi1	178.0	166	190	0
Vgll4	177.5	149	206	0
Smc4	177.5	220	135	0
Rnf165	177.5	191	164	0
Prdx3	177.5	224	131	0
Ift80	177.5	220	135	0
Enpp1	177.5	155	200	0
Rab14	177.0	145	209	0
Pkmyt1	176.5	173	180	0
Med26	176.5	148	205	0
Lpin2	176.5	353	0	0
Exosc6	176.5	158	195	0
Derl1	176.5	153	200	0
H4c12	176.0	184	168	0
H2bc15	176.0	184	168	0
H2ac15	176.0	184	168	0
Cyp1b1	176.0	191	161	0
Tnfsf13	175.5	157	194	0
Tmem243	175.5	96	255	0
Senp3	175.5	157	194	0
Nat8l	175.5	177	174	0
Bambi	175.5	149	202	0
Arl4a	175.5	238	113	0
Zbtb9	175.0	223	127	0
Taok1	175.0	191	159	0
Prmt3	175.0	149	201	0
Dnajb2	175.0	141	209	0
A630095N17Rik	175.0	141	209	0
Otulin	174.5	216	133	0
Mrpl40	174.5	164	185	0
Mpp6	174.5	349	0	0
Mllt11	174.5	181	168	0
Hira	174.5	164	185	0
Dnajc3	174.5	222	127	0
Cotl1	174.5	168	181	0
Cdkn1b	174.5	178	171	0
Cdc42se1	174.5	181	168	0
Adnp	174.5	160	189	0
Trappc8	174.0	182	166	0
Slc25a15	174.0	348	0	0
Ppp1r12a	174.0	218	130	0
Pdgfc	174.0	184	164	0
Vps37a	173.5	138	209	0
Dsp	173.5	224	123	0
Cnot7	173.5	138	209	0
Ly6g6f	173.0	213	133	0
Lrp1	173.0	173	173	0
Igf2r	173.0	216	130	0
Abhd16a	173.0	213	133	0
D5Ertd579e	172.5	345	0	0
Creb1	172.5	235	110	0
Rragc	172.0	217	127	0
Phax	172.0	141	203	0
Per3	172.0	241	103	0
Maneal	172.0	344	0	0
Lsm2	172.0	197	147	0
Fam83d	172.0	231	113	0
Aldh7a1	172.0	141	203	0
Vrk2	171.5	160	183	0
Urod	171.5	188	155	0
Tmem201	171.5	150	193	0
Rasa2	171.5	230	113	0
Rab33b	171.5	194	149	0
Hectd3	171.5	188	155	0
Efr3a	171.5	144	199	0
Stxbp1	171.0	342	0	0
Dnajc10	171.0	201	141	0
Ankrd6	171.0	342	0	0
Tmem117	170.5	341	0	0
Siah1a	170.5	341	0	0
Rapgef1	170.5	341	0	0
Dram1	170.0	121	219	0
Tcf12	169.5	162	177	0
Kdm2b	169.5	339	0	0
H2bc6	169.5	175	164	0
H1f4	169.5	175	164	0
Fam20b	169.5	198	141	0
Timp2	169.0	200	138	0
Stard3nl	169.0	169	169	0
Sap18b	169.0	164	174	0
Sap18	169.0	164	174	0
Isoc1	169.0	256	82	0
Atg5	169.0	179	159	0
Zfp800	168.5	337	0	0
Ten1	168.5	201	136	0
Srxn1	168.5	137	200	0
Man2a2	168.5	202	135	0
H4f16	168.5	147	190	0
H2aj	168.5	147	190	0
Cyren	168.5	149	188	0
Ccdc9	168.5	181	156	0
Btbd6	168.5	201	136	0
Acox1	168.5	201	136	0
Zfp704	168.0	336	0	0
Zc3h6	168.0	182	154	0
Psat1	168.0	201	135	0
Nadk	168.0	193	143	0
Mink1	168.0	220	116	0
Icam5	168.0	142	194	0
Icam4	168.0	142	194	0
Tanc1	167.5	208	127	0
Sgf29	167.5	162	173	0
Klhl15	167.5	160	175	0
Gch1	167.5	159	176	0
Serinc1	167.0	135	199	0
Phlpp1	167.0	187	147	0
Mesp2	167.0	334	0	0
Kdelr3	167.0	232	102	0
Plk2	166.5	148	185	0
Fbxl14	166.5	190	143	0
Nptn	166.0	195	137	0
Lemd3	166.0	332	0	0
Filip1l	166.0	332	0	0
Disc1	166.0	189	143	0
Amotl2	166.0	169	163	0
3110040N11Rik	166.0	111	221	0
Trp53i11	165.5	187	144	0
Tmem191c	165.5	200	131	0
Tmem175	165.5	168	163	0
Gak	165.5	168	163	0
Depdc7	165.5	331	0	0
Baz1b	165.5	123	208	0
Qrfprl	165.0	211	119	0
Ppp6r1	165.0	170	160	0
Fdx1	165.0	162	168	0
Homer1	164.5	147	182	0
Fzd2	164.5	181	148	0
Rnf138	164.0	196	132	0
Pih1d2	164.0	144	184	0
Nkapd1	164.0	144	184	0
Ercc4	164.0	187	141	0
Alg1	164.0	132	196	0
Nap1l4	163.5	225	102	0
Upp2	163.0	326	0	0
Nkain1	163.0	326	0	0
H3c3	163.0	187	139	0
Exosc8	163.0	136	190	0
Colgalt2	163.0	108	218	0
Cnnm1	163.0	326	0	0
Btbd3	163.0	183	143	0
Alg5	163.0	136	190	0
Acvr1	163.0	326	0	0
Srf	162.5	325	0	0
Rbks	162.5	139	186	0
Npc1	162.5	152	173	0
Gsk3b	162.5	131	194	0
Babam2	162.5	139	186	0
Trp53inp1	162.0	238	86	0
Sri	162.0	165	159	0
Rcor2	162.0	324	0	0
Ppm1g	162.0	117	207	0
Mt1	162.0	182	142	0
Kctd20	162.0	179	145	0
Drosha	162.0	182	142	0
Cracdl	162.0	324	0	0
Atxn7	162.0	324	0	0
6030458C11Rik	162.0	182	142	0
Usp31	161.5	175	148	0
Trappc6a	161.5	191	132	0
Ptar1	161.5	200	123	0
Bloc1s3	161.5	191	132	0
Xpo6	161.0	172	150	0
Trmt11	161.0	171	151	0
Sertad1	161.0	125	197	0
Nudt16	161.0	167	155	0
Fam43a	161.0	171	151	0
Dixdc1	161.0	126	196	0
Cry2	161.0	144	178	0
Zfp516	160.5	175	146	0
Utp18	160.5	154	167	0
Mbtd1	160.5	154	167	0
Lactb2	160.5	142	179	0
Kcnh4	160.5	88	233	0
Hcrt	160.5	88	233	0
Cpt1a	160.5	204	117	0
Acot1	160.5	174	147	0
Abcb4	160.5	321	0	0
Zfp653	160.0	179	141	0
Vkorc1l1	160.0	187	133	0
Tpd52	160.0	320	0	0
Pmepa1	160.0	195	125	0
Large1	160.0	65	255	0
Arhgef19	160.0	103	217	0
Zbtb8a	159.5	319	0	0
Slc25a29	159.5	205	114	0
Ttc7	159.0	198	120	0
Snrnp35	159.0	185	133	0
Rilpl2	159.0	185	133	0
Foxk2	159.0	318	0	0
Plekhh3	158.5	168	149	0
Pdss1	158.5	140	177	0
Nars2	158.5	181	136	0
Gls2	158.5	91	226	0
Fh1	158.5	189	128	0
Cntnap1	158.5	168	149	0
Cfl2	158.5	317	0	0
Ccr10	158.5	168	149	0
Bahd1	158.5	317	0	0
Arid2	158.5	197	120	0
Slc35g1	158.0	316	0	0
Osbpl10	158.0	152	164	0
Itpkc	158.0	74	242	0
Fbxl17	158.0	316	0	0
Coq8b	158.0	74	242	0
Repin1	157.5	204	111	0
Osbpl8	157.5	206	109	0
Gm5111	157.5	204	111	0
Cmpk2	157.5	143	172	0
Caprin1	157.5	200	115	0
Nrep	157.0	227	87	0
N4bp2l1	157.0	314	0	0
Mdfic	157.0	145	169	0
Fer	157.0	145	169	0
Acsl4	157.0	181	133	0
Rora	156.5	145	168	0
Gins1	156.5	192	121	0
Ctcf	156.0	312	0	0
Boll	156.0	168	144	0
Abhd18	156.0	179	133	0
Zfp839	155.5	311	0	0
Rbm15b	155.5	190	121	0
Pofut1	155.5	128	183	0
Plagl2	155.5	128	183	0
Mob1b	155.5	215	96	0
Manf	155.5	190	121	0
Lrig2	155.5	102	209	0
Guf1	155.5	129	182	0
Cipc	155.5	113	198	0
Zfp462	155.0	0	310	0
Mettl9	155.0	147	163	0
Ddx17	155.0	176	134	0
Cdc42	155.0	198	112	0
Wdtc1	154.5	135	174	0
Txndc16	154.5	186	123	0
Ssb	154.5	142	167	0
Psma6	154.5	132	177	0
Itga1	154.5	101	208	0
Gpr137c	154.5	186	123	0
Tbkbp1	154.0	157	151	0
Rala	154.0	308	0	0
Lrrk2	154.0	163	145	0
Kcnh1	154.0	185	123	0
Zfp62	153.5	139	168	0
Mmgt2	153.5	307	0	0
Lrrc75a	153.5	307	0	0
Adgrg6	153.5	157	150	0
Vps39	153.0	141	165	0
Tom1l2	153.0	148	158	0
Rcor1	153.0	118	188	0
Drc3	153.0	148	158	0
Cnot8	153.0	151	155	0
Metap1d	152.5	169	136	0
Krit1	152.5	143	162	0
Ankib1	152.5	143	162	0
Selenow	152.0	161	143	0
Rwdd1	152.0	134	170	0
Rap2a	152.0	304	0	0
Hacd1	152.0	155	149	0
Fmnl2	152.0	217	87	0
Wdr12	151.5	168	135	0
Rin3	151.5	303	0	0
Klhdc2	151.5	303	0	0
Fxr2	151.5	155	148	0
Fam171a1	151.5	303	0	0
Carf	151.5	168	135	0
Rcc2	151.0	302	0	0
Ywhag	150.5	301	0	0
Slc1a2	150.0	149	151	0
Itga6	150.0	147	153	0
Spcs3	149.5	136	163	0
Sp1	149.5	127	172	0
Sh3bp5	149.5	157	142	0
Itpkb	149.5	299	0	0
Ccdc88c	149.0	192	106	0
Ap3b1	149.0	162	136	0
Pgm2l1	148.5	178	119	0
Foxj2	148.5	297	0	0
Rabgef1	148.0	110	186	0
Maz	148.0	135	161	0
Crybg1	148.0	155	141	0
Npm1	147.5	144	151	0
Ncl	147.5	196	99	0
Lig3	147.5	295	0	0
Klf14	147.5	295	0	0
Eif4b	147.5	186	109	0
Usp40	147.0	150	144	0
Hmgcr	147.0	159	135	0
Cyp2u1	147.0	147	147	0
Znrf3	146.5	160	133	0
Zdhhc9	146.5	149	144	0
Scamp4	146.5	162	131	0
Pcm1	146.5	140	153	0
Hcfc2	146.5	193	100	0
Adat3	146.5	162	131	0
Swap70	146.0	151	141	0
Rbsn	146.0	145	147	0
Mpp7	146.0	88	204	0
Hscb	146.0	126	166	0
H3c6	146.0	133	159	0
Chek2	146.0	126	166	0
Uhmk1	145.0	290	0	0
Leprotl1	145.0	290	0	0
4931428F04Rik	145.0	143	147	0
Trim24	144.5	125	164	0
Rtn3	144.5	165	124	0
Pif1	144.5	171	118	0
Eri3	144.5	180	109	0
Ubn2	144.0	159	129	0
Tmsb10	144.0	134	154	0
Msra	144.0	166	122	0
Gsc2	144.0	134	154	0
Ess2	144.0	134	154	0
E130308A19Rik	144.0	178	110	0
Ccser1	144.0	288	0	0
Kdm3b	143.5	181	106	0
Tmem249	143.0	155	131	0
Slc52a2	143.0	155	131	0
N4bp1	143.0	286	0	0
Jund	143.0	110	176	0
Iqcn	143.0	110	176	0
Fbxl6	143.0	155	131	0
Pom121	142.5	140	145	0
Fth1	142.5	142	143	0
Rmi2	142.0	284	0	0
Pcmt1	142.0	198	86	0
Nup43	142.0	198	86	0
Nrp1	142.0	174	110	0
Fgf13	142.0	170	114	0
Pgls	141.5	180	103	0
Ing1	141.5	283	0	0
Ulk3	141.0	134	148	0
Ppm1l	141.0	108	174	0
Hps6	141.0	125	157	0
Epb41l1	141.0	153	129	0
Zdhhc14	140.5	173	108	0
Steap3	140.5	182	99	0
Letmd1	140.5	281	0	0
Ctdspl	140.5	281	0	0
Vars	140.0	132	148	0
Rnf125	140.0	149	131	0
D17H6S56E-5	140.0	132	148	0
9230019H11Rik	140.0	157	123	0
Usf2	139.5	135	144	0
Slc24a3	139.5	160	119	0
Frg2f1	139.5	116	163	0
Foxj3	139.5	116	163	0
Dennd1b	139.5	279	0	0
Rpsa	139.0	154	124	0
Cyp20a1	139.0	140	138	0
Znrf4	138.5	165	112	0
Rab15	138.5	277	0	0
Klhdc1	138.5	154	123	0
Dennd5b	138.5	163	114	0
Pdzrn3	138.0	276	0	0
Parp8	138.0	276	0	0
Ercc6l2	138.0	136	140	0
Ccser2	138.0	124	152	0
C1d	138.0	82	194	0
Zxdc	137.5	112	163	0
Slc30a5	137.5	128	147	0
Pptc7	137.5	121	154	0
P2ry6	137.5	183	92	0
Jag1	137.5	152	123	0
Atxn2	137.5	275	0	0
Tspan17	137.0	155	119	0
Naa60	137.0	141	133	0
Hjurp	137.0	119	155	0
Dpf1	137.0	91	183	0
Dip2c	137.0	135	139	0
A730008H23Rik	137.0	119	155	0
Mrs2	136.5	273	0	0
Mfn1	136.5	125	148	0
Isg15	136.5	273	0	0
Hnrnpab	136.5	129	144	0
Cebpg	136.5	120	153	0
Agrn	136.5	273	0	0
Tcta	136.0	272	0	0
Scamp1	136.0	182	90	0
Rhoa	136.0	272	0	0
Prag1	136.0	272	0	0
Hprt	136.0	149	123	0
Gdf7	136.0	124	148	0
Gas2l2	136.0	158	114	0
Ap1s2	136.0	139	133	0
Ttc28	135.5	271	0	0
Pum1	135.0	270	0	0
Mapkapk5	134.5	161	108	0
Ttc14	134.0	135	133	0
Tcf24	134.0	268	0	0
Fam13b	134.0	152	116	0
Arhgap27	134.0	93	175	0
Jak1	133.5	105	162	0
Id3	133.5	162	105	0
Cul9	133.5	108	159	0
Cdc25a	133.5	175	92	0
Srrd	133.0	0	266	0
Rab39	133.0	163	103	0
Pitpnm1	133.0	143	123	0
Hps4	133.0	0	266	0
Cdk2ap2	133.0	143	123	0
Cbarp	133.0	145	121	0
Avpi1	133.0	266	0	0
Atp5d	133.0	145	121	0
Wasl	132.5	160	105	0
Srsf4	132.5	143	122	0
Far1	132.5	128	137	0
Dusp8	132.5	96	169	0
Arhgef2	132.5	152	113	0
Sowaha	132.0	92	172	0
Rapgef6	132.0	125	139	0
Pnrc2	132.0	169	95	0
Id2	132.0	264	0	0
Ythdc2	131.5	133	130	0
Sos2	131.5	263	0	0
Slc12a6	131.5	263	0	0
Plaa	131.5	115	148	0
Nop10	131.5	263	0	0
Neo1	131.5	263	0	0
Gpd2	131.5	159	104	0
Fmr1	131.5	263	0	0
Usp48	131.0	262	0	0
Spata5	131.0	143	119	0
Rp9	131.0	123	139	0
Nudt6	131.0	143	119	0
Ncoa5	131.0	143	119	0
Minpp1	131.0	262	0	0
Dusp9	131.0	129	133	0
Slc9a2	130.5	129	132	0
Cblb	130.5	148	113	0
Zfp568	130.0	120	140	0
Strn	130.0	119	141	0
Rab5if	130.0	107	153	0
Gda	129.5	105	154	0
Clec2l	129.5	259	0	0
Serpinb6a	129.0	112	146	0
Ripk1	129.0	112	146	0
Foxp4	129.0	106	152	0
Foxd1	129.0	258	0	0
Dipk1a	129.0	258	0	0
Cyb561	129.0	258	0	0
Usp6nl	128.5	257	0	0
Rrbp1	128.5	123	134	0
Heatr3	128.5	129	128	0
Tmod3	128.0	158	98	0
Terf1	128.0	123	133	0
Irf7	128.0	256	0	0
Spdya	127.5	162	93	0
Sp9	127.5	115	140	0
Rnd3	127.5	136	119	0
Zfp423	127.0	110	144	0
Tymp	127.0	121	133	0
Sfxn2	127.0	99	155	0
Sco2	127.0	121	133	0
Rps6ka2	127.0	254	0	0
Hccs	127.0	110	144	0
Gm27021	127.0	141	113	0
Gm15246	127.0	110	144	0
Emc8	127.0	141	113	0
Cox4i1	127.0	141	113	0
Arl3	127.0	99	155	0
Rps27l	126.5	105	148	0
Myh9	126.5	117	136	0
Klhl23	126.5	253	0	0
Ak4	126.5	253	0	0
Wrn	126.0	101	151	0
Sumf1	126.0	116	136	0
Purg	126.0	101	151	0
Nrl	126.0	129	123	0
Kit	126.0	138	114	0
Hectd2	126.0	252	0	0
Dvl3	126.0	138	114	0
Yes1	125.5	168	83	0
Ostm1	125.0	107	143	0
Klhl2	125.0	250	0	0
Kif1c	125.0	129	121	0
Inca1	125.0	129	121	0
Gng4	125.0	129	121	0
Elmod2	125.0	110	140	0
Socs6	124.5	249	0	0
Pias2	124.5	249	0	0
Pag1	124.5	122	127	0
H4c11	124.5	119	130	0
Pten	124.0	80	168	0
Auh	124.0	115	133	0
Schip1	123.5	247	0	0
Mier3	123.5	247	0	0
Fam20a	123.5	93	154	0
Ypel2	123.0	141	105	0
Kif26b	123.0	246	0	0
Dpp9	123.0	246	0	0
Tsg101	122.5	146	99	0
S1pr4	122.5	0	245	0
Ncln	122.5	0	245	0
Mthfsl	122.5	139	106	0
Mmp15	122.5	141	104	0
Magi1	122.5	129	116	0
Gab2	122.5	245	0	0
Epb41	122.5	245	0	0
Atp6v1c1	122.5	140	105	0
Tagln2	122.0	164	80	0
Sec24b	122.0	244	0	0
Rnf8	122.0	139	105	0
Aspscr1	122.0	128	116	0
Synm	121.5	137	106	0
Rabep2	121.5	141	102	0
Ogdh	121.5	117	126	0
L2hgdh	121.5	115	128	0
Dmac2l	121.5	115	128	0
Crocc	121.5	117	126	0
Tubb6	121.0	88	154	0
Stk39	121.0	242	0	0
Morc3	121.0	242	0	0
Lrba	121.0	242	0	0
Rbm14	120.5	121	120	0
Insig2	120.5	135	106	0
Igfbp4	120.5	130	111	0
Gm21992	120.5	121	120	0
Wdr26	120.0	152	88	0
Efna5	120.0	240	0	0
Cnih1	120.0	240	0	0
Arl8b	120.0	117	123	0
Tcp11	119.5	136	103	0
Rhoq	119.5	239	0	0
Rab32	119.5	239	0	0
Pkig	119.5	239	0	0
Hmgxb3	119.5	119	120	0
Dennd4a	119.5	123	116	0
Urb2	119.0	238	0	0
Taf5l	119.0	238	0	0
Slc7a5	119.0	111	127	0
Pard3	119.0	238	0	0
Olfm1	119.0	238	0	0
Dnajc21	119.0	238	0	0
F2r	118.5	0	237	0
Ext2	118.5	237	0	0
Ralb	118.0	134	102	0
Hapln2	118.0	126	110	0
Gdf15	118.0	105	131	0
Fmnl3	118.0	134	102	0
Dctd	118.0	236	0	0
Tbl2	117.5	125	110	0
Rcan1	117.5	235	0	0
Rbm43	117.5	103	132	0
Prkab2	117.5	88	147	0
Mtch1	117.5	112	123	0
Arid1b	117.5	112	123	0
Setdb1	117.0	234	0	0
Mtg2	117.0	147	87	0
Mreg	117.0	234	0	0
Klf7	117.0	124	110	0
Egln2	117.0	86	148	0
Ssh1	116.5	233	0	0
Sorbs1	116.5	129	104	0
Mrfap1	116.5	113	120	0
Dock1	116.5	233	0	0
Sbk1	116.0	232	0	0
Rhobtb3	116.0	232	0	0
Eps8	116.0	232	0	0
Dusp11	116.0	127	105	0
Zfp217	115.5	231	0	0
Usp22	115.5	103	128	0
Ubtd1	115.5	136	95	0
Traf3	115.5	231	0	0
Mms19	115.5	136	95	0
Creb5	115.5	103	128	0
Aldh3a2	115.5	120	111	0
Olfr806	115.0	0	230	0
Zc3h7a	114.5	92	137	0
Wnt2b	114.5	229	0	0
Trak2	114.5	119	110	0
Spint1	114.5	105	124	0
Pdpk1	114.5	103	126	0
Arhgap39	114.5	229	0	0
Ube2f	114.0	126	102	0
Stmn1	114.0	228	0	0
Saysd1	113.5	95	132	0
Rasl11a	113.5	115	112	0
Nipsnap3b	113.5	112	115	0
Icmt	113.5	107	120	0
Tmem120a	113.0	226	0	0
Crim1	113.0	226	0	0
Srcap	112.5	225	0	0
Sprtn	112.5	0	225	0
Smox	112.5	225	0	0
Mtch2	112.5	138	87	0
Kctd9	112.5	225	0	0
Hhat	112.5	102	123	0
Exoc8	112.5	0	225	0
E130309D02Rik	112.5	102	123	0
Cdca2	112.5	225	0	0
Stag2	112.0	224	0	0
Sec62	112.0	123	101	0
Ralbp1	112.0	97	127	0
Vapa	111.5	223	0	0
Rflnb	111.5	223	0	0
Rai14	111.5	86	137	0
Kcnc3	111.5	223	0	0
Gadd45g	111.5	223	0	0
D630045J12Rik	111.5	223	0	0
Smdt1	111.0	0	222	0
Sh3rf1	111.0	222	0	0
Rab23	111.0	146	76	0
Pheta2	111.0	0	222	0
Papola	111.0	117	105	0
Nos1ap	111.0	222	0	0
Naga	111.0	0	222	0
Mbd2	111.0	118	104	0
Hlcs	111.0	104	118	0
Scap	110.5	221	0	0
Rabif	110.5	221	0	0
Atr	110.5	0	221	0
1700065D16Rik	110.5	0	221	0
Ube2r2	110.0	220	0	0
Srsf1	110.0	0	220	0
Smagp	110.0	220	0	0
Slc39a14	110.0	0	220	0
Senp8	109.5	116	103	0
Ptges3	109.5	83	136	0
Pbx3	109.5	219	0	0
Otud7b	109.5	219	0	0
Myo9a	109.5	116	103	0
Epcam	109.5	219	0	0
Rmdn2	109.0	85	133	0
Riox1	109.0	218	0	0
Kif1b	109.0	218	0	0
Nktr	108.5	70	147	0
Atf7ip	108.5	90	127	0
Akap10	108.0	0	216	0
Sdccag8	107.5	93	122	0
Hlx	107.5	215	0	0
Cep170	107.5	93	122	0
Spryd7	107.0	214	0	0
Nuak1	107.0	214	0	0
Brf1	107.0	214	0	0
Srsf9	106.5	213	0	0
Slc6a17	106.5	0	213	0
Nup205	106.5	85	128	0
Mcub	106.5	91	122	0
Ice1	106.5	213	0	0
H3c7	106.5	84	129	0
H2bc9	106.5	84	129	0
Ssx2ip	106.0	212	0	0
Rhot1	106.0	136	76	0
Gpr25	105.5	211	0	0
Cast	105.5	211	0	0
Tpgs2	105.0	210	0	0
P4hb	105.0	87	123	0
Cxcl2	105.0	117	93	0
AW554918	105.0	210	0	0
Kif27	104.5	209	0	0
Gas1	104.5	209	0	0
Bclaf1	104.5	209	0	0
Zfp341	104.0	208	0	0
Lima1	104.0	0	208	0
Cand1	104.0	122	86	0
Cacnb2	104.0	0	208	0
Tgfbrap1	103.5	207	0	0
Supt4a	103.5	0	207	0
Sdc1	103.5	0	207	0
Map6	103.5	97	110	0
Lgr4	103.5	207	0	0
Sugp2	103.0	206	0	0
Psip1	103.0	206	0	0
Armc6	103.0	206	0	0
Pde5a	102.5	110	95	0
Egln1	102.5	205	0	0
Syt2	101.5	203	0	0
Grb10	101.5	203	0	0
Egr4	101.5	0	203	0
Clk4	101.5	80	123	0
Ccdc50	101.5	112	91	0
BC049762	101.5	80	123	0
Xpo4	101.0	202	0	0
Unc13a	101.0	0	202	0
Smap1	101.0	202	0	0
Jak3	101.0	0	202	0
Arhgap28	101.0	202	0	0
Ago4	101.0	202	0	0
Abca5	101.0	202	0	0
Usp10	100.5	201	0	0
Tfb2m	100.5	97	104	0
Spats2	100.5	201	0	0
Sema7a	100.5	105	96	0
Ctnnbip1	100.5	201	0	0
Cnst	100.5	97	104	0
Bcl7a	100.5	201	0	0
Zbtb46	100.0	200	0	0
Snx16	100.0	200	0	0
H1f10	100.0	200	0	0
Golim4	100.0	124	76	0
Gmcl1	100.0	0	200	0
Foxk1	100.0	200	0	0
Cenpb	100.0	200	0	0
Lyst	99.5	128	71	0
Tlcd1	99.0	198	0	0
Rpl23a	99.0	198	0	0
Qser1	99.0	198	0	0
Nenf	99.0	198	0	0
Nek8	99.0	198	0	0
Chst15	99.0	198	0	0
Camk2n2	99.0	198	0	0
Nrbp1	98.5	197	0	0
Chrm3	98.5	197	0	0
Pofut2	98.0	0	196	0
Fgf9	98.0	196	0	0
Tada2a	97.5	195	0	0
Strn4	97.5	195	0	0
Ralgapa1	97.5	195	0	0
Prkar2a	97.5	195	0	0
Kti12	97.5	65	130	0
Fkrp	97.5	195	0	0
Bend4	97.5	195	0	0
Actr2	97.5	195	0	0
Twsg1	97.0	194	0	0
Smpdl3a	97.0	0	194	0
Setd7	97.0	194	0	0
Psmd5	97.0	100	94	0
Obsl1	97.0	194	0	0
Inha	97.0	194	0	0
Cutal	97.0	100	94	0
B3galnt1	96.5	193	0	0
Selenoo	96.0	192	0	0
Homer3	96.0	192	0	0
Wnt9a	95.5	191	0	0
Pik3cd	95.5	191	0	0
Neto2	95.5	191	0	0
Klc1	95.5	191	0	0
Hp1bp3	95.5	191	0	0
Dapk2	95.5	191	0	0
Slc36a4	95.0	76	114	0
Rbbp7	95.0	190	0	0
Nptxr	95.0	190	0	0
Gadd45a	95.0	92	98	0
Tle5	94.5	189	0	0
Tlcd4	94.5	189	0	0
Lonrf2	94.5	189	0	0
Toe1	94.0	0	188	0
Pus3	94.0	188	0	0
Plcg1	94.0	96	92	0
Mutyh	94.0	0	188	0
Jmy	94.0	188	0	0
Dnmt3a	94.0	188	0	0
Ddx25	94.0	188	0	0
Arrdc2	93.5	187	0	0
Thoc7	93.0	186	0	0
Mtmr1	93.0	0	186	0
Megf6	93.0	0	186	0
Las1l	93.0	0	186	0
Dph6	93.0	101	85	0
Cdh12	93.0	0	186	0
C330018D20Rik	93.0	186	0	0
Rnf157	92.0	184	0	0
Rfx1	92.0	184	0	0
Lmo4	92.0	184	0	0
Klf15	92.0	184	0	0
Gnas	92.0	184	0	0
Bpnt2	92.0	116	68	0
Stk24	91.5	183	0	0
Lbx1	91.5	0	183	0
Bcar1	91.5	0	183	0
Smad9	91.0	182	0	0
Xk	90.5	181	0	0
Nptx1	90.5	0	181	0
Elovl7	90.5	181	0	0
Six3	90.0	180	0	0
Prox2	90.0	87	93	0
Obi1	90.0	180	0	0
Hacd2	90.0	0	180	0
Grhl1	90.0	180	0	0
Dlst	90.0	87	93	0
Atxn2l	90.0	0	180	0
Sox13	89.5	179	0	0
Mtus1	89.5	0	179	0
Limd1	89.5	179	0	0
Foxp1	89.5	179	0	0
Atn1	89.0	178	0	0
Rnf139	88.5	177	0	0
Nfkbiz	88.5	0	177	0
Midn	88.5	0	177	0
Chsy3	88.5	177	0	0
Mtcl1	88.0	108	68	0
Zxdb	87.5	0	175	0
Prkd3	87.5	175	0	0
Htra4	87.5	175	0	0
Gnb4	87.5	175	0	0
Chd1	87.5	175	0	0
Arhgef17	87.5	175	0	0
Apc	87.5	175	0	0
Ankmy1	87.5	0	175	0
Amd2	87.5	175	0	0
Amd1	87.5	175	0	0
Phlpp2	87.0	174	0	0
Med13l	87.0	174	0	0
Tbc1d20	86.5	0	173	0
Mfsd4b4	86.5	173	0	0
Fus	86.5	0	173	0
Vapb	86.0	0	172	0
Igf2bp3	86.0	172	0	0
Ifitm10	86.0	172	0	0
Gkap1	86.0	172	0	0
Fmnl1	86.0	172	0	0
Dazap2	86.0	172	0	0
Tra2b	85.5	84	87	0
Tulp4	85.0	0	170	0
Smad4	85.0	170	0	0
Rogdi	85.0	0	170	0
Prrt4	85.0	170	0	0
Ppp2cb	85.0	170	0	0
Paqr4	85.0	170	0	0
Kif7	85.0	170	0	0
Dnmbp	85.0	170	0	0
Acvr2b	85.0	170	0	0
Prdm11	84.5	169	0	0
Ldlrad3	84.5	169	0	0
Doc2b	84.5	169	0	0
App	84.5	169	0	0
St8sia4	84.0	168	0	0
Smoc1	84.0	0	168	0
Prodh	84.0	168	0	0
Ppfia1	84.0	168	0	0
Hapln4	84.0	168	0	0
Dicer1	84.0	168	0	0
Tmem263	83.5	167	0	0
Ptprs	83.5	167	0	0
Nav1	83.5	167	0	0
Hrk	83.5	0	167	0
Gm45915	83.5	167	0	0
Fhl4	83.5	167	0	0
Atp1b1	83.5	167	0	0
Zswim8	83.0	76	90	0
Tns2	83.0	166	0	0
Sephs2	83.0	0	166	0
Lrp5	83.0	166	0	0
Lif	83.0	166	0	0
Jade2	83.0	166	0	0
Chchd1	83.0	76	90	0
Snu13	82.5	0	165	0
Mief2	82.5	0	165	0
Flii	82.5	0	165	0
Epha7	82.5	165	0	0
Traf4	82.0	164	0	0
Prpf4b	82.0	0	164	0
Larp4	82.0	164	0	0
Gm10710	82.0	0	164	0
Glis1	82.0	164	0	0
Dchs2	82.0	0	164	0
Arap2	82.0	164	0	0
Acsl5	82.0	164	0	0
Zbtb12	81.5	163	0	0
Senp6	81.5	163	0	0
S1pr5	81.5	163	0	0
Pxk	81.5	163	0	0
Enpp4	81.5	163	0	0
Ehmt2	81.5	163	0	0
Rfx7	81.0	162	0	0
Numbl	81.0	162	0	0
Acvr1b	81.0	162	0	0
Pid1	80.5	161	0	0
Nutf2	80.5	0	161	0
Nolc1	80.5	0	161	0
Mrpl39	80.5	0	161	0
Aig1	80.5	161	0	0
Smarca5	80.0	160	0	0
Slc12a4	80.0	160	0	0
Sh3glb2	80.0	160	0	0
Rpia	80.0	160	0	0
Rhobtb2	80.0	160	0	0
Pwwp3a	80.0	160	0	0
Ptx3	80.0	160	0	0
Optn	80.0	0	160	0
Nt5dc1	80.0	160	0	0
Miga2	80.0	160	0	0
Lysmd2	80.0	160	0	0
Klhl3	80.0	160	0	0
Galnt2	80.0	160	0	0
Arhgef11	80.0	160	0	0
Arc	80.0	160	0	0
Ank	80.0	160	0	0
Abhd17c	80.0	160	0	0
2310011J03Rik	80.0	0	160	0
Zfyve9	79.5	159	0	0
Slain2	79.5	159	0	0
Reln	79.5	159	0	0
Psd4	79.5	159	0	0
Irf5	79.5	0	159	0
Ccsap	79.5	159	0	0
Vegfc	79.0	158	0	0
Ubp1	79.0	158	0	0
Nufip2	79.0	158	0	0
Cdkn1a	79.0	0	158	0
Cdk18	79.0	158	0	0
Atp13a3	79.0	158	0	0
Etv4	78.5	0	157	0
Armh3	78.5	0	157	0
Stam2	78.0	0	156	0
Pgap2	78.0	0	156	0
Nup98	78.0	0	156	0
Maea	78.0	0	156	0
Litaf	78.0	0	156	0
Kif21b	78.0	156	0	0
Eid2	78.0	156	0	0
Dzip1	78.0	0	156	0
Cuedc1	78.0	156	0	0
Csgalnact2	78.0	156	0	0
Arfgef2	78.0	156	0	0
Ust	77.5	0	155	0
Tmem50b	77.5	155	0	0
P4ha2	77.5	155	0	0
Kcnd3	77.5	155	0	0
Heg1	77.5	155	0	0
Grn	77.5	155	0	0
Cerk	77.5	155	0	0
Abhd17b	77.5	155	0	0
1110059E24Rik	77.5	155	0	0
Mecp2	77.0	0	154	0
Fam207a	77.0	0	154	0
Dhx30	77.0	0	154	0
Arhgap26	77.0	154	0	0
Usp7	76.5	153	0	0
Hmces	76.5	153	0	0
Gabbr2	76.5	153	0	0
Fst	76.5	153	0	0
Espn	76.5	0	153	0
Drg1	76.5	0	153	0
Sgms2	76.0	152	0	0
Rnf13	76.0	0	152	0
Igdcc4	76.0	152	0	0
Fbl	76.0	0	152	0
Cmc1	76.0	0	152	0
Ptbp2	75.5	151	0	0
Pomgnt1	75.5	151	0	0
Grk5	75.5	0	151	0
Foxq1	75.5	151	0	0
Efcc1	75.5	151	0	0
Agk	75.5	0	151	0
Ache	75.5	151	0	0
Vash1	75.0	0	150	0
Pcif1	75.0	150	0	0
Hrob	75.0	150	0	0
Hnrnpr	75.0	0	150	0
H2-DMa	75.0	150	0	0
Brd2	75.0	150	0	0
Baz2b	75.0	150	0	0
Acer3	75.0	0	150	0
Zfp518b	74.5	149	0	0
Trim50	74.5	149	0	0
Tm2d3	74.5	149	0	0
Rab3il1	74.5	149	0	0
Pxn	74.5	149	0	0
Mon2	74.5	149	0	0
Ipo11	74.5	149	0	0
Hmgb3	74.5	149	0	0
Cacna2d1	74.5	149	0	0
Arhgef28	74.5	149	0	0
Prmt7	74.0	0	148	0
Notum	74.0	148	0	0
Tgfb2	73.5	147	0	0
Stat5a	73.5	147	0	0
Slc25a12	73.5	147	0	0
Sec61a2	73.5	0	147	0
Nedd4	73.5	147	0	0
Il1rap	73.5	0	147	0
Gosr2	73.5	0	147	0
Bnip3l	73.5	147	0	0
Uso1	73.0	146	0	0
Rbfox2	73.0	146	0	0
Nsf	73.0	146	0	0
G3bp2	73.0	146	0	0
Rcn2	72.5	145	0	0
Lemd1	72.5	0	145	0
Cops7a	72.5	145	0	0
Cep85	72.5	145	0	0
Ccdc74a	72.5	145	0	0
Asxl1	72.5	145	0	0
Xylb	72.0	0	144	0
Ubxn1	72.0	0	144	0
Thop1	72.0	0	144	0
Pgap6	72.0	144	0	0
Pdcd2	72.0	144	0	0
Osbp2	72.0	144	0	0
Kctd1	72.0	0	144	0
Foxc2	72.0	0	144	0
Bzw2	72.0	0	144	0
Ankmy2	72.0	0	144	0
Sgk3	71.5	143	0	0
Pstpip2	71.5	0	143	0
Hcn2	71.5	143	0	0
Gna11	71.5	143	0	0
Asf1a	71.5	143	0	0
Ndufv2	71.0	142	0	0
Kank2	71.0	142	0	0
Dtnb	71.0	142	0	0
Angel2	71.0	142	0	0
Wdr34	70.5	0	141	0
Tmed8	70.5	0	141	0
Samd15	70.5	0	141	0
Rasa3	70.5	0	141	0
Map3k6	70.5	141	0	0
H2aw	70.5	141	0	0
Entpd4b	70.5	0	141	0
Entpd4	70.5	0	141	0
Socs7	70.0	140	0	0
Smarcc2	70.0	140	0	0
Prkar1b	70.0	140	0	0
Fgfr1	70.0	0	140	0
Dnaaf5	70.0	140	0	0
Ccm2	70.0	140	0	0
Zfp275	69.5	139	0	0
Slc25a22	69.5	139	0	0
Rps6ka4	69.5	139	0	0
Ptpn21	69.5	139	0	0
Pard6b	69.5	139	0	0
Cavin3	69.5	139	0	0
Camk2b	69.5	139	0	0
Akap9	69.5	139	0	0
Txndc11	69.0	0	138	0
Smarcd3	69.0	138	0	0
Rad23b	69.0	0	138	0
Nipsnap2	69.0	138	0	0
Gnpda1	69.0	138	0	0
Fam160b1	69.0	0	138	0
Comp	69.0	138	0	0
Cnp	69.0	138	0	0
Chic2	69.0	138	0	0
B4galt4	69.0	138	0	0
Ubl3	68.5	137	0	0
Hs3st3b1	68.5	0	137	0
Ube2e1	68.0	136	0	0
Tdp2	68.0	0	136	0
Syne3	68.0	136	0	0
Shcbp1l	68.0	0	136	0
Rmnd5b	68.0	136	0	0
Rasgef1c	68.0	136	0	0
Kbtbd6	68.0	0	136	0
Fam124a	68.0	136	0	0
Acot13	68.0	0	136	0
Abi2	68.0	136	0	0
Usp2	67.5	0	135	0
Slc25a28	67.5	135	0	0
Sgsm3	67.5	135	0	0
Prrt2	67.5	135	0	0
Zfp428	67.0	0	134	0
Ubr5	67.0	134	0	0
Phf20l1	67.0	134	0	0
Lpcat4	67.0	134	0	0
Vmn2r102	66.5	0	133	0
Usp27x	66.5	0	133	0
She	66.5	0	133	0
Mpv17l2	66.5	133	0	0
Lysmd3	66.5	0	133	0
Lamp1	66.5	133	0	0
Klf5	66.5	0	133	0
Dclk2	66.5	0	133	0
Atad1	66.5	0	133	0
Apba1	66.5	133	0	0
Anapc10	66.5	0	133	0
Abce1	66.5	0	133	0
Smurf1	66.0	132	0	0
Sephs1	66.0	132	0	0
Sec14l1	66.0	0	132	0
Sap25	66.0	132	0	0
Pwwp2a	66.0	132	0	0
Pms1	66.0	132	0	0
Ormdl1	66.0	132	0	0
Mafk	66.0	132	0	0
Irs3	66.0	132	0	0
Foxo6	66.0	132	0	0
Cystm1	66.0	0	132	0
Appbp2	66.0	132	0	0
1190005I06Rik	66.0	132	0	0
Zfp119a	65.5	0	131	0
Ilkap	65.5	131	0	0
Hmgn1	65.5	0	131	0
Atf4	65.5	0	131	0
Ajuba	65.5	0	131	0
Vdac2	65.0	0	130	0
Slc10a7	65.0	0	130	0
Rnf216	65.0	130	0	0
Rbmxl1	65.0	0	130	0
Pradc1	65.0	130	0	0
Map3k3	65.0	130	0	0
Hoxa10	65.0	130	0	0
Glis3	65.0	130	0	0
Frmd4a	65.0	130	0	0
Eef2kmt	65.0	0	130	0
Cdk19	65.0	0	130	0
Cct7	65.0	130	0	0
Zfp592	64.5	129	0	0
Sqle	64.5	0	129	0
Rab28	64.5	129	0	0
Prpf40a	64.5	129	0	0
Pknox2	64.5	129	0	0
Mef2c	64.5	129	0	0
Cstf2	64.5	129	0	0
Cbfa2t3	64.5	129	0	0
Atp11a	64.5	129	0	0
Arsb	64.5	129	0	0
Arl6ip6	64.5	129	0	0
Amigo1	64.5	129	0	0
Znfx1	64.0	128	0	0
Ubn1	64.0	128	0	0
Tmem37	64.0	128	0	0
Spire1	64.0	128	0	0
Slco3a1	64.0	128	0	0
Slc25a38	64.0	128	0	0
Prkcd	64.0	128	0	0
Paip1	64.0	128	0	0
Mrpl17	64.0	0	128	0
Lrig3	64.0	128	0	0
Kifc3	64.0	128	0	0
Glyr1	64.0	128	0	0
Eif4g1	64.0	128	0	0
Dbp	64.0	128	0	0
Ccni	64.0	128	0	0
Adnp2	64.0	128	0	0
2010109A12Rik	64.0	128	0	0
Prdm2	63.5	0	127	0
Igfbp7	63.5	127	0	0
Tmem62	63.0	0	126	0
Smc3	63.0	126	0	0
Plxna1	63.0	126	0	0
Nxn	63.0	126	0	0
Iars2	63.0	126	0	0
Fez2	63.0	126	0	0
Evi5	63.0	126	0	0
Cmtm6	63.0	126	0	0
Bpnt1	63.0	126	0	0
Adam15	62.5	0	125	0
Abca3	62.5	125	0	0
Abca17	62.5	125	0	0
Syt12	62.0	124	0	0
Naa50	62.0	124	0	0
Fbxo22	62.0	0	124	0
Cyp26a1	62.0	0	124	0
Atp6v1a	62.0	124	0	0
Slc7a2	61.5	0	123	0
Runx1t1	61.5	0	123	0
Polr2h	61.5	0	123	0
Mfsd14b	61.5	0	123	0
Lss	61.5	0	123	0
Gp5	61.5	123	0	0
Fzd1	61.5	0	123	0
Fra10ac1	61.5	0	123	0
Foxc1	61.5	123	0	0
Epop	61.5	0	123	0
Clcn2	61.5	0	123	0
Trpc4ap	61.0	0	122	0
Mettl1	61.0	0	122	0
Eef1akmt3	61.0	0	122	0
Cpeb1	61.0	122	0	0
Ccnyl1	61.0	0	122	0
Zfp397	60.5	121	0	0
Zfp119b	60.5	0	121	0
Nfia	60.5	121	0	0
Gpr63	60.5	121	0	0
Atoh8	60.5	121	0	0
Vkorc1	60.0	120	0	0
Twist1	60.0	120	0	0
Prss53	60.0	120	0	0
Pla2g12a	60.0	120	0	0
Hcn4	60.0	120	0	0
Gpr62	60.0	120	0	0
Garre1	60.0	120	0	0
Cpne5	60.0	120	0	0
Arl2bp	60.0	120	0	0
Arcn1	60.0	120	0	0
Tmcc2	59.5	119	0	0
Srpk1	59.5	0	119	0
Slco5a1	59.5	0	119	0
Nup160	59.5	119	0	0
Nprl3	59.5	119	0	0
Nfat5	59.5	119	0	0
Mapt	59.5	0	119	0
Lmo1	59.5	119	0	0
Extl3	59.5	0	119	0
Coq10b	59.5	0	119	0
Usp15	59.0	118	0	0
Spdye4b	59.0	0	118	0
Rbak	59.0	0	118	0
Cyba	59.0	0	118	0
Simc1	58.5	117	0	0
Resf1	58.5	0	117	0
Pde1b	58.5	0	117	0
Nit2	58.5	0	117	0
Nexmif	58.5	117	0	0
Man1a	58.5	117	0	0
Hagh	58.5	117	0	0
H1f5	58.5	117	0	0
Fcrlb	58.5	117	0	0
Fahd1	58.5	117	0	0
Srsf2	58.0	116	0	0
Rhbdd3	58.0	116	0	0
Rab40c	58.0	0	116	0
Npat	58.0	116	0	0
Myh10	58.0	0	116	0
Mfsd11	58.0	116	0	0
Gbx1	58.0	116	0	0
Ewsr1	58.0	116	0	0
Atm	58.0	116	0	0
U2af1	57.5	115	0	0
Pstpip1	57.5	115	0	0
Plcl2	57.5	115	0	0
Nup54	57.5	0	115	0
Fam126a	57.5	115	0	0
Clba1	57.5	0	115	0
Unkl	57.0	114	0	0
Tmem17	57.0	0	114	0
Ralgapb	57.0	114	0	0
Ptpn11	57.0	0	114	0
Map4k3	57.0	114	0	0
Kdsr	57.0	0	114	0
Irf2bp1	57.0	114	0	0
Dpy30	57.0	0	114	0
Btbd7	57.0	114	0	0
BC003965	57.0	114	0	0
Srsf7	56.5	0	113	0
Scmh1	56.5	0	113	0
Ptpn5	56.5	113	0	0
Msh2	56.5	113	0	0
Max	56.5	0	113	0
2410002F23Rik	56.5	113	0	0
Ube2m	56.0	112	0	0
Rab11fip1	56.0	112	0	0
Map2k1	56.0	112	0	0
Hipk1	56.0	112	0	0
Chmp2a	56.0	112	0	0
Adar	56.0	0	112	0
Ttc41	55.5	111	0	0
Sec16a	55.5	111	0	0
Ndc1	55.5	0	111	0
Hsp90b1	55.5	111	0	0
Ffar4	55.5	111	0	0
Exoc6	55.5	111	0	0
Dnm1l	55.5	0	111	0
Trf	55.0	110	0	0
Tent5a	55.0	110	0	0
Tbx3	55.0	110	0	0
Tbcc	55.0	110	0	0
Rhoh	55.0	110	0	0
Mthfd1	55.0	110	0	0
Kri1	55.0	110	0	0
Hsd17b4	55.0	110	0	0
Eid2b	55.0	0	110	0
Cdkn2d	55.0	110	0	0
Cdc7	55.0	110	0	0
Amacr	55.0	110	0	0
Zcwpw2	54.5	109	0	0
Vsir	54.5	109	0	0
Txndc5	54.5	109	0	0
Thada	54.5	0	109	0
Fgfr3	54.5	0	109	0
Creg2	54.5	109	0	0
Bmf	54.5	109	0	0
Azi2	54.5	109	0	0
Zfp319	54.0	108	0	0
Usb1	54.0	108	0	0
Ppp1r8	54.0	0	108	0
Mrm1	54.0	108	0	0
Klhl40	54.0	108	0	0
Csnk1g3	54.0	108	0	0
Ahr	54.0	108	0	0
Adssl1	54.0	108	0	0
Rtcb	53.5	0	107	0
Ptov1	53.5	107	0	0
Nus1	53.5	107	0	0
Mppe1	53.5	107	0	0
Mlf2	53.5	107	0	0
Foxd2	53.5	107	0	0
Bmpr1a	53.5	107	0	0
Txnl4a	53.0	0	106	0
Rab35	53.0	106	0	0
Gnai2	53.0	106	0	0
Gm16286	53.0	0	106	0
Dgat1	53.0	0	106	0
Sppl3	52.5	0	105	0
Smarcb1	52.5	0	105	0
Slc35b2	52.5	0	105	0
Six1	52.5	105	0	0
Pitpnm2	52.5	105	0	0
Otud3	52.5	105	0	0
Inhbb	52.5	105	0	0
Fhod3	52.5	105	0	0
Etaa1	52.5	105	0	0
Cep85l	52.5	0	105	0
Zfp248	52.0	0	104	0
Tead3	52.0	0	104	0
Rrad	52.0	0	104	0
Pou3f1	52.0	104	0	0
Nxpe3	52.0	0	104	0
Nhlrc1	52.0	0	104	0
Mettl23	52.0	104	0	0
Kdm6a	52.0	0	104	0
Igf2	52.0	104	0	0
Hsd11b2	52.0	0	104	0
Gfi1	52.0	0	104	0
Ebf3	52.0	104	0	0
Clasp2	52.0	0	104	0
Akr1b3	52.0	0	104	0
Ttyh2	51.5	0	103	0
Sun1	51.5	0	103	0
Rnf213	51.5	103	0	0
Rcor3	51.5	103	0	0
Esrra	51.5	0	103	0
Catsperz	51.5	0	103	0
Ankrd40	51.5	103	0	0
Tspan14	51.0	102	0	0
Tsc22d4	51.0	0	102	0
Nyap1	51.0	0	102	0
Nipa2	51.0	0	102	0
Iqgap1	51.0	0	102	0
Inip	51.0	0	102	0
Gm4981	51.0	0	102	0
Elovl6	51.0	0	102	0
Chn2	51.0	0	102	0
Sowahb	50.5	101	0	0
Rufy2	50.5	101	0	0
Rpl21	50.5	0	101	0
Ror1	50.5	101	0	0
Psen1	50.5	0	101	0
Pop5	50.5	0	101	0
Pfn2	50.5	101	0	0
Nckipsd	50.5	101	0	0
Myo10	50.5	101	0	0
Epc2	50.5	101	0	0
Cdk16	50.5	101	0	0
Cdc42bpg	50.5	0	101	0
Adrm1	50.5	101	0	0
Taf4	50.0	100	0	0
Metap1	50.0	100	0	0
Cdca7	50.0	0	100	0
Zmym6	49.5	0	99	0
Wdr43	49.5	99	0	0
Kmt5b	49.5	99	0	0
Hif1a	49.5	99	0	0
Enah	49.5	99	0	0
Zfp213	49.0	98	0	0
Zfand6	49.0	98	0	0
St3gal2	49.0	98	0	0
Opn3	49.0	0	98	0
Efna3	49.0	98	0	0
Cox18	49.0	0	98	0
Chml	49.0	0	98	0
1810055G02Rik	49.0	0	98	0
Zfp503	48.5	0	97	0
Epn2	48.5	97	0	0
Arid4a	48.5	0	97	0
Ubc	48.0	0	96	0
Txnrd2	48.0	96	0	0
Tcea1	48.0	0	96	0
Map2k7	48.0	96	0	0
Comt	48.0	96	0	0
Wdr48	47.5	95	0	0
Tmx4	47.5	95	0	0
Sike1	47.5	0	95	0
Sfn	47.5	0	95	0
Pcid2	47.5	95	0	0
Paxip1	47.5	95	0	0
Kbtbd8	47.5	0	95	0
Cul4a	47.5	95	0	0
Ankrd9	47.5	95	0	0
Rpp38	47.0	0	94	0
Opa3	47.0	0	94	0
Med12l	47.0	94	0	0
Hspa2	47.0	0	94	0
Birc3	47.0	94	0	0
Acbd7	47.0	0	94	0
Kcnb1	46.5	0	93	0
Txn2	46.0	0	92	0
Abhd11	46.0	92	0	0
Shoc2	45.5	91	0	0
Oxsm	45.5	91	0	0
Ngly1	45.5	91	0	0
Lpp	45.5	91	0	0
Esyt2	45.5	0	91	0
Dynll1	45.5	0	91	0
Dsel	45.5	91	0	0
Bbip1	45.5	91	0	0
Uchl5	45.0	0	90	0
Ro60	45.0	0	90	0
Plekho2	45.0	0	90	0
Mkrn1	45.0	0	90	0
Odf2l	44.5	0	89	0
Klhdc8a	44.5	89	0	0
Fam8a1	44.5	89	0	0
Ezh1	44.5	89	0	0
Eif3g	44.5	89	0	0
Plekha2	44.0	0	88	0
Cspg5	44.0	88	0	0
Crkl	44.0	88	0	0
Zfp367	43.5	87	0	0
Mapk1	43.5	87	0	0
Gdpd5	43.5	87	0	0
Egr2	43.5	0	87	0
Smg9	43.0	0	86	0
Mcu	43.0	86	0	0
Vps36	42.5	85	0	0
Usp47	42.5	85	0	0
Rcl1	42.5	0	85	0
Plppr3	42.5	0	85	0
Parp1	42.5	0	85	0
Ksr2	42.5	0	85	0
Dcaf10	42.5	85	0	0
Chst8	42.5	0	85	0
Trmo	42.0	0	84	0
Zfp655	41.5	0	83	0
Cryl1	41.5	0	83	0
Capn7	41.5	0	83	0
Rplp2	41.0	82	0	0
Pidd1	41.0	82	0	0
Tmem104	40.5	81	0	0
Nat9	40.5	81	0	0
Spag4	39.5	79	0	0
Pdcd4	39.5	79	0	0
Serf1	39.0	78	0	0
Romo1	39.0	78	0	0
Nfs1	39.0	78	0	0
Lrrc20	39.0	78	0	0
Capzb	39.0	0	78	0
Bdp1	39.0	78	0	0
Wasf1	38.0	76	0	0
Pibf1	38.0	0	76	0
Nucks1	38.0	76	0	0
Dis3	38.0	0	76	0
Cdc40	38.0	76	0	0
Snap47	37.5	75	0	0
Rac3	37.5	75	0	0
Jmjd4	37.5	75	0	0
Plpp3	37.0	74	0	0
Pip5k1c	37.0	74	0	0
Med11	37.0	74	0	0
Tmem250-ps	36.0	0	72	0
Rps6ka3	34.0	0	68	0
Fbxo46	33.0	66	0	0
Bhmg1	33.0	66	0	0
Bglap2	0.0	0	0	426
Bglap	0.0	0	0	426
Neurog3	0.0	0	0	413
