Target_genes	Nfic|Average	SRX017079|MEF	SRX017080|MEF	SRX11600041|Pancreas	SRX11600043|Pancreas	SRX11600044|Pancreas	STRING
Tcstv3	897.2	727	719	1000	1194	846	0
Brox	642.0	220	326	896	1095	673	0
Aida	642.0	220	326	896	1095	673	0
Cldn34d	633.4	238	275	859	1160	635	0
Il31ra	428.8	0	0	912	605	627	0
Asmt	425.4	124	212	715	518	558	0
Kpna1	406.8	0	0	706	602	726	0
Tmem125	333.4	0	122	700	450	395	0
Oasl1	282.8	179	243	291	421	280	0
Tor1aip2	267.4	0	0	413	718	206	0
Tor1aip1	267.4	0	0	413	718	206	0
Tsc22d4	229.6	0	0	337	573	238	0
Nyap1	229.6	0	0	337	573	238	0
Hjurp	204.2	0	0	237	572	212	0
A730008H23Rik	204.2	0	0	237	572	212	0
Aldh3b1	184.6	0	0	198	614	111	0
Pga5	179.8	0	0	258	523	118	0
Dok4	174.0	0	0	237	482	151	0
Cmpk2	172.6	0	0	288	390	185	0
Tef	172.0	0	0	339	400	121	0
Olfr806	165.4	186	194	193	0	254	0
Alas1	162.2	0	0	271	438	102	0
Aanat	160.6	0	0	161	516	126	0
Arid3b	157.2	0	0	243	375	168	0
Wwox	156.4	278	312	0	0	192	0
Nemf	146.2	0	0	254	177	300	0
Chd3	142.2	0	0	316	318	77	0
N4bp2	141.0	0	0	287	339	79	0
Mrpl34	139.2	0	0	220	401	75	0
Dda1	139.2	0	0	220	401	75	0
Abhd8	139.2	0	0	220	401	75	0
Jun	138.6	0	0	152	393	148	0
Hif3a	138.6	0	0	148	383	162	0
Per1	136.8	0	0	220	322	142	0
Dchs2	133.6	0	0	317	0	351	0
Abhd6	133.6	209	274	0	0	185	0
Sspn	133.0	0	0	316	193	156	0
Slc9a3r1	128.2	0	0	143	498	0	0
Nuak2	122.0	0	0	182	341	87	0
Hey1	120.2	0	0	258	252	91	0
Cldn12	119.6	0	0	174	311	113	0
Tigar	117.6	0	0	165	351	72	0
Gng3	117.0	0	0	98	385	102	0
Bscl2	117.0	0	0	98	385	102	0
Vasn	116.2	0	0	160	421	0	0
Gna14	116.2	0	0	163	275	143	0
Vmn2r4	116.0	0	0	311	0	269	0
4932438A13Rik	116.0	0	0	128	366	86	0
Rapgef1	115.0	0	0	218	357	0	0
Nrep	114.8	0	0	139	311	124	0
Txn2	114.0	0	0	184	280	106	0
Dhrs13	112.4	0	0	211	351	0	0
Pik3r2	110.8	0	0	218	235	101	0
Egr1	110.6	0	0	230	323	0	0
Aacs	110.4	0	0	133	333	86	0
Nup210	109.8	0	0	309	240	0	0
Tnfsf15	109.4	0	0	211	336	0	0
Nfib	109.2	0	0	231	198	117	0
Mybpc2	107.2	0	0	170	366	0	0
Itm2b	107.2	0	0	204	332	0	0
Cblb	106.4	0	0	173	247	112	0
Fcho2	106.2	0	0	175	263	93	0
Nbl1	105.6	0	0	128	245	155	0
Snrnp35	104.6	0	0	224	299	0	0
Sfswap	104.6	0	0	90	364	69	0
Rilpl2	104.6	0	0	224	299	0	0
Crebl2	104.4	0	0	141	291	90	0
Ifna13	103.6	0	0	348	170	0	0
Pgp	103.0	0	0	111	274	130	0
Bricd5	103.0	0	0	111	274	130	0
Cs	102.6	0	0	196	317	0	0
Rps29	102.4	0	0	244	0	268	0
Zfp2	101.6	0	0	144	364	0	0
Ltc4s	101.2	0	0	190	316	0	0
Dixdc1	101.0	0	0	134	371	0	0
Stx1a	100.8	0	0	162	236	106	0
Mxi1	100.8	0	0	166	201	137	0
Tpm1	98.0	0	0	173	317	0	0
Cdh12	98.0	0	0	221	0	269	0
Hbegf	97.6	0	0	161	327	0	0
Eci2	97.0	0	0	171	314	0	0
Cd82	97.0	0	0	207	203	75	0
Ccdc68	96.8	0	0	142	193	149	0
Cutc	95.8	0	0	122	276	81	0
Cox15	95.8	0	0	122	276	81	0
Ccdc38	95.6	0	0	200	206	72	0
Amdhd1	95.6	0	0	200	206	72	0
Tmem91	94.8	0	0	120	277	77	0
Muc1	94.8	0	0	179	295	0	0
B9d2	94.8	0	0	120	277	77	0
Acat1	94.8	0	0	189	285	0	0
Lims1	93.6	0	0	141	327	0	0
Nol3	93.4	0	0	152	315	0	0
Fam136a	93.0	0	0	162	303	0	0
Lrrc75a	92.4	0	0	161	301	0	0
Cabp1	92.4	0	0	246	216	0	0
Csf2ra	91.6	0	0	174	0	284	0
Il6	91.4	0	0	111	256	90	0
Tns3	90.0	0	0	169	281	0	0
Ngef	89.8	0	0	159	290	0	0
Neu2	89.8	0	0	159	290	0	0
Med31	89.2	0	0	195	251	0	0
4930563E22Rik	89.2	0	0	195	251	0	0
Atf3	88.4	0	0	138	184	120	0
Fgd2	88.0	0	0	125	220	95	0
Lsm14b	87.6	0	0	158	280	0	0
Pwwp2a	87.0	0	0	150	285	0	0
Copz1	87.0	0	0	169	0	266	0
Sdccag8	86.6	0	0	116	257	60	0
Cep170	86.6	0	0	116	257	60	0
Kctd14	86.4	0	0	108	215	109	0
Setd3	85.8	0	0	145	284	0	0
Pnrc1	85.8	0	0	171	258	0	0
Ccnk	85.8	0	0	145	284	0	0
Ccm2	85.8	0	0	128	198	103	0
Gm45623	85.6	0	0	126	302	0	0
Sod1	85.4	0	0	154	273	0	0
Elapor1	84.8	0	0	138	286	0	0
1700013F07Rik	84.8	0	0	138	286	0	0
Nr4a2	84.6	0	0	168	255	0	0
Tra2b	84.4	0	0	222	200	0	0
Rorc	84.2	0	0	177	244	0	0
Esr1	84.0	181	239	0	0	0	0
Rhbdl2	83.6	0	0	86	204	128	0
Vwa8	83.0	0	0	151	264	0	0
Mecom	82.8	0	0	98	233	83	0
Kcnc1	82.6	0	0	92	321	0	0
Gmppb	82.6	0	0	138	275	0	0
Amigo3	82.6	0	0	138	275	0	0
Dhrs7	82.2	0	0	190	221	0	0
Kank2	82.0	0	0	150	260	0	0
Rps28	81.8	0	0	142	267	0	0
Pja2	81.8	0	0	149	260	0	0
Ndufa7	81.8	0	0	142	267	0	0
Cirbp	81.6	0	0	124	284	0	0
Atxn7l1	81.6	0	0	113	295	0	0
Nfkbia	80.8	0	0	143	261	0	0
Cyp4f13	80.8	0	0	131	273	0	0
Ptprm	80.6	0	0	138	265	0	0
Slc29a1	80.4	0	0	164	238	0	0
Myo15b	80.4	0	0	114	288	0	0
Mymx	80.4	0	0	164	238	0	0
Hey2	80.2	0	0	133	268	0	0
Slc48a1	79.6	0	0	108	290	0	0
Sardh	79.6	0	0	101	297	0	0
Clic6	79.4	0	0	213	184	0	0
Gstm7	79.2	0	0	162	234	0	0
Cuzd1	78.8	0	0	136	258	0	0
Zan	78.6	0	0	133	260	0	0
Synj2	78.6	0	0	164	229	0	0
Epo	78.6	0	0	133	260	0	0
Rrp7a	78.4	0	0	76	316	0	0
Mthfd2l	78.2	0	0	164	227	0	0
Igsf5	77.6	0	0	119	269	0	0
Cep72	77.6	0	0	140	171	77	0
C9orf72	77.4	0	0	90	193	104	0
Angptl4	77.2	0	0	138	248	0	0
Wnt9a	77.0	0	0	170	215	0	0
Ltbp3	77.0	0	0	105	280	0	0
Eogt	77.0	0	0	116	171	98	0
Tmc5	76.6	0	0	139	244	0	0
Yrdc	76.2	0	0	123	258	0	0
Cnksr1	76.2	0	0	109	272	0	0
1110065P20Rik	76.2	0	0	123	258	0	0
Myo5c	76.0	0	0	116	264	0	0
Itga7	76.0	0	0	177	203	0	0
Safb2	75.4	0	0	146	231	0	0
Safb	75.4	0	0	146	231	0	0
Stk38l	75.2	0	0	96	280	0	0
Dglucy	74.8	0	0	118	256	0	0
Zfp143	74.6	0	0	0	0	373	0
Celf3	74.4	0	0	178	194	0	0
Nphp3	74.0	0	0	199	171	0	0
Gda	73.6	0	0	112	256	0	0
Rela	73.4	0	0	156	211	0	0
Zfp768	73.2	0	0	121	245	0	0
Nr2c2	73.2	0	0	101	265	0	0
Smim6	73.0	0	0	141	224	0	0
Perp	72.8	0	0	108	256	0	0
Nudcd1	72.4	0	0	109	156	97	0
Mesd	72.4	0	0	169	193	0	0
Khk	72.4	0	0	120	242	0	0
Eny2	72.4	0	0	109	156	97	0
Gatb	72.0	0	0	90	270	0	0
Adora1	72.0	0	0	122	238	0	0
Cnot8	71.8	0	0	138	221	0	0
Cmtm1	71.8	0	0	164	195	0	0
Hint1	71.2	0	0	122	234	0	0
Cand1	71.2	0	0	170	186	0	0
Rab8a	71.0	0	0	119	236	0	0
Ncoa7	71.0	0	0	112	243	0	0
Col16a1	71.0	0	0	123	232	0	0
Taco1	70.8	0	0	84	270	0	0
Snn	70.8	0	0	148	206	0	0
Aurkaip1	70.6	0	0	59	294	0	0
Epg5	70.4	0	0	162	190	0	0
Tle5	70.2	0	0	144	207	0	0
Lipg	70.2	0	0	102	249	0	0
Pm20d2	70.0	0	0	202	148	0	0
Epb41l1	70.0	0	0	121	229	0	0
Akirin1	70.0	0	0	128	222	0	0
Por	69.8	0	0	181	168	0	0
Agap1	69.8	0	0	122	227	0	0
Esrp2	69.2	0	0	114	181	51	0
Kdelr3	68.8	0	0	83	261	0	0
Esyt2	68.4	0	0	174	168	0	0
Bcl2l13	68.4	0	0	148	194	0	0
Mvd	67.8	0	0	97	242	0	0
Edn2	67.8	0	0	194	145	0	0
Skil	67.6	0	0	110	228	0	0
Shb	67.4	0	0	105	232	0	0
Efcab14	67.2	0	0	113	223	0	0
Cyb5b	67.2	0	0	178	158	0	0
Ccdc85c	67.2	0	0	86	250	0	0
Sly	67.0	335	0	0	0	0	0
Gramd1b	67.0	0	0	116	219	0	0
Gm20931	67.0	335	0	0	0	0	0
Slc26a6	66.8	0	0	124	210	0	0
Lrrc61	66.6	0	0	181	152	0	0
Tssk1	66.4	0	0	79	253	0	0
Dgcr2	66.4	0	0	79	253	0	0
Nupr1	66.2	0	0	126	205	0	0
Zfp579	66.0	0	0	176	154	0	0
Srebf1	66.0	0	0	0	237	93	0
Atxn1	66.0	0	0	99	231	0	0
Vmp1	65.8	0	0	142	187	0	0
Trpm5	65.8	0	0	118	211	0	0
Ptrh2	65.8	0	0	142	187	0	0
Plin5	65.2	0	0	112	141	73	0
Lrg1	65.2	0	0	112	141	73	0
Rsph1	64.8	0	0	125	199	0	0
Ppme1	64.8	0	0	141	183	0	0
C2cd3	64.8	0	0	141	183	0	0
Mapk1ip1l	64.4	0	0	124	198	0	0
Pde4a	64.0	0	0	96	224	0	0
Chac2	64.0	0	0	113	207	0	0
Mrpl55	63.6	0	0	121	197	0	0
Atad2	63.6	0	0	115	203	0	0
Akap8l	63.6	0	0	114	142	62	0
Cnot6	63.4	0	0	131	186	0	0
Mettl14	63.2	152	164	0	0	0	0
Ypel5	63.0	0	0	151	91	73	0
Nup50	63.0	0	0	99	216	0	0
Cbx4	63.0	0	0	141	174	0	0
Pnmal2	62.8	0	0	113	139	62	0
Tarsl2	62.6	0	0	86	227	0	0
Dusp3	62.6	0	0	0	313	0	0
Cfap97d1	62.6	0	0	0	313	0	0
Acadl	62.6	0	0	182	131	0	0
Ell3	62.4	0	0	90	222	0	0
Rdh14	62.2	0	0	109	202	0	0
Nedd4l	62.2	0	0	161	150	0	0
Jarid2	62.2	0	0	120	191	0	0
Il10rb	62.2	0	0	134	177	0	0
Fech	62.2	0	0	123	188	0	0
Cfap20	62.2	0	0	121	190	0	0
Wdsub1	62.0	0	0	147	163	0	0
Slc25a45	62.0	0	0	139	171	0	0
Prpf18	62.0	0	0	100	210	0	0
Gpt	62.0	0	0	0	209	101	0
Frmd8	62.0	0	0	139	171	0	0
Bhlha15	62.0	0	0	113	197	0	0
Kat8	61.8	0	0	121	188	0	0
Bckdk	61.8	0	0	121	188	0	0
Vmn2r102	61.6	0	160	0	0	148	0
Bmt2	61.6	0	0	155	153	0	0
Sh3glb1	61.4	0	0	97	210	0	0
Tmem210	61.2	0	0	93	213	0	0
Lrrc26	61.2	0	0	93	213	0	0
Eef2	61.2	0	0	127	179	0	0
Zfp592	61.0	0	0	109	196	0	0
Ube2j2	61.0	0	0	119	186	0	0
Rapgefl1	61.0	0	0	163	142	0	0
Inpp1	61.0	0	0	133	172	0	0
Ubash3b	60.8	0	0	125	179	0	0
Hes1	60.8	0	0	137	167	0	0
Def8	60.8	0	0	115	189	0	0
Riok3	60.6	0	0	0	209	94	0
Eif1b	60.2	0	0	0	301	0	0
Pde12	60.0	0	0	0	177	123	0
Itih4	59.8	0	0	109	190	0	0
Trp53inp1	59.6	0	0	128	170	0	0
Tuft1	59.4	0	0	114	183	0	0
Ipmk	59.4	0	0	110	187	0	0
Cisd1	59.4	0	0	110	187	0	0
Stag1	59.2	0	0	80	216	0	0
Pnkd	58.8	0	0	132	162	0	0
Cic	58.8	0	0	126	168	0	0
Map7	58.6	0	0	0	293	0	0
Adamtsl2	58.6	0	0	82	211	0	0
Zfp606	58.4	0	0	60	133	99	0
Kmt2e	58.4	0	0	116	176	0	0
Spaca6	58.0	0	0	88	202	0	0
Slc22a1	58.0	0	0	90	200	0	0
Grm7	58.0	290	0	0	0	0	0
Fkbp4	58.0	0	0	171	119	0	0
Mcam	57.8	0	0	0	289	0	0
Dusp1	57.6	0	0	95	193	0	0
Lifr	57.2	0	0	118	168	0	0
Hmgxb3	57.2	0	0	98	188	0	0
Plek2	57.0	0	0	126	159	0	0
Mrpl1	56.6	0	0	115	168	0	0
Cmya5	56.6	0	0	78	205	0	0
9930012K11Rik	56.6	0	0	96	187	0	0
Zmynd8	56.4	0	0	127	155	0	0
Pim3	56.4	0	0	145	137	0	0
Usp36	56.2	0	0	132	149	0	0
Tmtc4	56.2	0	0	65	216	0	0
Prkra	56.0	0	0	144	136	0	0
Pjvk	56.0	0	0	144	136	0	0
Nudt15	56.0	0	0	68	212	0	0
Msra	56.0	0	0	145	135	0	0
Cdc34	56.0	0	0	136	144	0	0
Laptm4a	55.6	0	0	89	189	0	0
Gm1604b	55.6	0	0	96	182	0	0
Anpep	55.4	0	0	89	188	0	0
Psd4	55.2	0	0	113	163	0	0
Btrc	55.2	0	0	106	170	0	0
Mertk	54.8	0	0	130	144	0	0
Il15ra	54.8	0	0	137	137	0	0
Ddx24	54.8	0	0	85	189	0	0
Col12a1	54.8	0	0	0	274	0	0
Brf1	54.8	0	0	110	164	0	0
Mpp6	54.6	0	0	0	273	0	0
Itpk1	54.6	0	0	93	180	0	0
Slc7a4	54.4	0	0	135	137	0	0
Slc6a9	54.2	0	0	79	192	0	0
Imp3	54.2	0	0	82	189	0	0
Cop1	54.2	0	0	116	155	0	0
Cmbl	54.2	0	0	68	133	70	0
Tusc1	54.0	0	0	121	149	0	0
Ssbp2	53.8	0	0	69	200	0	0
Dtx4	53.8	0	0	122	147	0	0
8030462N17Rik	53.6	0	0	83	185	0	0
Vezt	53.2	0	0	87	179	0	0
Slc25a16	53.2	0	0	88	178	0	0
Pcbp1	53.2	172	0	0	94	0	0
Fgd6	53.2	0	0	87	179	0	0
Nyx	53.0	0	0	90	175	0	0
Fth1	53.0	0	0	141	124	0	0
Vim	52.8	0	0	119	145	0	0
BC034090	52.8	150	0	0	114	0	0
Zfp933	52.6	0	0	88	175	0	0
Vps36	52.6	0	0	0	263	0	0
Mtrf1l	52.6	0	0	100	163	0	0
Grpel1	52.6	0	0	130	133	0	0
Cog3	52.6	0	0	101	162	0	0
Zfp810	52.2	0	0	86	175	0	0
Zer1	52.2	0	0	109	152	0	0
Kcnh2	52.2	0	0	114	147	0	0
Spred1	52.0	0	0	155	105	0	0
Rrh	52.0	0	0	96	164	0	0
Kansl1	52.0	0	0	102	158	0	0
Sgk2	51.8	0	0	119	140	0	0
Selenbp1	51.8	0	0	69	190	0	0
Zbtb12	51.6	258	0	0	0	0	0
Dpp8	51.6	0	0	0	258	0	0
Tfrc	51.4	0	0	111	146	0	0
Iqsec1	51.4	0	0	115	142	0	0
Usp2	51.2	0	0	111	145	0	0
Clock	51.2	0	0	105	151	0	0
Gprin3	51.0	0	0	89	166	0	0
Epb41l4b	51.0	0	0	76	179	0	0
Anks4b	51.0	0	0	0	255	0	0
Sec61a2	50.8	0	0	115	139	0	0
Ptprg	50.8	0	0	0	254	0	0
Mtf2	50.6	0	0	90	163	0	0
2210010C04Rik	50.6	0	0	0	253	0	0
Gstt3	50.4	0	0	116	136	0	0
Agl	50.4	0	0	86	166	0	0
Hectd2	50.0	0	0	122	128	0	0
Fam210b	50.0	0	0	124	126	0	0
Enpep	50.0	0	0	114	136	0	0
Slc38a10	49.8	0	0	102	147	0	0
Pparg	49.8	0	0	0	249	0	0
Prelid3b	49.6	0	0	108	140	0	0
Avpi1	49.6	0	0	113	135	0	0
Syde2	49.4	0	0	89	158	0	0
Slc44a3	49.4	0	0	105	142	0	0
Vwa2	49.2	0	0	0	246	0	0
Rbm15b	49.2	0	0	0	246	0	0
Nemp1	49.2	0	0	0	246	0	0
Manf	49.2	0	0	0	246	0	0
Col17a1	49.2	246	0	0	0	0	0
Atf7	49.0	0	0	138	107	0	0
Abcb4	48.8	0	0	149	95	0	0
Umod	48.6	0	0	89	154	0	0
Tmem176b	48.6	0	0	92	151	0	0
Tmem176a	48.6	0	0	92	151	0	0
Sec14l2	48.6	0	0	88	155	0	0
Gpr35	48.6	0	0	66	177	0	0
Atp8b1	48.6	0	0	79	164	0	0
Ube2i	48.4	0	0	89	153	0	0
Gask1a	48.4	0	0	0	242	0	0
Clip2	48.4	0	0	136	106	0	0
Rnase1	48.2	0	0	0	241	0	0
Kansl1l	48.2	0	0	108	133	0	0
Flt3l	48.2	0	0	121	120	0	0
Elf3	48.2	0	0	100	141	0	0
Sema3c	48.0	0	0	114	126	0	0
Krt79	48.0	0	0	0	240	0	0
9430015G10Rik	48.0	0	0	102	138	0	0
E2f2	47.8	0	0	107	132	0	0
Pik3c2g	47.4	237	0	0	0	0	0
Plekhg4	47.2	0	0	0	236	0	0
Itga2b	47.2	0	0	0	236	0	0
Sh3tc1	47.0	0	0	89	146	0	0
Rwdd1	47.0	0	0	91	144	0	0
Pdss1	47.0	0	0	74	161	0	0
Tmem184a	46.6	0	0	134	99	0	0
Tekt2	46.6	0	0	94	139	0	0
Rock2	46.6	0	0	108	125	0	0
Ninj2	46.6	0	0	81	152	0	0
Hdac11	46.6	0	0	0	233	0	0
Cyb5a	46.6	0	0	94	139	0	0
Adprhl2	46.6	0	0	94	139	0	0
Prkacb	46.4	0	0	0	232	0	0
Npm3	46.4	0	0	80	152	0	0
Lrrc8d	46.4	0	0	98	134	0	0
Fgf8	46.4	0	0	80	152	0	0
C77080	46.4	0	0	106	126	0	0
Fam43a	46.2	0	0	0	231	0	0
Anapc4	46.2	0	0	79	152	0	0
Apoa1	46.0	0	0	91	139	0	0
Mbnl2	45.8	0	0	67	162	0	0
H3c6	45.8	0	0	101	128	0	0
Fitm2	45.8	0	0	97	132	0	0
Tspan3	45.6	0	0	121	107	0	0
D630039A03Rik	45.2	0	0	0	226	0	0
Slc38a3	45.0	0	0	83	142	0	0
Nrbp2	45.0	0	0	113	112	0	0
Sox7	44.8	0	0	99	125	0	0
Slc26a8	44.8	0	0	0	224	0	0
Mapk14	44.8	0	0	0	224	0	0
Stum	44.6	0	0	0	223	0	0
Bmf	44.6	0	0	0	223	0	0
Adsl	44.6	0	0	0	223	0	0
Foxp2	44.4	0	0	0	222	0	0
Kdm3b	44.2	0	0	84	137	0	0
Gm5591	44.2	221	0	0	0	0	0
Nrbf2	44.0	0	0	118	102	0	0
Gm5148	44.0	0	0	124	96	0	0
Gclc	44.0	0	0	86	134	0	0
Eci1	44.0	0	0	76	144	0	0
Serinc3	43.8	0	0	0	219	0	0
Aqp12	43.8	0	0	0	219	0	0
Tmprss3	43.6	0	0	0	218	0	0
Ppm1a	43.6	0	0	102	116	0	0
Plcd3	43.6	0	0	0	218	0	0
Pik3r3	43.6	0	0	93	125	0	0
Fbxl3	43.6	0	0	78	140	0	0
Acbd4	43.6	0	0	0	218	0	0
Sarnp	43.4	0	0	129	0	88	0
Ppp6r3	43.4	0	0	102	115	0	0
Ormdl2	43.4	0	0	129	0	88	0
Vkorc1	43.2	0	0	0	216	0	0
Rtcb	43.2	0	0	0	216	0	0
Prss53	43.2	0	0	0	216	0	0
Kcnj13	43.2	0	0	0	216	0	0
Kitl	43.0	0	0	0	129	86	0
Zfp830	42.8	0	0	86	128	0	0
Cct6b	42.8	0	0	86	128	0	0
Slc25a13	42.6	0	0	0	213	0	0
Scyl3	42.6	0	0	0	213	0	0
Pmp22	42.6	0	0	0	213	0	0
Nedd9	42.6	0	0	0	213	0	0
Eva1c	42.6	0	0	0	213	0	0
Steap3	42.4	0	0	79	133	0	0
Prep	42.4	0	0	70	142	0	0
Olfr1219	42.4	212	0	0	0	0	0
Cx3cl1	42.4	0	0	113	99	0	0
Olfr117	42.2	211	0	0	0	0	0
Isg20	42.2	0	0	0	211	0	0
Nos2	42.0	0	0	0	210	0	0
Gstm1	42.0	0	0	0	210	0	0
Zfp444	41.8	0	0	0	209	0	0
Got2	41.8	0	0	0	209	0	0
Ap5b1	41.8	0	0	95	114	0	0
Arf6	41.6	0	0	81	127	0	0
Slirp	41.4	0	0	106	101	0	0
Nrp	41.4	0	0	106	101	0	0
Alkbh1	41.4	0	0	106	101	0	0
Xpnpep1	41.2	0	0	0	206	0	0
Edil3	41.2	206	0	0	0	0	0
Aadacl2fm1	41.2	0	206	0	0	0	0
Ms4a1	40.6	203	0	0	0	0	0
Krtap3-2	40.6	203	0	0	0	0	0
Cep135	40.6	0	0	82	121	0	0
Bahcc1	40.6	0	0	0	203	0	0
Ncaph	40.4	0	0	0	202	0	0
Utp3	40.2	0	0	0	201	0	0
Slc50a1	40.2	0	0	75	126	0	0
Nlrx1	40.2	0	0	86	115	0	0
Fbxo9	40.2	0	0	100	101	0	0
Dpm3	40.2	0	0	75	126	0	0
Cilk1	40.2	0	0	100	101	0	0
Sphk1	40.0	0	0	0	200	0	0
Slc30a2	40.0	0	0	0	200	0	0
Litaf	40.0	0	0	0	200	0	0
Zkscan17	39.8	0	0	0	199	0	0
Snta1	39.8	0	0	0	199	0	0
Kdm1a	39.8	0	0	0	199	0	0
Kif1b	39.6	0	0	70	128	0	0
Izumo1	39.4	0	0	82	115	0	0
Fut1	39.4	0	0	82	115	0	0
Fgf21	39.4	0	0	82	115	0	0
Myrf	39.0	0	0	0	195	0	0
Lhx5	39.0	195	0	0	0	0	0
Lgals2	39.0	0	0	0	195	0	0
Gulp1	39.0	195	0	0	0	0	0
Alpk1	38.8	0	0	0	103	91	0
Slc39a14	38.6	0	0	0	193	0	0
Marchf7	38.6	0	0	0	193	0	0
Ift27	38.6	0	0	0	193	0	0
Glmp	38.6	0	0	0	193	0	0
Dhrs11	38.6	0	0	0	193	0	0
Dctn4	38.6	0	0	0	193	0	0
Zfp120	38.4	0	0	0	192	0	0
Tmem185b	38.4	0	0	81	111	0	0
Taf1d	38.4	0	0	0	192	0	0
Slc35c2	38.4	0	0	0	192	0	0
Lrpprc	38.4	0	0	0	192	0	0
Adm	38.4	0	0	0	192	0	0
4931406C07Rik	38.4	0	0	0	192	0	0
Dot1l	38.2	0	0	0	191	0	0
Dazap2	38.2	0	0	87	104	0	0
Trim50	38.0	0	0	190	0	0	0
Slc17a7	38.0	0	0	88	102	0	0
Exosc8	38.0	0	0	0	190	0	0
Cela2a	38.0	0	0	83	107	0	0
Alg5	38.0	0	0	0	190	0	0
Rbl2	37.8	0	0	78	111	0	0
Rassf4	37.8	0	0	0	189	0	0
Scfd2	37.6	0	0	0	188	0	0
Gins4	37.6	0	0	0	188	0	0
Fip1l1	37.6	0	0	0	188	0	0
Ccnd3	37.6	0	0	0	188	0	0
Cyp8b1	37.4	0	0	0	187	0	0
Zcwpw2	37.2	0	0	88	98	0	0
S100a16	37.2	0	0	0	186	0	0
Iba57	37.2	0	0	86	100	0	0
Brwd1	37.2	0	0	0	186	0	0
Azi2	37.2	0	0	88	98	0	0
Hexb	37.0	0	0	0	185	0	0
Parva	36.8	0	0	96	88	0	0
Ifi44l	36.8	0	0	0	184	0	0
Dgkz	36.8	0	0	0	184	0	0
Zdhhc17	36.6	183	0	0	0	0	0
Zbtb8os	36.6	0	0	0	183	0	0
Rbbp4	36.6	0	0	0	183	0	0
Lgals1	36.6	0	0	0	183	0	0
Ier2	36.6	0	0	0	183	0	0
Ppa2	36.4	0	0	0	182	0	0
Malt1	36.2	0	0	0	0	181	0
Denn2b	36.2	0	0	0	181	0	0
Bnip5	36.2	0	0	0	181	0	0
Vwa1	36.0	0	0	0	180	0	0
Tmem39a	36.0	0	0	0	180	0	0
Nup107	36.0	0	0	0	180	0	0
Mif4gd	36.0	0	0	0	180	0	0
Capn15	36.0	0	0	0	180	0	0
Upf1	35.8	0	0	0	179	0	0
Slc46a3	35.8	0	0	79	100	0	0
Stxbp6	35.6	0	0	0	178	0	0
Nr1h3	35.6	0	0	178	0	0	0
Mgat4b	35.6	0	0	0	178	0	0
Gm5724	35.6	0	0	0	178	0	0
Cfi	35.6	0	0	0	178	0	0
Ces1d	35.6	0	0	0	178	0	0
Pnpla8	35.4	177	0	0	0	0	0
Padi2	35.4	0	0	0	177	0	0
Olfr1158	35.4	177	0	0	0	0	0
Heyl	35.4	0	0	0	177	0	0
Gpcpd1	35.4	0	0	0	177	0	0
Txnip	35.2	0	0	0	176	0	0
Prickle1	35.2	176	0	0	0	0	0
Mob1b	35.0	0	0	0	175	0	0
Kdm6b	35.0	0	0	0	175	0	0
Cyp2t4	35.0	175	0	0	0	0	0
Cda	35.0	0	0	0	175	0	0
Resf1	34.8	0	0	0	174	0	0
Gpr179	34.8	0	0	0	174	0	0
Mob3a	34.6	0	0	0	173	0	0
Mob1a	34.6	0	0	0	173	0	0
Izumo4	34.6	0	0	0	173	0	0
Ubc	34.4	0	0	0	172	0	0
Exd1	34.4	0	0	0	172	0	0
Chp1	34.4	0	0	0	172	0	0
Trmt13	34.2	0	0	0	171	0	0
Sgpp2	34.2	0	0	0	171	0	0
Pafah2	34.2	0	0	0	171	0	0
Tnrc6b	34.0	0	0	0	170	0	0
Six6	34.0	170	0	0	0	0	0
Rfx7	34.0	0	0	0	170	0	0
Nr0b2	34.0	0	0	0	170	0	0
Foxo6	34.0	0	0	0	170	0	0
Denr	34.0	0	0	0	170	0	0
Bok	34.0	0	0	0	170	0	0
Rfesd	33.8	0	0	72	97	0	0
Nup153	33.8	0	0	0	169	0	0
Lsm1	33.8	0	0	0	169	0	0
Fn3krp	33.8	0	0	169	0	0	0
Faap100	33.8	0	0	0	169	0	0
Bag4	33.8	0	0	0	169	0	0
Wnk2	33.6	0	0	0	168	0	0
Ttc21a	33.6	0	0	168	0	0	0
Tarbp1	33.6	0	0	0	168	0	0
Olfr850	33.6	168	0	0	0	0	0
Gorasp1	33.6	0	0	168	0	0	0
Nr4a3	33.4	0	0	0	167	0	0
Hpn	33.4	0	0	0	167	0	0
Calm1	33.4	0	0	0	167	0	0
Ldha	33.2	0	0	79	87	0	0
Kcnq1	33.2	0	0	0	166	0	0
Gstm6	33.2	0	0	0	166	0	0
Fnbp1l	33.2	0	0	0	166	0	0
Obi1	33.0	165	0	0	0	0	0
Calr3	33.0	165	0	0	0	0	0
Bend3	33.0	0	0	0	165	0	0
Anapc15	33.0	165	0	0	0	0	0
1700030K09Rik	33.0	165	0	0	0	0	0
Ubb	32.8	0	0	0	0	164	0
Sult1c2	32.8	0	0	0	164	0	0
Slc39a5	32.8	0	0	0	164	0	0
Slc35b1	32.8	0	0	0	164	0	0
Nipsnap2	32.8	0	0	0	164	0	0
Lgals7	32.8	164	0	0	0	0	0
Sos2	32.6	0	0	0	163	0	0
Shisa2	32.6	0	0	0	163	0	0
Nkx2-1	32.6	0	0	0	163	0	0
Mfsd2b	32.6	0	0	0	163	0	0
Ap1ar	32.6	0	0	0	163	0	0
Anxa4	32.6	0	0	0	163	0	0
Vmn2r8	32.4	0	0	0	162	0	0
Rin2	32.4	162	0	0	0	0	0
Palm3	32.4	0	0	0	162	0	0
Nr1d2	32.4	0	0	162	0	0	0
Gnmt	32.4	0	0	0	162	0	0
Cldn8	32.4	0	0	0	162	0	0
Baiap2	32.4	0	0	0	162	0	0
Wnt7a	32.2	0	0	0	161	0	0
Marcks	32.2	0	0	0	161	0	0
Edem2	32.2	0	0	0	161	0	0
P4ha2	32.0	0	0	0	160	0	0
Atmin	32.0	0	0	0	160	0	0
Zfp395	31.8	0	0	0	159	0	0
Ncor2	31.8	0	0	0	159	0	0
Mtus1	31.8	0	0	0	159	0	0
Creb3l1	31.8	0	0	0	159	0	0
9930021J03Rik	31.8	0	0	0	159	0	0
Zbtb2	31.6	0	0	0	158	0	0
Scn2b	31.6	0	0	0	158	0	0
Gjd3	31.6	0	0	0	158	0	0
Gdf15	31.6	0	0	0	158	0	0
Vps28	31.4	0	0	0	157	0	0
Slc38a7	31.4	0	0	0	157	0	0
Sdhaf3	31.4	0	0	0	157	0	0
Rnase10	31.4	0	0	0	157	0	0
Mcm7	31.4	0	0	157	0	0	0
Cnnm3	31.4	0	0	0	157	0	0
Ap4m1	31.4	0	0	157	0	0	0
Zscan4b	31.2	156	0	0	0	0	0
Sumo2	31.2	0	0	0	156	0	0
Shox2	31.2	0	0	0	156	0	0
Rsrc1	31.2	0	0	0	156	0	0
Rnf19a	31.2	0	0	0	156	0	0
Nqo2	31.2	156	0	0	0	0	0
Ivl	31.2	0	0	0	156	0	0
Tmem248	31.0	0	0	0	155	0	0
Pde8a	31.0	0	0	0	155	0	0
Nav2	31.0	0	0	0	155	0	0
Cry2	31.0	0	0	0	155	0	0
Cables1	31.0	0	0	0	155	0	0
B230307C23Rik	31.0	0	0	0	155	0	0
Adss	31.0	0	0	0	155	0	0
Zadh2	30.8	0	0	0	154	0	0
Tshz1	30.8	0	0	0	154	0	0
Syne4	30.8	0	0	0	154	0	0
Sdhaf1	30.8	0	0	0	154	0	0
Gga1	30.8	0	0	0	154	0	0
Ascc3	30.8	0	0	154	0	0	0
U2surp	30.6	0	0	0	153	0	0
Gm5767	30.6	0	0	0	153	0	0
Tcp11l2	30.4	0	0	0	152	0	0
Rdh5	30.4	0	0	0	152	0	0
Gpatch4	30.4	0	0	0	152	0	0
Dgke	30.4	0	0	0	152	0	0
Ct55	30.4	152	0	0	0	0	0
Bloc1s1	30.4	0	0	0	152	0	0
Atg9b	30.4	0	0	0	152	0	0
Spib	30.2	0	0	0	151	0	0
Prr15l	30.2	0	0	0	151	0	0
Mknk2	30.2	0	0	0	151	0	0
Grk2	30.2	0	0	0	151	0	0
Pacc1	30.0	0	0	0	150	0	0
Plcd1	29.8	0	0	0	149	0	0
F8a	29.8	0	0	0	149	0	0
Cp	29.8	0	0	0	149	0	0
Rhbdf2	29.6	0	0	0	148	0	0
Nol11	29.6	0	0	0	148	0	0
Map3k9	29.6	0	0	0	148	0	0
Lcn12	29.6	0	0	0	148	0	0
Gramd4	29.6	0	0	0	148	0	0
Ubxn8	29.4	0	0	0	147	0	0
Trim16	29.4	0	0	0	147	0	0
Tmub2	29.4	0	0	0	147	0	0
Srd5a3	29.4	0	0	0	147	0	0
Pithd1	29.4	0	0	0	147	0	0
Mlph	29.4	0	0	0	147	0	0
Gbx1	29.4	0	0	0	147	0	0
Etl4	29.4	147	0	0	0	0	0
Erp27	29.4	0	0	0	147	0	0
Dnajc12	29.4	0	0	0	147	0	0
1600014C23Rik	29.4	0	0	0	147	0	0
Tigd5	29.2	0	0	0	146	0	0
Mtss1	29.2	0	0	0	146	0	0
Kmt5a	29.2	0	0	0	146	0	0
Ifi35	29.2	0	0	0	146	0	0
Gk5	29.2	0	0	0	146	0	0
Eef1d	29.2	0	0	0	146	0	0
Chordc1	29.2	0	0	0	146	0	0
Xpo7	29.0	0	0	0	145	0	0
Ptbp1	29.0	0	0	0	145	0	0
Nek6	29.0	0	0	0	145	0	0
Lrrc59	29.0	0	0	0	145	0	0
Lmna	29.0	0	0	0	145	0	0
Tm9sf4	28.8	0	0	0	144	0	0
Snx33	28.8	0	0	0	144	0	0
Pycrl	28.8	0	0	0	144	0	0
Myh14	28.8	0	0	0	144	0	0
Elmo2	28.8	0	0	0	144	0	0
Cdk5rap3	28.8	0	0	0	144	0	0
Tarbp2	28.6	0	0	0	143	0	0
Stat5b	28.6	0	0	0	143	0	0
Slc17a4	28.6	0	0	0	143	0	0
Nacc2	28.6	0	0	0	143	0	0
Map3k12	28.6	0	0	0	143	0	0
Idh2	28.6	0	0	0	143	0	0
Alg14	28.6	0	0	0	143	0	0
Rnpep	28.4	0	0	0	142	0	0
Mbp	28.4	0	0	0	142	0	0
Ip6k2	28.4	0	0	0	142	0	0
Asns	28.4	0	0	0	142	0	0
Arhgap12	28.4	0	0	0	142	0	0
Pdcd4	28.2	0	0	0	141	0	0
Mpc1	28.2	0	0	0	141	0	0
Med4	28.2	0	0	0	141	0	0
Tmem189	28.0	0	0	0	140	0	0
Mlycd	28.0	0	0	0	140	0	0
Hgfac	28.0	0	0	0	140	0	0
Epn3	28.0	0	0	0	140	0	0
Zfp846	27.8	0	0	0	139	0	0
Stpg1	27.8	0	0	0	139	0	0
Rnf44	27.8	0	0	0	139	0	0
Prkce	27.8	0	0	0	139	0	0
Pcdhgc3	27.8	0	0	0	139	0	0
Nipal3	27.8	0	0	0	139	0	0
Naaladl2	27.8	0	0	0	139	0	0
Lmcd1	27.8	0	0	0	139	0	0
Kmt2a	27.8	0	0	0	139	0	0
Csnk1e	27.8	0	0	0	139	0	0
Capn5	27.8	0	0	0	139	0	0
Ankar	27.8	139	0	0	0	0	0
Akap1	27.8	0	0	0	139	0	0
Usf2	27.6	0	0	0	138	0	0
Glyctk	27.6	0	0	0	138	0	0
Dcakd	27.6	0	0	0	138	0	0
Ctbp2	27.6	0	0	0	138	0	0
Cflar	27.6	0	0	0	138	0	0
Ufc1	27.4	0	0	0	137	0	0
Spr	27.4	0	0	0	137	0	0
Rrbp1	27.4	0	0	0	137	0	0
Myrip	27.4	0	0	0	137	0	0
Mak16	27.4	0	0	0	137	0	0
Elac1	27.4	0	0	0	137	0	0
Dnase1l3	27.4	0	0	0	137	0	0
Cd2ap	27.4	0	0	0	137	0	0
Tssk6	27.2	0	0	0	136	0	0
Tgif1	27.2	0	0	0	136	0	0
Ndufa13	27.2	0	0	0	136	0	0
H2bc1	27.2	0	0	0	136	0	0
H2ac1	27.2	0	0	0	136	0	0
Gstm4	27.2	0	0	0	136	0	0
Gsdmd	27.2	0	0	0	136	0	0
Fam222a	27.2	0	0	0	136	0	0
Ero1b	27.2	0	0	0	136	0	0
1810013L24Rik	27.2	0	0	0	136	0	0
Zbtb7b	27.0	0	0	0	135	0	0
Plekha7	27.0	0	0	0	135	0	0
Nphs1	27.0	0	0	0	135	0	0
Leng9	27.0	0	0	0	135	0	0
Kirrel2	27.0	0	0	0	135	0	0
Furin	27.0	0	0	0	135	0	0
Coa8	27.0	0	0	0	135	0	0
Bag5	27.0	0	0	0	135	0	0
Agps	27.0	0	0	0	135	0	0
Shld2	26.8	0	0	0	134	0	0
Sfxn3	26.8	0	0	0	134	0	0
Scml4	26.8	0	0	0	134	0	0
Pdzd7	26.8	0	0	0	134	0	0
Med26	26.8	0	0	0	134	0	0
Gm13283	26.8	0	0	0	134	0	0
Glud1	26.8	0	0	0	134	0	0
Fbrsl1	26.8	0	0	0	134	0	0
Smarcd2	26.6	0	0	133	0	0	0
Slc7a8	26.6	0	0	0	133	0	0
Pole3	26.6	0	0	0	133	0	0
Phf23	26.6	0	0	0	133	0	0
Gabarap	26.6	0	0	0	133	0	0
Amd2	26.6	0	0	0	133	0	0
Amd1	26.6	0	0	0	133	0	0
Adamts1	26.6	0	0	0	133	0	0
4933430I17Rik	26.6	0	0	0	133	0	0
Tnrc18	26.4	0	0	0	132	0	0
Tent4b	26.4	0	0	0	132	0	0
Tbcb	26.4	0	0	0	132	0	0
Polr2i	26.4	0	0	0	132	0	0
Pold2	26.4	0	0	0	132	0	0
Plxnb2	26.4	0	0	0	132	0	0
Ovol3	26.4	0	0	0	132	0	0
Ern1	26.4	0	0	0	132	0	0
Crybb1	26.4	0	0	0	132	0	0
Cryba4	26.4	0	0	0	132	0	0
Cdk12	26.4	0	0	0	132	0	0
Zc3h6	26.2	0	0	0	131	0	0
Slc37a1	26.2	0	0	0	131	0	0
Hoxc8	26.2	0	0	0	131	0	0
Commd1	26.2	0	0	0	131	0	0
Acy1	26.2	0	0	0	131	0	0
Usp18	26.0	0	0	0	130	0	0
Ubtf	26.0	0	0	0	130	0	0
Rsrc2	26.0	0	0	0	130	0	0
Mast3	26.0	0	0	0	130	0	0
Kntc1	26.0	0	0	0	130	0	0
Klf3	26.0	0	0	0	130	0	0
Fam227b	26.0	0	0	0	130	0	0
Dtwd1	26.0	0	0	0	130	0	0
Btg1	26.0	0	0	0	130	0	0
Sephs1	25.8	0	0	0	129	0	0
Map3k5	25.8	0	0	0	129	0	0
Bms1	25.8	0	0	0	129	0	0
Bhlhe40	25.8	0	0	0	129	0	0
Zswim7	25.6	0	0	0	128	0	0
Ubtd1	25.6	0	0	0	128	0	0
Ttc19	25.6	0	0	0	128	0	0
Trim8	25.6	0	0	0	128	0	0
Tmem205	25.6	0	0	0	128	0	0
Prim2	25.6	0	0	0	128	0	0
Pomgnt2	25.6	0	0	0	128	0	0
Mms19	25.6	0	0	0	128	0	0
Lemd2	25.6	0	0	0	128	0	0
Gpha2	25.6	0	0	0	128	0	0
Fam25c	25.6	0	0	0	128	0	0
Endod1	25.6	0	0	0	128	0	0
Ccdc159	25.6	0	0	0	128	0	0
Tbcel	25.4	0	0	0	127	0	0
Spop	25.4	0	0	0	127	0	0
Rev3l	25.2	0	0	0	126	0	0
Pag1	25.2	0	0	0	126	0	0
Nfam1	25.2	0	0	0	126	0	0
Kcna7	25.0	0	0	0	125	0	0
Crip1	25.0	0	0	0	125	0	0
Creb5	25.0	0	0	0	125	0	0
Slc27a1	24.8	0	0	0	124	0	0
Rassf6	24.8	0	0	0	124	0	0
Micall1	24.8	0	0	0	124	0	0
Mfsd8	24.8	0	0	0	124	0	0
Jade1	24.8	0	0	124	0	0	0
Fabp12	24.8	0	0	0	124	0	0
Dyrk1a	24.8	0	0	0	124	0	0
Dlgap4	24.8	0	0	0	124	0	0
Bcl7a	24.8	0	0	0	124	0	0
Zbtb42	24.6	0	0	0	123	0	0
Tmem212	24.6	0	0	0	123	0	0
Rnf14	24.6	0	0	0	123	0	0
Pipox	24.6	0	0	0	123	0	0
Il33	24.6	0	0	0	123	0	0
Hadh	24.6	0	0	0	123	0	0
Akt1	24.6	0	0	0	123	0	0
Zfp644	24.4	0	0	0	122	0	0
Zcchc2	24.4	0	0	0	122	0	0
Tcerg1	24.4	0	0	0	122	0	0
Setd4	24.4	0	0	0	122	0	0
Nudt9	24.4	0	0	0	122	0	0
Nlrp6	24.4	0	0	0	122	0	0
Cbr1	24.4	0	0	0	122	0	0
AI661453	24.4	0	0	0	122	0	0
1700001C19Rik	24.4	0	0	0	122	0	0
Ubr2	24.2	0	0	0	121	0	0
Sft2d2	24.2	0	0	0	121	0	0
Pdk2	24.2	0	0	0	121	0	0
Nfia	24.2	0	0	0	121	0	0
Nfatc1	24.2	0	0	0	121	0	0
Il17rb	24.2	0	0	0	121	0	0
Hsp90ab1	24.2	0	0	121	0	0	0
Chdh	24.2	0	0	0	121	0	0
Ankhd1	24.2	0	0	121	0	0	0
Akr1c13	24.2	0	0	0	121	0	0
Prpf3	24.0	0	0	0	120	0	0
Pnliprp2	24.0	0	0	0	120	0	0
Inpp5a	24.0	0	0	0	120	0	0
Dbp	24.0	0	0	0	120	0	0
Actb	24.0	0	0	0	120	0	0
4932438H23Rik	24.0	0	0	0	120	0	0
Prss8	23.8	0	0	0	119	0	0
Ogfod2	23.8	0	0	119	0	0	0
Mpzl2	23.8	0	0	0	119	0	0
Maats1	23.8	0	0	0	119	0	0
Cox17	23.8	0	0	0	119	0	0
Arl6ip4	23.8	0	0	119	0	0	0
Tssc4	23.6	0	0	0	118	0	0
Rap1gap	23.6	0	0	0	118	0	0
Ppara	23.6	0	0	0	118	0	0
Pdilt	23.6	0	0	0	118	0	0
Akr1a1	23.6	0	0	0	118	0	0
Acsm5	23.6	0	0	0	118	0	0
Slc25a33	23.4	0	0	0	117	0	0
Ptprv	23.4	0	0	0	117	0	0
Ptpn7	23.4	0	0	0	117	0	0
P3h2	23.4	0	0	0	117	0	0
Elmod2	23.4	0	0	117	0	0	0
Atg14	23.4	0	0	0	117	0	0
Adprh	23.4	0	0	117	0	0	0
Xpo6	23.2	0	0	0	116	0	0
Igf1	23.2	0	0	0	116	0	0
Cox5a	23.2	0	0	0	116	0	0
Atxn7l3	23.2	0	0	0	116	0	0
Acsl1	23.2	0	0	0	116	0	0
Abr	23.2	0	0	116	0	0	0
Tgfa	23.0	0	0	0	115	0	0
Spata20	23.0	0	0	0	115	0	0
Slc1a5	23.0	0	0	0	115	0	0
Trappc8	22.8	0	0	0	114	0	0
Mtmr9	22.8	0	0	0	114	0	0
Ctrb1	22.8	0	0	0	114	0	0
Clec2d	22.8	0	0	114	0	0	0
Acad12	22.8	0	0	114	0	0	0
Tnfsf13	22.6	0	0	0	113	0	0
Tnfaip3	22.6	0	0	0	113	0	0
Tcte2	22.6	0	0	0	113	0	0
Senp3	22.6	0	0	0	113	0	0
Mpped2	22.6	0	0	0	113	0	0
Arhgap18	22.6	0	0	0	113	0	0
Afdn	22.6	0	0	0	113	0	0
Tpd52	22.4	0	0	0	112	0	0
Sp4	22.4	0	0	0	112	0	0
Macrod1	22.4	0	0	0	112	0	0
Kat2b	22.4	0	0	0	112	0	0
Fam120a	22.4	0	0	0	112	0	0
Dio1	22.4	0	0	0	112	0	0
Ddost	22.4	0	0	0	112	0	0
Dab2ip	22.4	0	0	0	112	0	0
Arrb1	22.4	0	0	112	0	0	0
Arl8b	22.4	0	0	0	112	0	0
Wdr82	22.2	0	0	0	111	0	0
Try4	22.2	0	0	0	111	0	0
Scx	22.2	0	0	0	111	0	0
Phf20l1	22.2	0	0	111	0	0	0
Opn3	22.2	0	0	0	111	0	0
Ndufb3	22.2	0	0	0	111	0	0
Mpv17	22.2	0	0	0	111	0	0
Insrr	22.2	0	0	111	0	0	0
Gm33887	22.2	0	0	0	111	0	0
Fam126b	22.2	0	0	0	111	0	0
Dck	22.2	0	0	0	111	0	0
Chml	22.2	0	0	0	111	0	0
Aqp8	22.2	0	0	0	111	0	0
Rnase4	22.0	0	0	0	110	0	0
Rabep2	22.0	0	0	0	110	0	0
Prom1	22.0	0	0	0	110	0	0
Prcd	22.0	0	0	0	110	0	0
Max	22.0	0	0	0	110	0	0
Fndc7	22.0	0	0	110	0	0	0
Cdkl2	22.0	0	0	110	0	0	0
Ang	22.0	0	0	0	110	0	0
Stard4	21.8	0	0	0	109	0	0
Prkaa1	21.8	0	0	0	109	0	0
Pnpo	21.8	0	0	0	109	0	0
Plekhm1	21.8	0	0	0	109	0	0
Pgap1	21.8	0	0	0	109	0	0
Pebp1	21.8	0	0	0	109	0	0
Kxd1	21.8	0	0	0	109	0	0
Gbp5	21.8	0	0	0	109	0	0
Fkbp8	21.8	0	0	0	109	0	0
Trpm3	21.6	0	0	0	108	0	0
Pgap6	21.6	0	0	0	108	0	0
Pappa	21.6	0	0	0	108	0	0
Fam32a	21.6	0	0	108	0	0	0
Tdrd3	21.4	0	0	0	107	0	0
Sos1	21.4	0	0	0	107	0	0
Snx7	21.4	0	0	0	107	0	0
Pink1	21.4	0	0	107	0	0	0
Osgin1	21.4	0	0	0	107	0	0
Mycbp2	21.4	0	0	0	107	0	0
Lrrc24	21.4	0	0	0	107	0	0
Card19	21.4	0	0	107	0	0	0
Bri3	21.4	0	0	0	107	0	0
Tox3	21.2	0	0	0	106	0	0
Sh3bgr	21.2	0	0	0	106	0	0
Serinc2	21.2	0	0	0	106	0	0
Pds5a	21.2	0	0	0	106	0	0
Lrp5	21.2	0	0	0	106	0	0
Klk1b8	21.2	0	0	0	106	0	0
Klk10	21.2	0	0	0	106	0	0
Gck	21.2	0	0	0	106	0	0
Dnajc7	21.2	0	0	0	106	0	0
Atp1a1	21.2	0	0	0	106	0	0
Zfp689	21.0	0	0	0	105	0	0
Rcbtb2	21.0	0	0	0	105	0	0
Atp6v1c1	21.0	0	0	0	105	0	0
Tmtc2	20.8	0	0	0	104	0	0
Sema6a	20.8	0	0	0	104	0	0
Rps21	20.8	0	0	0	104	0	0
Mrps31	20.8	0	0	0	104	0	0
Icam5	20.8	0	0	104	0	0	0
Icam4	20.8	0	0	104	0	0	0
Hbp1	20.8	0	0	104	0	0	0
Arl8a	20.8	0	0	104	0	0	0
Swap70	20.6	0	0	0	103	0	0
Slc35b4	20.6	0	0	0	103	0	0
Gdi2	20.6	0	0	103	0	0	0
Cuedc1	20.6	0	0	0	103	0	0
Slc33a1	20.4	0	0	102	0	0	0
Lipe	20.4	0	0	102	0	0	0
Junb	20.4	0	0	102	0	0	0
Golph3l	20.4	0	0	0	102	0	0
Gchfr	20.4	0	0	0	102	0	0
Arsg	20.4	0	0	0	102	0	0
Abhd2	20.4	0	0	0	102	0	0
Noxo1	20.2	0	0	0	101	0	0
Gnb2	20.2	0	0	0	101	0	0
Gfer	20.2	0	0	0	101	0	0
Fer1l6	20.2	0	0	0	101	0	0
Tspan1	20.0	0	0	0	100	0	0
Top1mt	20.0	0	0	0	100	0	0
Tnk1	20.0	0	0	0	100	0	0
Smad3	20.0	0	0	0	100	0	0
Pnkp	20.0	0	0	0	100	0	0
Pcgf5	20.0	0	0	0	100	0	0
Gapdh	20.0	0	0	0	100	0	0
Dsel	20.0	0	0	100	0	0	0
Bptf	20.0	0	0	0	100	0	0
Atp2c2	20.0	0	0	0	100	0	0
Akt1s1	20.0	0	0	0	100	0	0
Zfp180	19.8	0	0	0	99	0	0
Tax1bp3	19.8	0	0	0	99	0	0
Spty2d1	19.8	0	0	99	0	0	0
Spast	19.8	0	0	99	0	0	0
Nfix	19.8	0	0	0	99	0	0
Hspb1	19.8	0	0	0	99	0	0
H4c11	19.8	0	0	0	99	0	0
Emc6	19.8	0	0	0	99	0	0
Dstn	19.8	0	0	99	0	0	0
Socs3	19.6	0	0	98	0	0	0
Rab3d	19.6	0	0	0	98	0	0
Prkag2	19.6	0	0	0	98	0	0
Pigo	19.6	0	0	0	98	0	0
Nhej1	19.6	0	0	0	0	98	0
Klhl8	19.6	0	0	0	98	0	0
Hes6	19.6	0	0	0	98	0	0
Dtnb	19.4	0	0	0	97	0	0
Tmem123	19.2	0	0	96	0	0	0
Rpl7a	19.0	0	0	0	95	0	0
Rccd1	19.0	0	0	0	95	0	0
Nab1	19.0	0	0	0	95	0	0
Med22	19.0	0	0	0	95	0	0
Magix	19.0	0	0	0	95	0	0
Eva1b	19.0	0	0	0	95	0	0
Cyp4f40	19.0	0	0	0	95	0	0
Ubqln4	18.8	0	0	0	94	0	0
Sf3b2	18.8	0	0	94	0	0	0
Rnf39	18.8	0	0	0	94	0	0
Rab25	18.8	0	0	0	94	0	0
Lamtor2	18.8	0	0	0	94	0	0
Ilkap	18.8	0	0	0	94	0	0
Gal3st3	18.8	0	0	94	0	0	0
Rnf122	18.6	0	0	0	93	0	0
Lama5	18.6	0	0	0	93	0	0
Acvr1b	18.6	0	0	0	93	0	0
Mt1	18.4	0	0	0	92	0	0
Mrpl23	18.4	0	0	0	92	0	0
Ipo13	18.4	0	0	0	92	0	0
Il11ra1	18.4	0	0	92	0	0	0
Galt	18.4	0	0	92	0	0	0
Atxn1l	18.4	0	0	92	0	0	0
Rab2a	18.2	0	0	0	91	0	0
Phf1	18.2	0	0	0	91	0	0
Il17rc	18.2	0	0	0	91	0	0
Gatad2a	18.2	0	0	0	91	0	0
Cyp1b1	18.2	0	0	0	91	0	0
Arhgef19	18.2	0	0	0	91	0	0
Rnf135	18.0	0	0	90	0	0	0
Oma1	18.0	0	0	90	0	0	0
Mettl23	18.0	0	0	90	0	0	0
Il15	18.0	0	0	90	0	0	0
Abhd18	18.0	0	0	90	0	0	0
Prrc2c	17.8	0	0	0	89	0	0
Ndufa6	17.8	0	0	89	0	0	0
Mob4	17.8	0	0	0	89	0	0
Mcidas	17.8	0	0	0	89	0	0
Dhdh	17.8	0	0	0	89	0	0
Vav1	17.6	0	0	88	0	0	0
Sox6	17.6	0	0	0	88	0	0
Pcdh10	17.6	0	0	88	0	0	0
Tsc22d1	17.4	0	0	0	87	0	0
Rsad1	17.4	0	0	0	87	0	0
Naa80	17.4	0	0	0	87	0	0
Mtg1	17.4	0	0	0	87	0	0
Hyal3	17.4	0	0	0	87	0	0
Hyal1	17.4	0	0	0	87	0	0
Clic4	17.4	0	0	87	0	0	0
Ammecr1l	17.4	0	0	0	87	0	0
Stom	17.2	0	0	86	0	0	0
Scaf11	17.2	0	0	86	0	0	0
Kazald1	17.2	0	0	0	86	0	0
Gm10033	17.2	0	0	0	86	0	0
Clk4	17.2	0	0	86	0	0	0
BC049762	17.2	0	0	86	0	0	0
Hamp2	17.0	0	0	85	0	0	0
Acadm	17.0	0	0	85	0	0	0
Zbtb40	16.8	0	0	0	84	0	0
Slx1b	16.8	0	0	84	0	0	0
Sh2d4a	16.8	0	0	0	84	0	0
Serpinh1	16.8	0	0	84	0	0	0
Gm4981	16.8	0	0	84	0	0	0
Dux	16.8	0	0	84	0	0	0
Cavin1	16.8	0	0	0	84	0	0
Bola2	16.8	0	0	84	0	0	0
Atp1b3	16.8	0	0	84	0	0	0
Itga3	16.6	0	0	0	83	0	0
Ilvbl	16.6	0	0	83	0	0	0
Gtf3c2	16.6	0	0	83	0	0	0
Cd276	16.6	0	0	83	0	0	0
Kat6a	16.4	0	0	0	82	0	0
Gper1	16.4	0	0	82	0	0	0
Gale	16.4	0	0	0	82	0	0
Elp5	16.4	0	0	82	0	0	0
Ctdnep1	16.4	0	0	82	0	0	0
Tpp2	16.2	0	0	81	0	0	0
Tk2	16.2	0	0	81	0	0	0
Cklf	16.2	0	0	81	0	0	0
Echdc3	16.0	0	0	0	80	0	0
Tbl2	15.8	0	0	0	79	0	0
Sbk1	15.8	0	0	0	79	0	0
Nectin1	15.8	0	0	0	79	0	0
Hrh1	15.8	0	0	0	79	0	0
Vps13b	15.6	0	0	78	0	0	0
Slc25a15	15.6	0	0	0	78	0	0
Rc3h1	15.6	0	0	78	0	0	0
Tgif2	15.4	0	0	0	77	0	0
Metrnl	15.4	0	0	77	0	0	0
Sertad3	15.2	0	0	76	0	0	0
Arl4a	14.8	0	0	74	0	0	0
Dlc1	14.6	0	0	0	0	73	0
Orai2	14.4	0	0	72	0	0	0
Nfkbiz	14.4	0	0	72	0	0	0
Stxbp3	14.2	0	0	71	0	0	0
Pkn2	14.0	0	0	70	0	0	0
Akt2	14.0	0	0	70	0	0	0
Srr	13.6	0	0	0	68	0	0
Smg6	13.6	0	0	0	68	0	0
Fam90a1b	13.6	0	0	68	0	0	0
Cops4	13.6	0	0	68	0	0	0
Apoo	13.6	0	0	68	0	0	0
Limk2	13.4	0	0	67	0	0	0
Mthfr	12.6	0	0	63	0	0	0
Kif27	12.6	0	0	63	0	0	0
Clcn6	12.6	0	0	63	0	0	0
Chfr	12.6	0	0	63	0	0	0
Klf15	11.8	0	0	0	59	0	0
Car9	10.4	0	0	52	0	0	0
Arhgef39	10.4	0	0	52	0	0	0
Igfbp5	0.0	0	0	0	0	0	438
