Target_genes	Tcf7l1|Average	SRX096020|3T3-L1	SRX5825954|Nephron_progenitor	SRX5825955|Nephron_progenitor	SRX5825976|Nephron_progenitor	SRX5825977|Nephron_progenitor	SRX5825998|Nephron_progenitor	SRX5825999|Nephron_progenitor	STRING
Cldn34d	1064.0	650	821	788	1239	1067	1465	1418	0
Kpna1	866.285714	671	679	686	822	1343	994	869	0
Il31ra	607.0	307	567	415	734	950	696	580	0
Brox	601.142857	484	280	569	617	384	1010	864	0
Aida	601.142857	484	280	569	617	384	1010	864	0
Amotl2	514.571429	0	457	124	0	0	1220	1801	0
Stx16	511.285714	0	413	312	226	153	1123	1352	0
Ilf2	504.0	0	784	231	390	327	981	815	0
Hoxb4	469.285714	0	876	352	0	0	878	1179	0
Hoxb3	469.285714	0	876	352	0	0	878	1179	0
Trim7	420.285714	0	886	155	441	250	723	487	0
Lamb1	419.0	0	779	217	0	0	834	1103	0
Calr4	384.285714	0	201	0	0	0	1149	1340	0
Mok	353.714286	0	1062	163	386	291	157	417	0
Cmtm4	342.571429	0	0	0	0	0	647	1751	0
Nemf	338.857143	0	1134	117	194	492	305	130	0
Zfp692	336.142857	0	981	158	393	247	317	257	0
Prmt5	331.0	0	993	307	322	247	178	270	0
Hes7	320.571429	0	942	252	381	266	226	177	0
Zfp839	308.0	0	1062	163	386	291	157	97	0
Agbl5	305.285714	0	963	204	307	329	162	172	0
C1qtnf7	294.0	0	0	0	0	0	712	1346	0
Ctnna3	289.428571	0	667	0	383	171	485	320	0
Ppp6r3	287.571429	0	743	0	173	213	593	291	0
Fmc1	283.428571	0	702	124	297	257	319	285	0
Knl1	278.571429	0	620	155	211	175	437	352	0
Plxdc1	272.285714	0	582	254	280	144	297	349	0
Dtnb	269.571429	0	0	0	0	0	610	1277	0
Oasl1	267.714286	612	0	0	324	300	396	242	0
Ndufs7	254.142857	0	1129	173	224	253	0	0	0
Aldh1a2	254.0	0	289	97	0	0	467	925	0
Tia1	253.0	0	802	112	240	190	248	179	0
Rnase4	243.142857	0	761	184	255	252	250	0	0
Ang	243.142857	0	761	184	255	252	250	0	0
Nr1i3	235.857143	0	0	0	0	0	717	934	0
Pkig	234.857143	0	0	0	0	0	547	1097	0
Sacm1l	231.857143	0	941	155	322	205	0	0	0
Pax2	227.428571	0	282	0	0	0	542	768	0
Gm14092	225.714286	0	0	0	0	0	577	1003	0
Aloxe3	224.857143	0	556	169	297	149	226	177	0
Etl4	221.428571	0	255	116	0	0	415	764	0
Pknox2	220.571429	0	0	0	0	0	647	897	0
Chrna6	220.571429	0	441	0	0	0	203	900	0
Polg	216.857143	0	640	192	172	156	222	136	0
Sspn	215.857143	121	244	0	317	378	273	178	0
Cpd	215.571429	0	157	0	0	0	653	699	0
Lta4h	209.428571	0	532	126	209	153	222	224	0
Wbp4	203.285714	0	699	160	338	226	0	0	0
Elf1	203.285714	0	699	160	338	226	0	0	0
Rps29	201.142857	0	707	0	177	253	271	0	0
Cyp1b1	199.571429	0	0	0	0	0	567	830	0
Usp47	199.428571	0	0	0	0	0	385	1011	0
Mettl26	194.0	0	580	0	273	160	154	191	0
Rheb	191.428571	0	0	0	0	0	522	818	0
Asmt	190.571429	140	249	143	0	205	367	230	0
2610301B20Rik	183.285714	0	830	0	236	217	0	0	0
Mynn	178.571429	0	598	0	380	128	144	0	0
Actrt3	178.571429	0	598	0	380	128	144	0	0
Rab11a	178.285714	0	635	0	273	108	232	0	0
Vapb	177.142857	0	525	0	0	0	206	509	0
Tcstv3	175.571429	393	0	0	117	0	469	250	0
Cyb561d1	175.0	0	0	0	0	0	526	699	0
Mdm4	170.142857	0	677	123	240	151	0	0	0
Imp4	170.0	0	751	0	239	200	0	0	0
Ccdc115	170.0	0	751	0	239	200	0	0	0
Trim41	169.714286	0	427	149	181	201	230	0	0
Psmb3	169.428571	0	624	189	247	126	0	0	0
Pcgf2	169.428571	0	624	189	247	126	0	0	0
Vwa3b	168.857143	0	0	0	0	0	422	760	0
Ptk7	167.142857	0	0	0	0	0	467	703	0
Sp5	164.571429	0	0	0	0	0	370	782	0
Ppm1e	164.285714	0	101	0	0	0	211	838	0
Insl5	163.142857	0	0	0	0	0	567	575	0
Pepd	161.714286	0	293	0	0	0	347	492	0
Tbc1d8	158.285714	0	0	0	0	0	392	716	0
Cdh22	158.285714	0	145	0	0	0	288	675	0
Tmem125	155.857143	282	0	0	200	215	284	110	0
Npepl1	155.857143	0	0	0	0	0	364	727	0
Ifna13	155.142857	0	370	207	242	0	141	126	0
Brms1	154.142857	0	404	0	168	143	224	140	0
B4gat1	154.142857	0	404	0	168	143	224	140	0
Megf10	152.714286	0	229	118	0	0	225	497	0
Borcs6	152.0	0	672	0	231	161	0	0	0
Il21	150.857143	0	159	0	0	0	326	571	0
Tex14	148.857143	0	410	0	82	0	188	362	0
Sult6b2	147.857143	0	0	0	0	0	386	649	0
Gtf2b	146.857143	0	103	0	0	0	444	481	0
Ss18l2	143.857143	0	186	0	0	0	247	574	0
Ncam1	143.571429	0	0	0	0	0	429	576	0
Zfp503	140.142857	0	407	0	0	0	165	409	0
Ptpn13	139.857143	0	0	0	0	0	409	570	0
Smarcc2	139.571429	0	464	0	213	0	157	143	0
Rs1	138.428571	0	408	0	0	133	278	150	0
Btn1a1	136.857143	0	414	149	281	114	0	0	0
Plekhg2	129.571429	0	591	0	316	0	0	0	0
Megf9	128.142857	0	101	0	0	0	221	575	0
Bahcc1	123.571429	0	168	0	0	0	341	356	0
Zfp184	121.714286	0	437	0	171	120	124	0	0
Ahdc1	121.285714	0	0	0	0	0	307	542	0
Secisbp2	121.0	0	80	0	0	0	207	560	0
Nr2f6	121.0	0	83	0	0	0	204	560	0
C77080	120.857143	0	0	0	0	0	340	506	0
Limk2	119.571429	0	0	0	0	0	276	561	0
Shroom3	115.571429	0	133	0	0	0	221	455	0
Robo2	114.142857	0	0	0	0	0	154	645	0
Kifc1	113.571429	0	0	0	0	0	302	493	0
Bcat2	112.714286	0	0	0	0	0	296	493	0
Dcn	111.0	0	0	0	0	0	263	514	0
Galk2	109.714286	0	0	0	0	0	348	420	0
Lce1m	109.571429	0	0	0	0	0	268	499	0
Crct1	109.571429	0	0	0	0	0	268	499	0
Rspo1	109.428571	0	0	0	0	0	341	425	0
Higd1c	106.857143	0	0	0	0	0	370	378	0
1600014C10Rik	106.714286	0	0	0	0	0	0	747	0
Evi2b	106.285714	0	0	0	0	0	272	472	0
Axin2	106.142857	0	0	0	0	0	295	448	0
Sulf1	105.285714	0	0	0	0	0	222	515	0
Cep152	105.0	0	0	0	0	0	270	465	0
Vmn2r102	104.571429	186	0	0	203	119	224	0	0
Mapk8ip1	104.571429	0	0	0	0	0	297	435	0
Smad3	104.285714	0	0	0	0	0	273	457	0
Spock2	104.0	0	0	0	0	0	207	521	0
Nmnat3	103.857143	0	0	0	0	0	231	496	0
Acp6	103.714286	0	288	0	194	244	0	0	0
Gsr	102.714286	0	0	0	0	0	303	416	0
Oog1	102.428571	0	0	0	0	0	233	484	0
Gm2042	102.428571	0	0	0	0	0	233	484	0
H4c8	101.142857	0	232	0	0	0	194	282	0
H3c8	101.142857	0	232	0	0	0	194	282	0
H2ac10	101.142857	0	232	0	0	0	194	282	0
Rxra	100.857143	0	0	0	0	0	254	452	0
Polr3e	100.571429	0	444	0	107	153	0	0	0
Plxnb1	100.285714	0	0	0	0	0	276	426	0
Txndc2	99.428571	0	0	0	0	0	98	598	0
Pde10a	98.0	0	0	0	0	0	217	469	0
Bhlhe40	98.0	0	96	0	0	0	188	402	0
Pim1	97.857143	0	0	0	0	0	239	446	0
Slc45a3	97.285714	0	139	0	0	0	216	326	0
Slc43a2	97.285714	0	0	0	0	0	165	516	0
Dkk1	97.0	0	0	0	0	0	267	412	0
Arf3	95.428571	0	0	0	0	0	219	449	0
Efs	94.571429	0	0	0	0	0	239	423	0
Apobec2	94.571429	0	0	0	0	0	162	500	0
Cfap126	94.285714	0	496	0	0	164	0	0	0
Klk1b27	94.142857	0	0	0	0	0	185	474	0
Bnip3	93.0	0	0	0	0	0	317	334	0
Foxp1	92.857143	0	0	0	0	0	201	449	0
Plch1	92.571429	0	0	0	0	0	250	398	0
Ssbp4	92.428571	0	0	0	0	0	223	424	0
Tex36	92.285714	0	0	0	0	0	208	438	0
Myo7b	91.857143	0	0	0	0	0	243	400	0
Trim2	91.571429	0	209	0	0	0	149	283	0
Uchl4	91.428571	0	0	0	0	0	0	640	0
Pdia4	91.428571	0	0	0	0	0	291	349	0
Slc52a3	90.428571	0	0	0	0	0	268	365	0
Pum1	90.0	0	0	0	0	0	197	433	0
Insig2	89.857143	0	0	0	0	0	276	353	0
Klf3	88.428571	0	0	0	0	0	204	415	0
Tanc1	88.285714	0	0	0	0	0	181	437	0
Sirt1	88.285714	0	153	0	0	0	160	305	0
Uqcc2	88.142857	0	0	0	0	0	247	370	0
Aurkb	88.0	0	317	0	178	121	0	0	0
Znrf3	87.857143	0	0	0	0	0	220	395	0
H2bc13	87.714286	0	614	0	0	0	0	0	0
Ubald2	87.285714	0	0	0	0	0	275	336	0
Fgf20	87.0	0	0	0	0	0	198	411	0
Stac2	86.714286	0	0	0	0	0	278	329	0
Trp53i11	85.285714	0	0	0	0	0	203	394	0
Dusp2	85.285714	0	0	0	0	0	197	400	0
Astl	85.285714	0	0	0	0	0	197	400	0
Zadh2	84.714286	0	0	0	0	0	244	349	0
Tshz1	84.714286	0	0	0	0	0	244	349	0
Sntb2	84.0	0	0	0	0	0	247	341	0
Nab2	83.714286	0	0	0	0	0	254	332	0
Ldhb	83.714286	0	0	0	0	0	289	297	0
Thoc2	83.571429	0	0	0	0	0	162	423	0
Tmem128	83.428571	0	0	0	0	0	210	374	0
Rab11fip2	83.142857	0	0	0	0	0	206	376	0
Figla	82.714286	0	0	0	0	0	0	579	0
Sugp1	82.142857	0	369	0	0	0	0	206	0
Mau2	82.142857	0	369	0	0	0	0	206	0
Taf1	81.857143	0	164	0	0	0	198	211	0
Sema4d	81.714286	0	0	0	0	0	143	429	0
Pcbp4	81.714286	0	0	0	0	0	256	316	0
Cacna1c	81.571429	0	323	0	0	0	137	111	0
Zbtb46	81.285714	0	0	0	0	0	222	347	0
Pgm2l1	81.285714	0	0	0	0	0	209	360	0
Nlrp3	81.285714	0	0	0	0	0	308	261	0
Ptms	81.0	0	0	0	0	0	224	343	0
Sptlc2	80.857143	0	0	0	0	0	221	345	0
Zmynd8	80.0	0	0	0	0	0	233	327	0
Neurl1a	79.714286	0	0	0	0	0	261	297	0
Rp1l1	79.0	0	0	0	0	0	164	389	0
Gas1	78.714286	0	0	0	0	0	187	364	0
Ankar	78.714286	0	0	0	203	163	185	0	0
Zcchc3	77.857143	0	0	0	0	0	247	298	0
6820408C15Rik	77.857143	0	0	0	0	0	247	298	0
Cd302	77.714286	0	0	0	0	0	213	331	0
Klk1b21	77.428571	0	0	0	0	0	101	441	0
Scn5a	76.857143	0	0	0	0	0	238	300	0
Sobp	75.857143	0	0	0	0	0	124	407	0
Nkain3	75.714286	0	0	0	0	0	241	289	0
Csf2ra	75.714286	530	0	0	0	0	0	0	0
Npcd	75.0	0	0	0	0	0	340	185	0
Cbx6	75.0	0	0	0	0	0	340	185	0
Lrrc18	74.714286	0	0	0	0	0	255	268	0
Stxbp6	74.571429	0	0	0	0	0	218	304	0
Gm13290	74.571429	0	395	0	0	0	0	127	0
Gm13289	74.571429	0	395	0	0	0	0	127	0
Gm13285	74.571429	0	395	0	0	0	0	127	0
Prxl2a	74.0	0	0	0	0	0	135	383	0
Ndc1	74.0	0	171	0	0	0	240	107	0
Fam50b	73.714286	0	0	0	0	0	170	346	0
Olfm4	73.571429	0	0	0	0	0	139	376	0
Rnf5	73.285714	0	0	0	0	0	224	289	0
Agpat1	73.285714	0	0	0	0	0	224	289	0
Tmem121b	73.0	0	0	0	0	0	237	274	0
Adora2a	72.857143	0	0	0	0	0	282	228	0
Rbms3	72.571429	0	0	0	0	0	234	274	0
Pcsk5	72.0	0	0	0	0	0	168	336	0
Sema3c	71.571429	0	0	0	0	0	112	389	0
Kifc5b	71.571429	0	0	0	0	0	233	268	0
Mrgpre	71.428571	0	114	0	0	0	205	181	0
Brd3os	71.142857	0	0	0	0	0	204	294	0
Rin2	71.0	0	254	0	0	0	127	116	0
Mycn	70.857143	0	0	0	0	0	144	352	0
Thumpd3	70.285714	0	124	0	0	0	122	246	0
Tubgcp3	70.142857	0	0	0	0	0	168	323	0
Trp63	70.142857	0	0	0	0	0	147	344	0
Zmiz1	70.0	0	0	0	0	0	194	296	0
Tcam1	70.0	0	0	0	0	0	158	332	0
Smarcd2	70.0	0	0	0	0	0	158	332	0
Oaf	69.857143	0	0	0	0	0	154	335	0
Plk2	69.571429	0	0	0	0	0	215	272	0
Wbp1	69.285714	0	0	0	0	0	196	289	0
Ino80b	69.285714	0	0	0	0	0	196	289	0
Bcar3	68.142857	0	398	0	0	0	79	0	0
Zswim6	68.0	0	0	0	0	0	159	317	0
Sgms2	68.0	0	0	0	0	0	205	271	0
Fmo6	68.0	0	0	0	0	0	152	324	0
Cldn24	68.0	0	0	0	0	0	200	276	0
Cldn22	68.0	0	0	0	0	0	200	276	0
Ust	67.571429	0	0	0	0	0	137	336	0
Iigp1	67.285714	0	0	0	0	0	152	319	0
Faf1	67.0	0	82	0	0	0	150	237	0
Acaa2	66.857143	0	0	0	0	0	129	339	0
Bcat1	66.714286	0	270	0	0	0	0	197	0
Bmper	66.571429	0	0	0	0	0	239	227	0
Pradc1	66.285714	0	0	0	0	0	199	265	0
Cct7	66.285714	0	0	0	0	0	199	265	0
Tns2	66.142857	0	0	0	0	0	165	298	0
Tgfbi	66.0	0	0	0	0	0	239	223	0
Fcgr3	65.714286	0	460	0	0	0	0	0	0
Vasn	65.571429	0	0	0	0	0	198	261	0
Galnt6	65.571429	0	0	0	0	0	180	279	0
Foxd1	65.285714	0	0	0	0	0	151	306	0
Dars	65.285714	0	143	0	0	0	0	314	0
Cwc22	65.142857	0	365	0	0	0	0	91	0
Dock9	65.0	0	0	0	0	0	173	282	0
Tmem135	64.857143	0	0	0	0	0	194	260	0
Fzd4	64.857143	0	0	0	0	0	194	260	0
Ank1	64.857143	0	0	0	0	0	150	304	0
Inf2	64.714286	0	0	0	0	0	231	222	0
Usp50	63.714286	0	0	0	0	0	152	294	0
Txnl4b	63.571429	0	107	0	0	0	0	338	0
Rbm25	63.571429	0	0	0	0	0	234	211	0
Dhx38	63.571429	0	107	0	0	0	0	338	0
Tnfrsf19	63.428571	0	71	0	0	0	174	199	0
Socs3	63.142857	0	0	0	0	0	147	295	0
Pomp	62.857143	0	0	0	0	0	173	267	0
Ntmt1	62.857143	0	0	0	0	0	159	281	0
1700001O22Rik	62.857143	0	0	0	0	0	159	281	0
Arid3b	62.571429	0	0	0	0	0	108	330	0
Schip1	62.285714	0	0	0	0	0	120	316	0
Zmym5	62.142857	0	0	0	0	0	122	313	0
Vamp4	62.142857	0	0	0	0	0	231	204	0
Elovl6	62.0	0	0	0	0	0	128	306	0
Mpp7	61.714286	0	432	0	0	0	0	0	0
Etv3l	61.571429	0	0	0	0	0	160	271	0
Septin9	61.428571	0	0	0	0	0	154	276	0
Hjurp	61.285714	0	98	0	0	0	135	196	0
A730008H23Rik	61.285714	0	98	0	0	0	135	196	0
Ywhab	61.142857	0	0	0	0	0	232	196	0
Cdh10	61.142857	0	0	0	0	0	124	304	0
Septin11	60.714286	0	0	0	0	0	210	215	0
Plekhf1	60.714286	0	0	0	0	0	149	276	0
Myorg	60.571429	0	0	0	0	0	150	274	0
1110017D15Rik	60.571429	0	0	0	0	0	150	274	0
Shisa3	60.142857	0	197	0	0	0	0	224	0
Rbp1	60.142857	0	0	0	0	0	109	312	0
Nr2f2	60.142857	0	0	0	0	0	194	227	0
Cpz	59.857143	0	0	0	0	0	141	278	0
Sh3bp5	59.714286	0	0	0	0	0	110	308	0
Fbxw7	59.714286	0	0	0	0	0	140	278	0
Cdh12	59.714286	270	0	0	0	148	0	0	0
Arhgap18	59.714286	0	0	0	0	0	180	238	0
Tle2	59.571429	0	0	0	0	0	170	247	0
Rdm1	59.571429	0	417	0	0	0	0	0	0
Sprr2b	59.285714	0	0	0	0	0	415	0	0
Trps1	59.0	0	0	0	0	0	226	187	0
Mrc2	58.285714	0	0	0	0	0	167	241	0
Pdzd3	58.142857	0	0	0	0	0	190	217	0
Olfml2a	58.142857	0	0	0	0	0	0	407	0
Bpifb5	57.857143	0	0	0	0	0	197	208	0
Usp16	57.714286	0	0	0	0	0	141	263	0
Actn1	57.714286	0	0	0	0	0	186	218	0
H2-DMa	57.571429	0	0	0	0	0	111	292	0
Brd2	57.571429	0	0	0	0	0	111	292	0
LOC100862220	57.285714	0	0	0	0	0	0	401	0
Gm21953	57.285714	0	0	0	0	0	0	401	0
Gm21586	57.285714	0	0	0	0	0	0	401	0
Gm20878	57.285714	0	0	0	0	0	0	401	0
Fam205a4	57.285714	0	0	0	0	0	0	401	0
Fam205a3	57.285714	0	0	0	0	0	0	401	0
Fam227b	57.142857	0	0	0	0	218	182	0	0
Dtwd1	57.142857	0	0	0	0	218	182	0	0
Srbd1	57.0	0	0	0	0	0	245	154	0
Ptpn6	57.0	0	0	0	0	0	229	170	0
Grcc10	57.0	0	0	0	0	0	229	170	0
Masp1	56.857143	0	0	0	0	0	210	188	0
Adam2	56.857143	0	0	0	0	0	152	246	0
Dst	56.714286	0	0	0	0	0	249	148	0
Sp4	56.571429	0	0	0	0	0	179	217	0
Slc22a28	56.571429	0	0	0	0	0	90	306	0
Gpnmb	56.571429	0	254	0	0	0	0	142	0
Hes1	56.142857	0	0	0	0	0	173	220	0
Sost	56.0	0	0	0	0	0	178	214	0
Pltp	55.714286	0	0	0	0	0	169	221	0
Cenpu	55.285714	0	0	0	0	0	221	166	0
Casq1	55.142857	0	0	0	0	0	191	195	0
Gm4791	54.714286	0	205	0	0	0	0	178	0
Pik3r3	54.142857	0	0	0	0	0	168	211	0
Pip5k1b	54.0	0	0	0	0	0	119	259	0
Grb7	54.0	0	378	0	0	0	0	0	0
Six4	53.857143	0	0	0	0	0	135	242	0
Rpusd1	53.714286	0	0	0	0	0	195	181	0
Chtf18	53.714286	0	0	0	0	0	195	181	0
Plcl2	53.571429	0	0	0	0	0	94	281	0
Fam168a	53.571429	0	88	0	0	0	112	175	0
Vwc2	53.285714	0	0	0	0	0	169	204	0
Reep3	53.142857	0	0	0	0	0	119	253	0
Cdhr1	53.142857	0	0	0	0	0	182	190	0
Ccnl2	53.142857	0	0	0	0	0	0	372	0
Rbm47	53.0	0	142	0	0	0	99	130	0
Prkdc	52.571429	0	0	0	0	176	192	0	0
Lasp1	52.428571	0	246	0	0	0	121	0	0
Ppp2r2d	52.142857	0	0	0	0	0	158	207	0
Mapk1ip1	52.142857	0	0	0	0	0	158	207	0
Trim62	52.0	0	0	0	0	0	152	212	0
Nvl	51.571429	0	120	0	0	0	97	144	0
Gpr142	51.428571	0	0	0	0	0	175	185	0
Btbd17	51.428571	0	0	0	0	0	175	185	0
Rgl1	51.285714	0	0	0	0	0	163	196	0
Arpc5	51.285714	0	0	0	0	0	163	196	0
Cap1	51.142857	0	0	0	0	0	164	194	0
Ascc3	51.142857	0	0	0	0	0	163	195	0
Svopl	51.0	0	0	0	0	0	140	217	0
Fzd7	50.714286	0	0	0	0	0	172	183	0
Spag8	50.428571	0	0	0	0	0	0	353	0
Hint2	50.428571	0	0	0	0	0	0	353	0
Mcrs1	50.142857	0	0	0	0	0	159	192	0
Etv1	50.142857	0	0	0	0	0	108	243	0
Ets2	50.142857	0	0	0	0	0	140	211	0
Magi1	49.428571	0	0	0	0	0	169	177	0
Car12	49.428571	0	0	0	0	0	0	346	0
Ccdc107	49.285714	0	345	0	0	0	0	0	0
Setbp1	48.857143	0	0	0	0	0	164	178	0
Cd55	48.857143	0	0	0	0	0	122	220	0
Zdhhc12	48.571429	0	0	0	0	0	189	151	0
Usp28	48.571429	0	0	0	0	0	152	188	0
Zfp12	48.285714	0	0	0	0	0	230	108	0
Tpst2	48.285714	0	0	0	0	0	149	189	0
Prr23a1	48.285714	0	0	0	0	0	158	180	0
Rab35	48.0	0	0	0	0	0	194	142	0
Hoxc6	48.0	0	336	0	0	0	0	0	0
Hoxc5	48.0	0	336	0	0	0	0	0	0
Eda2r	48.0	0	0	0	0	0	101	235	0
Phf13	47.857143	0	0	0	0	0	153	182	0
Josd1	47.857143	0	0	0	0	0	150	185	0
Gtpbp1	47.857143	0	0	0	0	0	150	185	0
Gm973	47.714286	0	0	0	0	0	197	137	0
Pip4p2	47.571429	0	0	0	0	0	184	149	0
Krt76	47.571429	0	185	0	0	0	0	148	0
Krt15	47.571429	0	0	0	0	0	162	171	0
Tnrc18	47.428571	0	0	0	0	0	166	166	0
Fbn2	47.428571	0	0	0	0	0	153	179	0
Fnip2	47.285714	0	0	0	0	0	83	248	0
Rara	47.142857	0	0	0	0	0	155	175	0
Maml3	47.0	0	0	0	0	0	154	175	0
Cited2	47.0	0	0	0	0	0	112	217	0
Kalrn	46.857143	0	0	0	0	0	0	328	0
Prkag2	46.571429	0	0	0	0	0	119	207	0
Ezh1	46.571429	0	0	0	0	0	0	326	0
Spa17	46.428571	0	0	0	0	0	150	175	0
Siae	46.428571	0	0	0	0	0	150	175	0
Myzap	46.428571	0	0	0	0	0	162	163	0
Arhgef11	46.285714	0	0	0	0	0	0	324	0
Tmem35a	46.0	0	0	0	0	0	160	162	0
Plec	46.0	0	0	0	0	0	122	200	0
Ccdc184	46.0	0	0	0	0	0	0	322	0
Gpr146	45.428571	0	0	0	0	0	0	318	0
Exd1	45.428571	0	0	0	0	0	133	185	0
Chp1	45.428571	0	0	0	0	0	133	185	0
P2rx7	45.0	0	0	0	0	0	0	315	0
Leprotl1	44.857143	0	0	0	0	0	125	189	0
Ctdsp1	44.714286	0	0	0	0	0	132	181	0
Ifnz	44.571429	0	312	0	0	0	0	0	0
Gm13272	44.571429	0	312	0	0	0	0	0	0
Trappc9	44.428571	0	0	0	0	0	217	94	0
Med16	44.428571	0	311	0	0	0	0	0	0
Gm13276	44.428571	0	311	0	0	0	0	0	0
Slc39a11	44.285714	0	0	0	0	0	146	164	0
Sema3f	44.285714	0	0	0	0	0	148	162	0
Pcmt1	44.285714	0	0	0	0	0	131	179	0
Lats1	44.285714	0	0	0	0	0	131	179	0
Cog1	44.285714	0	0	0	0	0	146	164	0
Taf12	44.142857	0	309	0	0	0	0	0	0
Klf6	44.142857	0	0	0	0	0	163	146	0
Zfp143	44.0	308	0	0	0	0	0	0	0
Dad1	43.857143	0	0	0	0	0	142	165	0
Abhd4	43.857143	0	0	0	0	0	142	165	0
Trappc4	43.714286	0	0	0	0	0	164	142	0
St3gal5	43.714286	0	0	0	0	0	144	162	0
Rps25	43.714286	0	0	0	0	0	164	142	0
Mgp	43.714286	0	0	0	0	0	139	167	0
Galnt9	43.714286	0	0	0	0	0	153	153	0
Dcaf1	43.714286	0	0	0	0	0	143	163	0
Dact2	43.714286	0	0	0	0	0	151	155	0
Cd24a	43.571429	0	0	0	0	0	124	181	0
Cacna2d1	43.285714	0	0	0	0	0	152	151	0
Sox6	43.142857	0	0	0	0	0	113	189	0
S100pbp	42.571429	0	0	0	0	0	129	169	0
Npb	42.428571	0	0	0	0	0	0	297	0
Olfr1323	42.285714	0	0	0	0	0	0	296	0
Lrfn2	42.285714	0	0	0	0	0	142	154	0
Pemt	42.142857	0	0	0	0	0	0	295	0
Lamp5	42.142857	0	0	0	0	0	158	137	0
Zfp516	42.0	0	0	0	0	0	0	294	0
Lyplal1	42.0	0	0	0	0	0	0	294	0
Rbks	41.714286	0	0	0	0	0	124	168	0
Mnt	41.714286	0	0	0	0	0	119	173	0
Babam2	41.714286	0	0	0	0	0	124	168	0
Snai2	41.571429	0	0	0	0	0	131	160	0
Rpp25	41.571429	0	291	0	0	0	0	0	0
Grhl2	41.571429	0	0	0	0	0	152	139	0
Amd2	41.571429	0	0	0	0	0	0	291	0
Amd1	41.571429	0	0	0	0	0	0	291	0
Nrp2	41.428571	0	0	0	0	0	121	169	0
Gatd1	41.428571	0	0	0	0	0	115	175	0
Slc39a13	41.0	0	158	0	0	0	0	129	0
Shisal1	41.0	0	0	0	0	0	0	287	0
Ubxn10	40.857143	0	0	0	0	0	155	131	0
Pla2g2c	40.857143	0	0	0	0	0	155	131	0
Ncor2	40.714286	0	0	0	0	0	126	159	0
Secisbp2l	40.571429	0	0	0	0	0	112	172	0
Ush1c	40.428571	0	0	0	0	0	90	193	0
Otog	40.428571	0	0	0	0	0	90	193	0
Spsb4	40.142857	0	0	0	0	0	151	130	0
Nrp1	40.142857	0	148	0	0	0	0	133	0
1700025G04Rik	40.142857	0	0	0	0	0	138	143	0
Slc35g3	40.0	0	88	0	0	0	106	86	0
Polr2a	40.0	0	88	0	0	0	106	86	0
Wnk4	39.857143	0	0	0	0	0	110	169	0
Cacng2	39.714286	0	148	0	0	0	0	130	0
Celf2	39.571429	0	277	0	0	0	0	0	0
Kdm2a	39.428571	0	0	0	0	0	138	138	0
Golm1	39.428571	0	0	0	0	0	135	141	0
Hibadh	39.285714	0	0	0	0	0	126	149	0
Cuedc2	39.285714	0	0	0	0	0	120	155	0
Sulf2	39.0	0	0	0	0	0	122	151	0
Krt9	39.0	0	0	0	0	0	0	273	0
Haao	38.857143	0	0	0	0	0	134	138	0
Cox14	38.714286	0	0	0	0	0	0	271	0
Osbpl5	38.571429	0	0	0	0	0	136	134	0
Ptprj	38.428571	0	0	0	0	0	0	269	0
Fosl2	38.428571	0	0	0	0	0	101	168	0
Lmo4	38.285714	0	0	0	0	0	98	170	0
Ccdc69	38.285714	0	268	0	0	0	0	0	0
Erbb2	37.857143	0	0	0	0	0	97	168	0
Atp8a1	37.857143	0	0	0	0	0	0	265	0
Evpl	37.714286	0	0	0	0	0	142	122	0
Eapp	37.714286	0	264	0	0	0	0	0	0
Pecam1	37.571429	0	0	0	0	0	0	263	0
Ccl27a	37.571429	0	0	0	0	0	110	153	0
Ccdc8	37.571429	0	0	0	0	0	107	156	0
Ngdn	37.285714	0	0	0	0	0	0	261	0
Copz1	37.285714	261	0	0	0	0	0	0	0
Wwox	37.142857	260	0	0	0	0	0	0	0
Tmem218	37.142857	0	0	0	0	0	88	172	0
Piezo1	36.857143	0	258	0	0	0	0	0	0
Fxyd6	36.714286	0	0	0	0	0	0	257	0
Faap20	36.571429	0	0	0	0	0	0	256	0
Hdac4	36.428571	0	0	0	0	0	0	255	0
Gpr84	36.428571	0	0	0	0	0	135	120	0
Ehbp1	36.285714	0	0	0	0	0	147	107	0
Siglecg	35.714286	0	0	0	0	0	0	250	0
Crybb2	35.714286	0	0	0	0	0	0	250	0
Lratd2	35.428571	0	0	0	0	0	0	248	0
Sox11	35.285714	0	0	0	0	0	0	247	0
Rest	35.142857	0	0	0	0	0	75	171	0
Dkc1	35.142857	0	0	0	0	0	135	111	0
Irs1	35.0	0	0	0	0	0	0	245	0
Nadk	34.714286	0	0	0	0	0	0	243	0
Ypel4	34.571429	0	0	0	0	0	0	242	0
Tubb2b	34.571429	0	0	0	0	0	0	242	0
Gfra2	34.571429	0	0	0	0	0	0	242	0
Clcc1	34.428571	0	0	0	0	0	241	0	0
Myh7	34.285714	0	0	0	0	0	0	240	0
Sema6d	34.142857	0	0	0	0	0	90	149	0
Pkib	33.857143	0	0	0	0	0	132	105	0
Gar1	33.857143	0	0	0	0	0	237	0	0
Cfi	33.857143	0	0	0	0	0	237	0	0
Plxnb2	33.714286	0	0	0	0	0	0	236	0
Hmgcs1	33.714286	0	0	0	0	0	99	137	0
Greb1	33.714286	0	0	0	0	0	0	236	0
Zfp36l1	33.571429	0	0	0	0	0	119	116	0
Trerf1	33.571429	0	0	0	0	0	102	133	0
Skap1	33.571429	0	0	0	0	0	148	87	0
Rnase1	33.571429	0	0	0	0	0	0	235	0
Parp2	33.571429	0	128	0	0	0	107	0	0
Jun	33.571429	0	0	0	0	0	101	134	0
Gldn	33.571429	0	0	0	0	0	0	235	0
Mllt10	33.428571	0	0	0	0	0	234	0	0
LOC100861978	33.428571	0	0	0	0	0	0	234	0
Gm2506	33.428571	0	0	0	0	0	0	234	0
Gm13306	33.428571	0	0	0	0	0	0	234	0
Fbxo31	33.428571	0	234	0	0	0	0	0	0
Ccl27b	33.428571	0	0	0	0	0	0	234	0
Wt1	33.285714	0	0	0	0	0	0	233	0
Pde1b	33.285714	0	0	0	0	0	0	233	0
BC107364	33.285714	0	233	0	0	0	0	0	0
Tbc1d1	33.142857	0	130	0	0	0	102	0	0
Plpp3	33.142857	0	0	0	0	0	0	232	0
Capn2	33.142857	0	0	0	0	0	0	232	0
Ap1g2	33.0	0	0	0	0	0	101	130	0
Tmem19	32.857143	0	0	0	0	0	103	127	0
Msx2	32.571429	0	93	0	0	0	0	135	0
Ifrd2	32.571429	0	228	0	0	0	0	0	0
Tmem259	32.428571	0	227	0	0	0	0	0	0
Cnn2	32.428571	0	227	0	0	0	0	0	0
Plagl2	32.285714	0	0	0	0	0	0	226	0
Smim4	32.142857	0	0	0	0	0	110	115	0
Plekhg6	32.142857	0	0	0	0	0	0	225	0
Rnf7	32.0	0	0	0	0	0	224	0	0
Ube2n	31.714286	0	0	0	0	0	104	118	0
Ncoa2	31.714286	0	0	0	0	0	124	98	0
Lor	31.714286	0	0	0	0	0	78	144	0
Erlin2	31.714286	0	101	0	0	0	121	0	0
Ajuba	31.571429	0	104	0	0	0	0	117	0
Sgip1	31.428571	0	0	0	0	0	0	220	0
Kdsr	31.428571	0	0	0	0	0	114	106	0
Dennd1a	31.428571	0	0	0	0	0	87	133	0
Ccnt1	31.428571	0	140	0	0	0	80	0	0
4930415O20Rik	31.428571	0	140	0	0	0	80	0	0
Nfatc1	31.142857	0	0	0	0	0	0	218	0
Dchs2	31.142857	218	0	0	0	0	0	0	0
Crebzf	31.142857	218	0	0	0	0	0	0	0
Cacng6	31.142857	0	0	0	0	0	0	218	0
Ilf3	31.0	0	0	0	0	0	102	115	0
Tprg	30.857143	0	0	0	0	0	0	216	0
Paip2	30.714286	0	105	0	0	0	0	110	0
Epn1	30.714286	0	215	0	0	0	0	0	0
Serpinb6a	30.571429	0	0	0	0	0	0	214	0
Plxdc2	30.285714	0	0	0	0	0	0	212	0
Ddx20	30.285714	0	95	0	0	0	117	0	0
S100a11	30.142857	0	0	0	0	0	0	211	0
Cuzd1	30.142857	0	0	0	0	0	0	211	0
Xrn2	30.0	0	0	0	0	0	104	106	0
Pgp	30.0	0	0	0	0	0	0	210	0
Mfsd4b5	30.0	0	210	0	0	0	0	0	0
Map4k4	30.0	0	0	0	0	0	0	210	0
Bricd5	30.0	0	0	0	0	0	0	210	0
Heyl	29.857143	0	0	0	0	0	0	209	0
Arsg	29.857143	0	209	0	0	0	0	0	0
Enpp1	29.714286	0	0	0	0	0	0	208	0
Sipa1l1	29.428571	0	0	0	0	0	0	206	0
Sema6a	29.428571	0	0	0	0	0	108	98	0
Spink2	29.285714	0	205	0	0	0	0	0	0
E430018J23Rik	29.285714	0	0	0	0	0	0	205	0
Ctdsp2	29.285714	0	0	0	0	0	0	205	0
Bmp7	29.285714	0	0	0	0	0	107	98	0
9130019O22Rik	29.285714	0	0	0	0	0	0	205	0
Ppargc1b	29.142857	0	0	0	0	0	0	204	0
Atp1a2	29.142857	0	0	0	0	0	0	204	0
Plcd1	29.0	0	0	0	0	0	123	80	0
Ifit2	29.0	0	0	0	0	0	0	203	0
Snx17	28.857143	0	0	0	0	0	133	69	0
Eif2b4	28.857143	0	0	0	0	0	133	69	0
Pabpn1	28.714286	0	0	0	0	0	0	201	0
Lrp8	28.714286	0	0	0	0	0	84	117	0
Krt39	28.714286	0	201	0	0	0	0	0	0
Gm13288	28.714286	0	201	0	0	0	0	0	0
Gm13287	28.714286	0	201	0	0	0	0	0	0
Tle6	28.571429	0	0	0	0	0	0	200	0
Dapk3	28.571429	0	200	0	0	0	0	0	0
Sh2b1	28.428571	0	0	0	0	0	0	199	0
Klk1b8	28.428571	0	0	0	0	0	0	199	0
Slc25a28	28.285714	0	113	0	0	0	0	85	0
Mettl21a	28.285714	0	0	0	0	0	0	198	0
Pigc	28.142857	0	0	0	0	0	0	197	0
4930558K02Rik	28.142857	0	0	0	0	0	0	197	0
Hmcn1	28.0	0	0	0	0	0	0	196	0
Glt28d2	27.857143	0	0	0	0	0	0	195	0
Fbxl14	27.857143	0	0	0	0	0	0	195	0
Cep120	27.714286	0	0	0	0	0	102	92	0
Rps6ka3	27.571429	0	0	0	0	0	0	193	0
Sirt4	27.285714	0	191	0	0	0	0	0	0
Gm13279	27.285714	0	191	0	0	0	0	0	0
Gm13278	27.285714	0	191	0	0	0	0	0	0
Gm13275	27.285714	0	191	0	0	0	0	0	0
Rab38	27.0	0	0	0	0	0	0	189	0
Acvr1c	26.857143	0	0	0	0	0	0	188	0
Wasl	26.714286	0	0	0	0	0	0	187	0
Pgpep1l	26.714286	0	0	0	0	0	0	187	0
Gtf3c6	26.714286	0	187	0	0	0	0	0	0
Galnt18	26.714286	0	0	0	0	0	0	187	0
Dut	26.714286	0	0	0	0	0	0	187	0
Znhit1	26.571429	186	0	0	0	0	0	0	0
Sec22c	26.571429	0	186	0	0	0	0	0	0
Plod3	26.571429	186	0	0	0	0	0	0	0
Plekhb1	26.571429	0	0	0	0	0	0	186	0
Mxi1	26.571429	0	0	0	0	0	0	186	0
Eva1b	26.428571	0	0	0	0	0	0	185	0
Snrnp70	26.285714	0	0	0	0	0	0	184	0
Qk	26.285714	0	0	0	0	0	0	184	0
Gm13283	26.285714	0	184	0	0	0	0	0	0
Frs2	26.285714	184	0	0	0	0	0	0	0
Nnt	26.142857	0	0	0	0	0	0	183	0
H4f16	26.0	0	182	0	0	0	0	0	0
H2aj	26.0	0	182	0	0	0	0	0	0
Auts2	26.0	0	0	0	0	0	182	0	0
Zscan22	25.857143	0	181	0	0	0	0	0	0
Eml1	25.857143	0	0	0	0	0	0	181	0
Col13a1	25.857143	0	0	0	0	0	0	181	0
Rin3	25.571429	0	0	0	0	0	0	179	0
Gpaa1	25.571429	0	91	0	0	0	88	0	0
Exosc4	25.571429	0	91	0	0	0	88	0	0
Cxxc5	25.571429	0	0	0	0	0	0	179	0
Anks1b	25.571429	0	0	0	0	0	0	179	0
Tox3	25.428571	0	0	0	0	0	0	178	0
Tfdp2	25.428571	0	0	0	0	0	70	108	0
Tcte3	25.428571	0	178	0	0	0	0	0	0
Pdcd6ip	25.428571	0	0	0	0	0	0	178	0
Kif14	25.428571	0	0	0	0	0	0	178	0
Gm3448	25.428571	0	178	0	0	0	0	0	0
Gm3435	25.428571	0	178	0	0	0	0	0	0
Gm3417	25.428571	0	178	0	0	0	0	0	0
Syne1	25.285714	0	0	0	0	0	0	177	0
Olfr458	25.285714	0	0	0	0	0	0	177	0
Cluh	25.285714	0	0	0	0	0	88	89	0
Actg1	25.285714	0	0	0	0	0	0	177	0
Fam3c	25.0	0	0	0	0	0	0	175	0
Dab2ip	25.0	0	0	0	0	0	175	0	0
Abhd6	24.857143	0	0	0	0	0	174	0	0
Rnf26	24.714286	0	0	0	0	0	0	173	0
Bcl2	24.714286	0	0	0	0	0	0	173	0
Tmem33	24.571429	0	0	0	0	0	172	0	0
Samd4	24.571429	0	0	0	0	0	0	172	0
Abr	24.571429	0	0	0	0	0	0	172	0
Olfr806	24.428571	171	0	0	0	0	0	0	0
Ip6k2	24.428571	0	0	0	0	0	171	0	0
Gm13277	24.428571	0	171	0	0	0	0	0	0
Pfn2	24.285714	0	0	0	0	0	0	170	0
Olfr272	24.285714	0	0	0	0	0	0	170	0
Myl1	24.285714	0	0	0	0	0	170	0	0
Lef1	24.142857	0	0	0	0	0	0	169	401
Tmbim1	24.142857	0	0	0	0	0	0	169	0
Tecta	24.142857	0	0	0	0	0	0	169	0
Scara3	24.142857	0	0	0	0	0	0	169	0
Pacsin2	24.142857	0	169	0	0	0	0	0	0
Cmtm3	24.142857	0	0	0	0	0	0	169	0
Shank2	24.0	0	0	0	0	0	0	168	0
P2rx6	24.0	0	168	0	0	0	0	0	0
Lrrc74b	24.0	0	168	0	0	0	0	0	0
Limch1	24.0	0	0	0	0	0	0	168	0
Bcam	24.0	0	0	0	0	0	0	168	0
Rbm10	23.571429	0	0	0	0	0	0	165	0
Ndufb11	23.571429	0	0	0	0	0	0	165	0
Gtf2f1	23.571429	0	0	0	0	0	0	165	0
Tcap	23.428571	0	0	0	0	0	0	164	0
Sprr2i	23.428571	0	0	0	0	0	0	164	0
Scx	23.428571	0	0	0	0	0	164	0	0
Pnmt	23.428571	0	0	0	0	0	0	164	0
Malt1	23.285714	0	0	0	0	163	0	0	0
Unk	23.142857	0	162	0	0	0	0	0	0
Tmem255b	23.142857	0	0	0	0	0	0	162	0
Slc44a1	23.142857	0	0	0	0	0	162	0	0
Rcsd1	23.142857	0	0	0	0	0	0	162	0
Nptn	23.142857	0	0	0	0	0	0	162	0
Gxylt2	23.142857	0	162	0	0	0	0	0	0
Rubcn	23.0	0	0	0	0	0	0	161	0
Igsf6	23.0	0	0	0	0	0	0	161	0
H4c11	23.0	0	161	0	0	0	0	0	0
Fyttd1	23.0	0	0	0	0	0	0	161	0
Atp2b1	23.0	0	0	0	0	0	0	161	0
Prrt1	22.857143	0	0	0	0	0	0	160	0
Prkn	22.857143	0	0	0	0	0	0	160	0
Ppt2	22.857143	0	0	0	0	0	0	160	0
Pacrg	22.857143	0	0	0	0	0	0	160	0
Nuak1	22.857143	0	0	0	0	0	0	160	0
Ermard	22.857143	0	160	0	0	0	0	0	0
St8sia6	22.714286	0	159	0	0	0	0	0	0
Pou5f2	22.714286	0	0	0	0	0	0	159	0
Gtdc1	22.714286	0	0	0	0	0	159	0	0
Zfp46	22.571429	0	0	0	0	0	0	158	0
Tsc22d1	22.571429	0	0	0	0	0	0	158	0
Mmp23	22.571429	0	0	0	0	0	0	158	0
Hfm1	22.571429	0	0	0	0	0	0	158	0
Cpa1	22.571429	0	0	0	0	0	0	158	0
Arpc2	22.571429	0	0	0	0	0	0	158	0
9030025P20Rik	22.571429	0	158	0	0	0	0	0	0
Tmem139	22.428571	0	0	0	0	0	0	157	0
St3gal3	22.428571	0	0	0	0	0	0	157	0
Mrln	22.428571	0	0	0	0	0	0	157	0
Kat7	22.428571	0	0	0	0	0	0	157	0
Casp2	22.428571	0	0	0	0	0	0	157	0
Rhbdf2	22.285714	0	0	0	0	0	0	156	0
Gm5800	22.285714	0	156	0	0	0	0	0	0
Rpl23a	22.142857	155	0	0	0	0	0	0	0
Rab34	22.142857	155	0	0	0	0	0	0	0
Polr2h	22.142857	0	0	0	0	0	0	155	0
Clcn2	22.142857	0	0	0	0	0	0	155	0
C87436	22.142857	0	155	0	0	0	0	0	0
Plcg1	22.0	0	0	0	0	0	154	0	0
Nadsyn1	22.0	0	0	0	0	0	154	0	0
Dhcr7	22.0	0	0	0	0	0	154	0	0
Zfp574	21.714286	0	0	0	0	0	0	152	0
Tcte2	21.714286	0	0	0	0	0	0	152	0
Six5	21.714286	0	0	0	0	0	152	0	0
Rassf8	21.714286	0	0	0	0	0	152	0	0
Oxct1	21.714286	0	0	0	0	0	0	152	0
Mgl2	21.714286	0	152	0	0	0	0	0	0
Grik5	21.714286	0	0	0	0	0	0	152	0
Enc1	21.714286	0	0	0	0	0	0	152	0
Arhgef17	21.714286	0	0	0	0	0	0	152	0
Afdn	21.714286	0	0	0	0	0	0	152	0
Tmem18	21.571429	0	0	0	0	0	151	0	0
Rrp36	21.571429	0	151	0	0	0	0	0	0
Kcnb1	21.571429	0	0	0	0	0	0	151	0
Crebrf	21.571429	0	0	0	0	0	0	151	0
Tmem100	21.428571	0	150	0	0	0	0	0	0
Plxna2	21.428571	0	0	0	0	0	0	150	0
Plekhg3	21.428571	0	0	0	0	0	0	150	0
Phf2	21.428571	0	0	0	0	0	0	150	0
Ncor1	21.428571	0	150	0	0	0	0	0	0
Bcor	21.428571	0	0	0	0	0	0	150	0
Adra1b	21.285714	0	0	0	0	0	0	149	0
Mrpl19	21.142857	0	0	0	0	0	0	148	0
Fyco1	21.142857	0	148	0	0	0	0	0	0
Dolpp1	21.142857	0	0	0	0	0	148	0	0
Cyp4f17	21.142857	0	0	0	0	0	0	148	0
Tmbim4	21.0	0	147	0	0	0	0	0	0
Sdk2	21.0	0	0	0	0	0	147	0	0
H4c18	21.0	0	147	0	0	0	0	0	0
H4bc24	21.0	0	147	0	0	0	0	0	0
H2bc23	21.0	0	147	0	0	0	0	0	0
H2ac24	21.0	0	147	0	0	0	0	0	0
H2ac23	21.0	0	147	0	0	0	0	0	0
Opa1	20.857143	0	146	0	0	0	0	0	0
Ndufaf5	20.857143	0	0	0	0	0	146	0	0
H2bc12	20.857143	0	146	0	0	0	0	0	0
H2ac12	20.857143	0	146	0	0	0	0	0	0
Esf1	20.857143	0	0	0	0	0	146	0	0
Arhgap28	20.857143	0	0	0	0	0	0	146	0
Slc31a2	20.714286	0	0	0	0	0	0	145	0
Fign	20.714286	0	0	0	0	0	0	145	0
Arhgap10	20.714286	0	0	0	0	0	0	145	0
Acta2	20.714286	0	0	0	0	0	0	145	0
Sstr3	20.571429	0	0	0	0	0	144	0	0
Mmp27	20.571429	0	0	0	0	0	0	144	0
Il17rd	20.571429	0	0	0	0	0	0	144	0
Disp1	20.571429	0	0	0	0	0	0	144	0
Cltc	20.571429	0	144	0	0	0	0	0	0
Stox2	20.428571	0	143	0	0	0	0	0	0
Rcn1	20.428571	0	0	0	0	0	0	143	0
Nus1	20.428571	0	0	0	0	0	0	143	0
Kcnj8	20.428571	0	0	0	0	0	0	143	0
Dnajc5b	20.428571	0	0	0	0	0	0	143	0
Zfp142	20.285714	0	0	0	0	0	0	142	0
Nedd4l	20.285714	0	0	0	0	0	0	142	0
Lin54	20.285714	0	0	0	0	0	142	0	0
Bcs1l	20.285714	0	0	0	0	0	0	142	0
Rev3l	20.142857	0	0	0	0	0	0	141	0
Poldip3	20.142857	0	141	0	0	0	0	0	0
Galnt11	20.142857	0	0	0	0	0	0	141	0
Fam174a	20.142857	0	0	0	0	0	0	141	0
Epha2	20.142857	0	0	0	0	0	141	0	0
Cdkn2aipnl	20.142857	0	141	0	0	0	0	0	0
Vta1	20.0	0	0	0	0	0	140	0	0
Phldb2	20.0	0	0	0	0	0	140	0	0
Phb	20.0	0	140	0	0	0	0	0	0
Mageb3	20.0	0	0	0	0	0	0	140	0
Ctdspl2	20.0	0	0	0	0	0	0	140	0
Zfp661	19.857143	0	139	0	0	0	0	0	0
Tomm20	19.857143	0	0	0	0	0	0	139	0
Smim17	19.857143	0	139	0	0	0	0	0	0
Slc25a37	19.857143	0	0	0	0	0	139	0	0
Ppp1r12b	19.857143	0	139	0	0	0	0	0	0
Pard3b	19.857143	0	0	0	0	0	0	139	0
Mrps5	19.857143	0	139	0	0	0	0	0	0
Fnbp1	19.857143	0	139	0	0	0	0	0	0
Dgkh	19.857143	0	0	0	0	0	0	139	0
Rbms2	19.714286	0	0	0	0	0	0	138	0
Nr1d1	19.714286	0	0	0	0	0	0	138	0
Lhfpl1	19.714286	0	0	0	0	0	0	138	0
Dynlt1f	19.714286	0	0	0	0	0	138	0	0
Dynlt1c	19.714286	0	0	0	0	0	138	0	0
Crygf	19.714286	0	0	0	0	0	0	138	0
Clcn5	19.714286	0	0	0	0	0	0	138	0
1810046K07Rik	19.714286	0	0	0	0	0	0	138	0
Inpp5f	19.571429	0	0	0	0	0	0	137	0
Echdc3	19.571429	0	0	0	0	0	0	137	0
Sema5b	19.428571	0	0	0	0	0	136	0	0
Rag2	19.428571	0	136	0	0	0	0	0	0
Lyrm9	19.428571	0	0	0	0	0	0	136	0
Iftap	19.428571	0	136	0	0	0	0	0	0
Far2	19.428571	0	0	0	0	0	0	136	0
Coq2	19.428571	0	136	0	0	0	0	0	0
Abca4	19.428571	0	0	0	0	0	0	136	0
Tmem9	19.285714	0	0	0	0	0	0	135	0
Tacstd2	19.285714	0	0	0	0	0	135	0	0
Igfn1	19.285714	0	0	0	0	0	0	135	0
Chn2	19.285714	0	0	0	0	0	0	135	0
Sfxn5	19.142857	0	134	0	0	0	0	0	0
Nrep	19.142857	0	0	0	0	0	0	134	0
Lrba	19.142857	0	0	0	0	0	0	134	0
Ankle2	19.142857	0	134	0	0	0	0	0	0
Sall2	19.0	0	0	0	0	0	133	0	0
Prr5l	19.0	0	0	0	0	0	133	0	0
Nhsl1	19.0	0	0	0	0	0	0	133	0
Irx2	19.0	0	0	0	0	0	0	133	0
Esco2	19.0	0	0	0	0	0	133	0	0
Depdc7	19.0	0	0	0	0	0	0	133	0
Ccdc25	19.0	0	0	0	0	0	133	0	0
Casp6	19.0	0	0	0	0	0	0	133	0
Tgif2	18.857143	0	0	0	0	0	0	132	0
Tctex1d1	18.857143	0	0	0	0	0	0	132	0
Synj1	18.857143	0	0	0	0	0	132	0	0
Nes	18.857143	0	0	0	0	0	0	132	0
Kctd5	18.857143	0	132	0	0	0	0	0	0
Hoxa4	18.857143	0	132	0	0	0	0	0	0
Gpd2	18.857143	0	0	0	0	0	0	132	0
Bod1l	18.857143	0	0	0	0	0	0	132	0
Ube2c	18.714286	0	0	0	0	0	131	0	0
Timm13	18.714286	0	131	0	0	0	0	0	0
Tef	18.714286	0	0	0	0	0	0	131	0
Setx	18.714286	0	0	0	0	0	131	0	0
Selenoh	18.714286	0	0	0	0	0	0	131	0
Pafah2	18.714286	0	131	0	0	0	0	0	0
Nup210	18.714286	0	0	0	0	0	0	131	0
Mblac1	18.714286	0	0	0	0	0	0	131	0
H3c6	18.714286	0	131	0	0	0	0	0	0
Tent5b	18.571429	0	0	0	0	0	130	0	0
Frem1	18.571429	0	130	0	0	0	0	0	0
Fjx1	18.571429	0	0	0	0	0	130	0	0
Tenm4	18.428571	0	0	0	0	0	0	129	0
Pdpk1	18.428571	0	0	0	0	0	0	129	0
Epg5	18.428571	0	0	0	0	0	0	129	0
Cux2	18.428571	0	0	0	0	0	0	129	0
Cbln3	18.428571	0	0	0	0	0	0	129	0
Qtrt2	18.285714	0	128	0	0	0	0	0	0
Mtres1	18.285714	0	128	0	0	0	0	0	0
Lpin2	18.285714	0	0	0	0	0	0	128	0
Cdc34	18.285714	0	0	0	0	0	128	0	0
Ccdc191	18.285714	0	128	0	0	0	0	0	0
Vmn1r2	18.142857	0	0	0	0	0	0	127	0
Tigd4	18.142857	0	0	0	0	0	0	127	0
Nhs	18.142857	0	0	0	0	0	0	127	0
Gtf3c4	18.142857	0	127	0	0	0	0	0	0
Ddx31	18.142857	0	127	0	0	0	0	0	0
Adcy6	18.142857	0	0	0	0	0	0	127	0
Ackr4	18.142857	0	0	0	0	0	0	127	0
Yipf2	18.0	0	126	0	0	0	0	0	0
Timm29	18.0	0	126	0	0	0	0	0	0
Ppfibp1	18.0	0	0	0	0	0	0	126	0
Nudt16	18.0	0	0	0	0	0	126	0	0
Irs2	18.0	0	0	0	0	0	0	126	0
Ikzf2	18.0	0	0	0	0	0	0	126	0
Cpeb3	18.0	0	0	0	0	0	0	126	0
Ccdc124	18.0	0	126	0	0	0	0	0	0
Bmf	18.0	0	126	0	0	0	0	0	0
Arhgap11a	18.0	0	0	0	0	0	0	126	0
Sirt2	17.857143	0	125	0	0	0	0	0	0
Nfkbib	17.857143	0	125	0	0	0	0	0	0
Mrps33	17.857143	0	125	0	0	0	0	0	0
Mrps18c	17.857143	0	125	0	0	0	0	0	0
Kmt2a	17.857143	0	125	0	0	0	0	0	0
Helq	17.857143	0	125	0	0	0	0	0	0
Gm815	17.857143	0	0	0	0	0	0	125	0
Fam149b	17.857143	0	125	0	0	0	0	0	0
Ecd	17.857143	0	125	0	0	0	0	0	0
Cdh6	17.857143	0	0	0	0	0	0	125	0
Calcoco1	17.857143	0	125	0	0	0	0	0	0
Zfp597	17.714286	0	0	0	0	0	0	124	0
Srr	17.714286	0	0	0	0	0	124	0	0
Smg6	17.714286	0	0	0	0	0	124	0	0
Slc25a29	17.714286	0	0	0	0	0	124	0	0
Plcxd2	17.714286	0	0	0	0	0	124	0	0
Mvk	17.714286	0	0	0	0	0	124	0	0
Mmab	17.714286	0	0	0	0	0	124	0	0
Gm3646	17.714286	0	0	0	0	0	0	124	0
Dus2	17.714286	0	0	0	0	0	124	0	0
Ddx28	17.714286	0	0	0	0	0	124	0	0
Nfam1	17.571429	0	0	0	0	0	0	123	0
Nbl1	17.571429	0	0	0	0	0	0	123	0
Kdm3a	17.571429	0	0	0	0	0	123	0	0
Hoxd12	17.571429	0	0	0	0	0	0	123	0
Septin2	17.428571	0	0	0	0	0	0	122	0
Nid1	17.428571	0	0	0	0	0	0	122	0
Nfia	17.428571	0	0	0	0	0	0	122	0
Mpp3	17.428571	0	0	0	0	0	0	122	0
Hdlbp	17.428571	0	0	0	0	0	0	122	0
Efr3b	17.428571	0	0	0	0	0	0	122	0
Usp14	17.285714	0	0	0	0	0	0	121	0
Tcf20	17.285714	0	0	0	0	0	0	121	0
Mov10	17.285714	0	0	0	0	0	121	0	0
Kdm3b	17.285714	0	121	0	0	0	0	0	0
Ing4	17.285714	0	121	0	0	0	0	0	0
Eci1	17.285714	0	121	0	0	0	0	0	0
Clasp1	17.285714	0	0	0	0	0	121	0	0
Chmp4b	17.285714	0	121	0	0	0	0	0	0
Amph	17.285714	0	0	0	0	0	0	121	0
Ahcyl2	17.285714	0	0	0	0	0	0	121	0
Wdsub1	17.142857	0	0	0	0	0	120	0	0
Trim71	17.142857	0	0	0	0	0	120	0	0
Prcc	17.142857	0	120	0	0	0	0	0	0
Nrgn	17.142857	0	0	0	0	0	120	0	0
H2bc6	17.142857	0	120	0	0	0	0	0	0
H1f4	17.142857	0	120	0	0	0	0	0	0
Dnajb12	17.142857	0	0	0	0	0	120	0	0
D10Wsu102e	17.142857	0	0	0	0	0	120	0	0
Cep295nl	17.142857	0	0	0	0	0	0	120	0
Tle3	17.0	0	0	0	0	0	0	119	0
Dab2	17.0	0	0	0	0	0	0	119	0
Lrrc8d	16.857143	0	0	0	0	0	0	118	0
Hoxb1	16.857143	0	0	0	0	0	0	118	0
H4c17	16.857143	0	118	0	0	0	0	0	0
Gas7	16.857143	0	0	0	0	0	0	118	0
Bri3	16.857143	0	0	0	0	0	0	118	0
Zc3h10	16.714286	0	117	0	0	0	0	0	0
Rpl41	16.714286	0	117	0	0	0	0	0	0
H2bc4	16.714286	0	117	0	0	0	0	0	0
H2ac6	16.714286	0	117	0	0	0	0	0	0
Aaas	16.714286	0	0	0	0	0	0	117	0
Ttc3	16.571429	0	0	0	0	0	116	0	0
Tm2d1	16.571429	0	0	0	0	0	0	116	0
Pigp	16.571429	0	0	0	0	0	116	0	0
Phka2	16.571429	0	0	0	0	0	0	116	0
Ankrd60	16.571429	0	116	0	0	0	0	0	0
Ubl4b	16.428571	0	115	0	0	0	0	0	0
Sirt7	16.428571	0	115	0	0	0	0	0	0
Pald1	16.428571	0	0	0	0	0	0	115	0
Nme6	16.428571	0	115	0	0	0	0	0	0
Nkx6-1	16.428571	0	0	0	0	0	115	0	0
Nfyc	16.428571	0	115	0	0	0	0	0	0
Anks3	16.428571	0	0	0	0	0	0	115	0
Adam12	16.428571	0	0	0	0	0	0	115	0
4930451G09Rik	16.428571	0	0	0	0	0	0	115	0
Rnf138	16.285714	0	0	0	0	0	0	114	0
Meox2	16.285714	0	0	0	0	0	0	114	0
Atp6v0c	16.285714	0	114	0	0	0	0	0	0
Atg101	16.285714	0	114	0	0	0	0	0	0
Amdhd2	16.285714	0	114	0	0	0	0	0	0
Ablim1	16.285714	0	0	0	0	0	0	114	0
Tram2	16.142857	0	0	0	0	0	0	113	0
Tmem209	16.142857	0	0	0	0	0	0	113	0
Ssmem1	16.142857	0	0	0	0	0	0	113	0
Marchf3	16.142857	0	0	0	0	0	0	113	0
Exph5	16.142857	0	0	0	0	0	0	113	0
Dcp1a	16.142857	0	113	0	0	0	0	0	0
Bcl9	16.142857	0	0	0	0	0	113	0	0
Zmym2	16.0	0	0	0	0	0	0	112	0
Yipf1	16.0	0	0	0	0	0	0	112	0
Scn4b	16.0	0	112	0	0	0	0	0	0
Rab27b	16.0	0	0	0	0	0	0	112	0
Mex3b	16.0	0	0	0	0	0	0	112	0
9430015G10Rik	15.857143	0	111	0	0	0	0	0	0
1190007I07Rik	15.857143	0	0	0	0	0	0	111	0
Srxn1	15.714286	0	110	0	0	0	0	0	0
Pmepa1	15.714286	0	0	0	0	0	0	110	0
Nat10	15.714286	0	110	0	0	0	0	0	0
Khk	15.714286	0	110	0	0	0	0	0	0
H2ax	15.714286	0	110	0	0	0	0	0	0
Gpx1	15.714286	0	110	0	0	0	0	0	0
Evi5l	15.714286	0	0	0	0	0	110	0	0
Traf1	15.571429	0	0	0	0	0	0	109	0
Pcif1	15.571429	0	0	0	0	0	0	109	0
Mansc4	15.571429	0	0	0	0	0	0	109	0
Klhl42	15.571429	0	0	0	0	0	0	109	0
Gmfb	15.571429	0	0	0	0	0	109	0	0
Eloc	15.571429	0	109	0	0	0	0	0	0
Mtss2	15.428571	0	0	0	0	0	0	108	0
Mamstr	15.428571	0	0	0	0	0	108	0	0
Igfbp5	15.428571	0	108	0	0	0	0	0	0
Gatb	15.428571	0	108	0	0	0	0	0	0
Bicd2	15.428571	0	108	0	0	0	0	0	0
A130010J15Rik	15.428571	0	0	0	0	0	108	0	0
Zfp512b	15.285714	0	0	0	0	0	0	107	0
Zfp335	15.285714	0	107	0	0	0	0	0	0
Smad4	15.285714	0	0	0	0	0	107	0	0
Slc16a7	15.285714	0	0	0	0	0	0	107	0
Gpr183	15.285714	0	0	0	0	0	0	107	0
Tmtc3	15.142857	0	106	0	0	0	0	0	0
Msra	15.142857	0	0	0	0	0	0	106	0
Mettl9	15.142857	0	0	0	0	0	106	0	0
Invs	15.142857	0	106	0	0	0	0	0	0
Hdgf	15.142857	0	0	0	0	0	0	106	0
Erp44	15.142857	0	106	0	0	0	0	0	0
Cep290	15.142857	0	106	0	0	0	0	0	0
Cdh2	15.142857	0	0	0	0	0	106	0	0
Usp5	15.0	0	105	0	0	0	0	0	0
Ugt1a6a	15.0	0	0	0	0	0	0	105	0
Smim13	15.0	0	0	0	0	0	0	105	0
Six2	15.0	0	0	0	0	0	0	105	0
Samd1	15.0	0	0	0	0	0	105	0	0
Ncoa7	15.0	0	0	0	0	0	0	105	0
Mgst1	15.0	105	0	0	0	0	0	0	0
Cdca3	15.0	0	105	0	0	0	0	0	0
Adgrb1	15.0	0	0	0	0	0	0	105	0
Abcf2	15.0	0	105	0	0	0	0	0	0
1700067K01Rik	15.0	0	0	0	0	0	105	0	0
Pprc1	14.857143	0	104	0	0	0	0	0	0
H1f2	14.857143	0	104	0	0	0	0	0	0
Flrt2	14.857143	0	0	0	0	0	0	104	0
Cirbp	14.857143	0	0	0	0	0	0	104	0
Uba52	14.714286	0	103	0	0	0	0	0	0
Scrib	14.714286	0	103	0	0	0	0	0	0
Rex1bd	14.714286	0	103	0	0	0	0	0	0
Rbsn	14.714286	0	103	0	0	0	0	0	0
P4ha3	14.714286	0	0	0	0	0	0	103	0
Nras	14.714286	0	103	0	0	0	0	0	0
Mpp2	14.714286	0	0	0	0	0	103	0	0
Klhdc8b	14.714286	0	103	0	0	0	0	0	0
Gldc	14.714286	0	0	0	0	0	103	0	0
Egr3	14.714286	0	0	0	0	0	0	103	0
Ccdc71	14.714286	0	103	0	0	0	0	0	0
Camkk2	14.714286	0	0	0	0	0	0	103	0
Rsph1	14.571429	0	0	0	0	0	0	102	0
Ptov1	14.571429	0	0	0	0	0	0	102	0
Psmg1	14.571429	0	102	0	0	0	0	0	0
Prpf19	14.571429	0	102	0	0	0	0	0	0
Necab1	14.571429	0	0	0	0	0	0	102	0
Usp48	14.428571	0	101	0	0	0	0	0	0
Trib2	14.428571	0	0	0	0	0	0	101	0
Nfkb1	14.428571	0	0	0	0	0	0	101	0
Irf2bp2	14.428571	0	0	0	0	0	0	101	0
Gsk3a	14.428571	0	101	0	0	0	0	0	0
Ube3c	14.285714	0	100	0	0	0	0	0	0
Smc6	14.285714	0	0	0	0	0	100	0	0
Lmnb2	14.285714	0	100	0	0	0	0	0	0
Gen1	14.285714	0	0	0	0	0	100	0	0
Slc19a2	14.142857	0	0	0	0	0	0	99	0
Igf2bp3	14.142857	0	0	0	0	0	99	0	0
Ciz1	14.142857	0	99	0	0	0	0	0	0
Ankrd65	14.142857	0	0	0	0	0	0	99	0
Zfp41	14.0	0	98	0	0	0	0	0	0
Smarcal1	14.0	0	98	0	0	0	0	0	0
Psma1	13.857143	0	97	0	0	0	0	0	0
Ints1	13.857143	0	97	0	0	0	0	0	0
Diaph1	13.857143	0	97	0	0	0	0	0	0
Cry2	13.857143	0	0	0	0	0	0	97	0
Tgfbr1	13.714286	0	0	0	0	0	0	96	0
Dapk1	13.714286	0	0	0	0	0	0	96	0
Fra10ac1	13.571429	0	95	0	0	0	0	0	0
Smad7	13.428571	0	0	0	0	0	94	0	0
Sc5d	13.428571	0	0	0	0	0	0	94	0
Mapre3	13.428571	0	0	0	0	0	0	94	0
H3c15	13.428571	0	94	0	0	0	0	0	0
H3c14	13.428571	0	94	0	0	0	0	0	0
H2ac19	13.428571	0	94	0	0	0	0	0	0
H2ac18	13.428571	0	94	0	0	0	0	0	0
Borcs7	13.428571	0	94	0	0	0	0	0	0
Snrnp200	13.285714	0	93	0	0	0	0	0	0
Slc22a30	13.285714	0	0	0	0	0	0	93	0
Ppef2	13.285714	0	93	0	0	0	0	0	0
Il1rap	13.285714	0	0	0	0	0	0	93	0
Hoxd8	13.285714	0	0	0	0	0	0	93	0
1810024B03Rik	13.285714	0	93	0	0	0	0	0	0
Maz	13.142857	0	92	0	0	0	0	0	0
Ep400	13.142857	0	92	0	0	0	0	0	0
Abcd2	13.142857	0	0	0	0	0	0	92	0
Vars	13.0	0	91	0	0	0	0	0	0
Sec13	13.0	0	91	0	0	0	0	0	0
Fyn	13.0	0	0	0	0	0	0	91	0
D17H6S56E-5	13.0	0	91	0	0	0	0	0	0
Zc3h6	12.857143	0	0	0	0	0	90	0	0
Msl1	12.857143	0	90	0	0	0	0	0	0
Metrnl	12.857143	0	0	0	0	0	0	90	0
Ttc14	12.714286	0	89	0	0	0	0	0	0
Strn	12.714286	0	89	0	0	0	0	0	0
Hmgxb4	12.714286	0	89	0	0	0	0	0	0
Gpr45	12.714286	0	0	0	0	0	0	89	0
Drosha	12.714286	0	0	0	0	0	0	89	0
Ddx50	12.714286	0	0	0	0	0	89	0	0
6030458C11Rik	12.714286	0	0	0	0	0	0	89	0
Ppip5k1	12.571429	0	0	0	0	0	0	88	0
Ckmt1	12.571429	0	0	0	0	0	0	88	0
Vps36	12.428571	0	87	0	0	0	0	0	0
Usp32	12.428571	0	0	0	0	0	87	0	0
Lipe	12.428571	0	0	0	0	0	87	0	0
Got1	12.428571	0	0	0	0	0	0	87	0
Fzd3	12.428571	0	0	0	0	0	0	87	0
Fbxo16	12.428571	0	0	0	0	0	0	87	0
Dnaja1	12.428571	0	0	0	0	0	0	87	0
Ctdp1	12.428571	0	87	0	0	0	0	0	0
Ccdc88a	12.428571	0	87	0	0	0	0	0	0
1700113H08Rik	12.428571	0	0	0	0	0	87	0	0
Wwtr1	12.285714	0	0	0	0	0	0	86	0
Nedd8	12.285714	0	86	0	0	0	0	0	0
Myo9b	12.285714	0	0	0	0	0	0	86	0
Haus8	12.285714	0	0	0	0	0	0	86	0
Gmpr2	12.285714	0	86	0	0	0	0	0	0
Tmem214	12.0	0	84	0	0	0	0	0	0
Kdm8	12.0	0	84	0	0	0	0	0	0
Prdm11	11.857143	83	0	0	0	0	0	0	0
Pigg	11.857143	0	83	0	0	0	0	0	0
H4c9	11.857143	0	83	0	0	0	0	0	0
H2bc11	11.857143	0	83	0	0	0	0	0	0
H2ac11	11.857143	0	83	0	0	0	0	0	0
Arid1a	11.857143	0	0	0	0	0	0	83	0
Ap2s1	11.857143	0	83	0	0	0	0	0	0
Mterf1b	11.714286	0	82	0	0	0	0	0	0
Mbd2	11.714286	0	0	0	0	0	0	82	0
Ifitm1	11.714286	0	0	0	0	0	82	0	0
Gm266	11.714286	0	0	0	0	0	0	82	0
Zfat	11.571429	0	81	0	0	0	0	0	0
Tbck	11.571429	0	81	0	0	0	0	0	0
Josd2	11.571429	0	81	0	0	0	0	0	0
H3c3	11.571429	0	81	0	0	0	0	0	0
H2bc3	11.571429	0	81	0	0	0	0	0	0
Dstn	11.571429	0	0	0	0	0	0	81	0
Crebl2	11.571429	0	81	0	0	0	0	0	0
Aspdh	11.571429	0	81	0	0	0	0	0	0
Aimp1	11.571429	0	81	0	0	0	0	0	0
Slc35b1	11.428571	0	80	0	0	0	0	0	0
Rsph3b	11.428571	0	0	0	0	0	80	0	0
Rpl32l	11.428571	0	0	0	0	0	0	80	0
Rbbp5	11.428571	0	0	0	0	0	80	0	0
Fbxo3	11.428571	0	0	0	0	0	0	80	0
Esyt2	11.428571	0	0	0	0	0	0	80	0
Chgb	11.428571	0	0	0	0	0	0	80	0
Actr10	11.428571	0	0	0	0	0	0	80	0
4931422A03Rik	11.428571	0	0	0	0	0	0	80	0
Zfp119b	11.285714	0	79	0	0	0	0	0	0
Wdr27	11.285714	0	79	0	0	0	0	0	0
Stam2	11.285714	0	79	0	0	0	0	0	0
Frg2f1	11.285714	0	0	0	0	0	0	79	0
Foxj3	11.285714	0	0	0	0	0	0	79	0
Cox5a	11.285714	0	0	0	0	0	79	0	0
1600012H06Rik	11.285714	0	79	0	0	0	0	0	0
Oga	11.142857	0	0	0	0	0	78	0	0
Gga1	11.142857	0	78	0	0	0	0	0	0
Scube3	10.857143	0	0	0	0	0	76	0	0
Edc4	10.857143	0	76	0	0	0	0	0	0
Ankrd35	10.857143	0	0	0	0	0	0	76	0
Dlgap1	10.571429	0	0	0	0	0	0	74	0
Wdr19	10.428571	0	0	0	0	0	73	0	0
Eif3d	10.428571	0	73	0	0	0	0	0	0
Slc41a3	10.285714	0	0	0	0	0	72	0	0
Zfp868	10.142857	0	71	0	0	0	0	0	0
Ube2m	10.142857	0	71	0	0	0	0	0	0
Trmu	10.142857	0	71	0	0	0	0	0	0
Irak1bp1	10.142857	0	71	0	0	0	0	0	0
Gprc5c	10.142857	0	71	0	0	0	0	0	0
Chmp2a	10.142857	0	71	0	0	0	0	0	0
Stag1	9.857143	0	0	0	0	0	69	0	0
Impdh2	9.857143	0	69	0	0	0	0	0	0
Trap1	9.714286	0	68	0	0	0	0	0	0
Tmem29	9.714286	0	68	0	0	0	0	0	0
H2bu2	9.714286	0	68	0	0	0	0	0	0
Dpy19l4	9.714286	0	68	0	0	0	0	0	0
Dpy19l3	9.714286	0	0	0	0	0	0	68	0
Ndufb5	9.285714	0	65	0	0	0	0	0	0
Mrpl47	9.285714	0	65	0	0	0	0	0	0
Zfp365	9.0	0	0	0	0	0	0	63	0
Inppl1	7.428571	0	0	0	0	0	52	0	0
Dbx1	0.0	0	0	0	0	0	0	0	188
