Target_genes	Zfp407|Average	SRX22153387|3T3-L1	STRING
Dnajc16	3589.0	3589	0
Casp9	3589.0	3589	0
Btrc	3559.0	3559	0
Ccnt1	3429.0	3429	0
4930415O20Rik	3429.0	3429	0
Gtpbp2	3420.0	3420	0
Mmachc	3411.0	3411	0
Ccdc163	3411.0	3411	0
Fyco1	3398.0	3398	0
Tmem104	3395.0	3395	0
Nat9	3395.0	3395	0
Gorasp2	3360.0	3360	0
Map2k7	3350.0	3350	0
Rab5if	3325.0	3325	0
Fbxw11	3325.0	3325	0
Ep400	3295.0	3295	0
Tmed2	3290.0	3290	0
Bod1l	3290.0	3290	0
Erc1	3284.0	3284	0
Mtmr10	3269.0	3269	0
Fra10ac1	3269.0	3269	0
Zfp846	3264.0	3264	0
Crebl2	3261.0	3261	0
Rnf7	3252.0	3252	0
Pop7	3241.0	3241	0
Ap4e1	3235.0	3235	0
Pafah2	3227.0	3227	0
Asb7	3221.0	3221	0
Rab1a	3207.0	3207	0
Calcoco1	3206.0	3206	0
Car5a	3201.0	3201	0
Banp	3201.0	3201	0
9430015G10Rik	3198.0	3198	0
Slc25a32	3194.0	3194	0
Dcaf13	3194.0	3194	0
Opa1	3187.0	3187	0
Stk32c	3176.0	3176	0
Lrrc27	3176.0	3176	0
Rpia	3166.0	3166	0
Get1	3157.0	3157	0
Josd2	3150.0	3150	0
Aspdh	3150.0	3150	0
Fitm2	3147.0	3147	0
Armc1	3147.0	3147	0
Ifrd2	3140.0	3140	0
Cox5a	3131.0	3131	0
Ttc14	3130.0	3130	0
Dhx16	3117.0	3117	0
Wbp4	3106.0	3106	0
Elf1	3106.0	3106	0
Ciz1	3096.0	3096	0
Mccc1	3092.0	3092	0
Snrpc	3078.0	3078	0
Cog7	3072.0	3072	0
Mvk	3059.0	3059	0
Mmab	3059.0	3059	0
Bbs5	3054.0	3054	0
Ccpg1os	3042.0	3042	0
Ccpg1	3042.0	3042	0
Ddx41	3036.0	3036	0
Nop14	3032.0	3032	0
Grk4	3032.0	3032	0
Ddx23	3018.0	3018	0
Timm13	3017.0	3017	0
N4bp2l2	3017.0	3017	0
Lars	3016.0	3016	0
Nedd8	3014.0	3014	0
Gmpr2	3014.0	3014	0
St3gal2	3010.0	3010	0
Nup205	2997.0	2997	0
M6pr	2992.0	2992	0
Tpp2	2990.0	2990	0
Aaas	2986.0	2986	0
Lcorl	2983.0	2983	0
Zcwpw2	2979.0	2979	0
Azi2	2979.0	2979	0
Zfyve1	2978.0	2978	0
Med6	2977.0	2977	0
Borcs7	2977.0	2977	0
Gpn3	2970.0	2970	0
Fam216a	2970.0	2970	0
Dis3l2	2970.0	2970	0
Tsnaxip1	2967.0	2967	0
Ranbp10	2967.0	2967	0
Pemt	2961.0	2961	0
Xpc	2958.0	2958	0
Lsm3	2958.0	2958	0
Tmtc3	2954.0	2954	0
Cep290	2954.0	2954	0
Sass6	2952.0	2952	0
Atg4c	2952.0	2952	0
Otud4	2950.0	2950	0
Zfp511	2938.0	2938	0
Tubgcp2	2938.0	2938	0
Scrib	2938.0	2938	0
Nudt5	2936.0	2936	0
Cdc123	2936.0	2936	0
Prcc	2934.0	2934	0
Cluh	2928.0	2928	0
Klhl18	2925.0	2925	0
Kif9	2925.0	2925	0
Vta1	2918.0	2918	0
Mff	2917.0	2917	0
Atp6v1h	2916.0	2916	0
Tmem248	2910.0	2910	0
Chmp4b	2909.0	2909	0
Rps24	2907.0	2907	0
Polr3a	2907.0	2907	0
Rps12	2905.0	2905	0
Slc4a2	2903.0	2903	0
Cdk5	2903.0	2903	0
Epg5	2898.0	2898	0
Ufl1	2897.0	2897	0
Erlec1	2895.0	2895	0
Asb3	2895.0	2895	0
Cul2	2894.0	2894	0
Nutf2	2893.0	2893	0
Rptor	2892.0	2892	0
Gtf2b	2887.0	2887	0
Nudcd1	2886.0	2886	0
Eny2	2886.0	2886	0
Htra2	2882.0	2882	0
Dqx1	2882.0	2882	0
Tchp	2877.0	2877	0
Retsat	2877.0	2877	0
Elmod3	2877.0	2877	0
Ppp4r3b	2875.0	2875	0
Pyroxd1	2874.0	2874	0
Tmed5	2867.0	2867	0
Ccdc18	2867.0	2867	0
Max	2866.0	2866	0
Cep128	2865.0	2865	0
Stxbp4	2863.0	2863	0
Cox11	2863.0	2863	0
Ppp1r15b	2862.0	2862	0
Dgat1	2861.0	2861	0
Tmem39b	2859.0	2859	0
Mapkbp1	2859.0	2859	0
Cdk7	2856.0	2856	0
Wdpcp	2855.0	2855	0
Mdh1	2855.0	2855	0
Sepsecs	2854.0	2854	0
Zbtb26	2848.0	2848	0
Rabgap1	2848.0	2848	0
Ppp6c	2843.0	2843	0
Ndc1	2842.0	2842	0
Srr	2841.0	2841	0
Smg6	2841.0	2841	0
Invs	2838.0	2838	0
Gmfb	2838.0	2838	0
Erp44	2838.0	2838	0
Capn15	2830.0	2830	0
Ier3ip1	2822.0	2822	0
Mrpl35	2820.0	2820	0
Zfp91	2818.0	2818	0
Lpxn	2818.0	2818	0
Slc35b4	2813.0	2813	0
Pigu	2811.0	2811	0
Tnpo3	2809.0	2809	0
Psmd9	2806.0	2806	0
Rfk	2802.0	2802	0
Birc5	2801.0	2801	0
Gspt1	2800.0	2800	0
Cops6	2800.0	2800	0
Ralbp1	2794.0	2794	0
Zcchc8	2791.0	2791	0
Usp5	2787.0	2787	0
Cdca3	2787.0	2787	0
Pa2g4	2786.0	2786	0
Commd1	2785.0	2785	0
Ubxn1	2784.0	2784	0
Snx17	2784.0	2784	0
Eif2b4	2784.0	2784	0
Pold3	2783.0	2783	0
Ndufaf5	2783.0	2783	0
Esf1	2783.0	2783	0
Unk	2780.0	2780	0
Mrps35	2775.0	2775	0
Ccdc77	2775.0	2775	0
Lrch4	2774.0	2774	0
Fbxo24	2774.0	2774	0
Timm21	2772.0	2772	0
Tbcd	2772.0	2772	0
Fbxo15	2772.0	2772	0
Trappc8	2767.0	2767	0
Ap2s1	2766.0	2766	0
Vrk1	2762.0	2762	0
Riok1	2761.0	2761	0
Dus2	2761.0	2761	0
Ddx28	2761.0	2761	0
Cage1	2761.0	2761	0
Stk25	2753.0	2753	0
Kif16b	2752.0	2752	0
Tyw3	2749.0	2749	0
Strn	2749.0	2749	0
Cryz	2749.0	2749	0
Med18	2748.0	2748	0
Tmem115	2742.0	2742	0
Ing3	2742.0	2742	0
1110004F10Rik	2742.0	2742	0
Ikzf5	2740.0	2740	0
Acadsb	2740.0	2740	0
Rad1	2737.0	2737	0
Pprc1	2737.0	2737	0
Brix1	2737.0	2737	0
Vcpip1	2736.0	2736	0
Wdr43	2735.0	2735	0
Smarcal1	2731.0	2731	0
LTO1	2731.0	2731	0
Clpb	2730.0	2730	0
Rpl3	2727.0	2727	0
Coil	2727.0	2727	0
Cenps	2727.0	2727	0
Zfyve19	2724.0	2724	0
Slmap	2724.0	2724	0
Dnajc17	2724.0	2724	0
Phf13	2721.0	2721	0
Terf2	2720.0	2720	0
Ppm1l	2719.0	2719	0
Pml	2719.0	2719	0
Ly6g5b	2712.0	2712	0
Gpank1	2712.0	2712	0
D17H6S53E	2712.0	2712	0
Csnk2b	2712.0	2712	0
Rpp30	2711.0	2711	0
Tmem11	2707.0	2707	0
Obi1	2705.0	2705	0
Kbtbd8	2703.0	2703	0
Prr22	2700.0	2700	0
Dus3l	2700.0	2700	0
Clcn7	2700.0	2700	0
Aak1	2700.0	2700	0
Atad3a	2699.0	2699	0
Mettl8	2696.0	2696	0
Dcaf17	2696.0	2696	0
Tmem43	2694.0	2694	0
Chchd4	2694.0	2694	0
C9orf72	2694.0	2694	0
Fbxo48	2692.0	2692	0
Repin1	2682.0	2682	0
Gm5111	2682.0	2682	0
Smn1	2681.0	2681	0
Katnal1	2681.0	2681	0
Zfp407	2680.0	2680	0
Sbf1	2679.0	2679	0
Bicd2	2670.0	2670	0
Coa6	2667.0	2667	0
Leng8	2665.0	2665	0
Zdhhc7	2664.0	2664	0
Tnpo2	2662.0	2662	0
Pdcd2l	2662.0	2662	0
Sugp2	2659.0	2659	0
Armc6	2659.0	2659	0
Prmt7	2658.0	2658	0
S1pr4	2657.0	2657	0
Ncln	2657.0	2657	0
Plekha1	2652.0	2652	0
Tgfbr3l	2651.0	2651	0
Snapc2	2651.0	2651	0
Gtf2f2	2651.0	2651	0
Lgals8	2650.0	2650	0
Ttc32	2647.0	2647	0
Timm50	2647.0	2647	0
Ifrd1	2645.0	2645	0
Rpgrip1l	2643.0	2643	0
Fto	2643.0	2643	0
Zbtb7a	2641.0	2641	0
Frg1	2635.0	2635	0
Ap1s1	2634.0	2634	0
Trrap	2631.0	2631	0
Scnm1	2631.0	2631	0
Lysmd1	2631.0	2631	0
Tars	2630.0	2630	0
Atf2	2621.0	2621	0
Tarbp2	2617.0	2617	0
Map3k12	2617.0	2617	0
Timm22	2616.0	2616	0
Ap2m1	2615.0	2615	0
Tsfm	2613.0	2613	0
Ppp1r35	2613.0	2613	0
Cdk5rap2	2613.0	2613	0
Phf12	2612.0	2612	0
Nudt15	2612.0	2612	0
Lamtor5	2606.0	2606	0
Rexo2	2603.0	2603	0
Ddx5	2602.0	2602	0
Cep95	2602.0	2602	0
Ccnt2	2595.0	2595	0
Nbr1	2592.0	2592	0
Brca1	2592.0	2592	0
Ankzf1	2591.0	2591	0
Copb1	2587.0	2587	0
Dync1i2	2585.0	2585	0
Atf6	2584.0	2584	0
Setmar	2583.0	2583	0
Ints9	2583.0	2583	0
Hmbox1	2583.0	2583	0
Nuf2	2581.0	2581	0
Virma	2579.0	2579	0
Mtrex	2577.0	2577	0
Ift22	2577.0	2577	0
Dhx29	2577.0	2577	0
Clptm1	2577.0	2577	0
Napg	2574.0	2574	0
Sdad1	2572.0	2572	0
Gar1	2572.0	2572	0
Triap1	2568.0	2568	0
Gatc	2568.0	2568	0
Ndufa9	2566.0	2566	0
Akap3	2566.0	2566	0
Kbtbd3	2565.0	2565	0
Aasdhppt	2565.0	2565	0
Tmem258	2557.0	2557	0
Fen1	2557.0	2557	0
Ctdp1	2553.0	2553	0
Utp18	2551.0	2551	0
Mbtd1	2551.0	2551	0
Copg1	2551.0	2551	0
Fam168a	2549.0	2549	0
Taf11	2545.0	2545	0
Anks1	2545.0	2545	0
Atr	2538.0	2538	0
1700065D16Rik	2538.0	2538	0
Sharpin	2537.0	2537	0
Maf1	2537.0	2537	0
Gm35339	2537.0	2537	0
Aplf	2537.0	2537	0
Ccdc142	2534.0	2534	0
Wnk1	2533.0	2533	0
Hsph1	2532.0	2532	0
Pole3	2528.0	2528	0
B9d1	2528.0	2528	0
Alad	2528.0	2528	0
4933430I17Rik	2528.0	2528	0
Rag2	2527.0	2527	0
Iftap	2527.0	2527	0
Chmp7	2527.0	2527	0
Cstf1	2522.0	2522	0
Aurka	2522.0	2522	0
Ciao2b	2521.0	2521	0
Fubp3	2507.0	2507	0
Desi2	2507.0	2507	0
Mrpl19	2497.0	2497	0
Wdr12	2492.0	2492	0
Dhx33	2492.0	2492	0
Carf	2492.0	2492	0
Inpp5k	2489.0	2489	0
Gss	2489.0	2489	0
Phf23	2488.0	2488	0
Gabarap	2488.0	2488	0
Dvl2	2488.0	2488	0
Tspan4	2482.0	2482	0
Polr2l	2482.0	2482	0
Tmem250-ps	2481.0	2481	0
Gale	2476.0	2476	0
Ndufb5	2475.0	2475	0
Mrpl47	2475.0	2475	0
Ints2	2474.0	2474	0
Exoc7	2473.0	2473	0
Atg9b	2471.0	2471	0
Abcb8	2471.0	2471	0
Spns1	2470.0	2470	0
Rangap1	2468.0	2468	0
Lsm6	2465.0	2465	0
Fam193a	2465.0	2465	0
Rbl2	2464.0	2464	0
Sdccag8	2461.0	2461	0
Cep170	2461.0	2461	0
Phb	2453.0	2453	0
Rpl38	2451.0	2451	0
Nxt1	2447.0	2447	0
Lancl2	2445.0	2445	0
Ift140	2443.0	2443	0
Cramp1l	2443.0	2443	0
Aggf1	2443.0	2443	0
Mtpap	2442.0	2442	0
Mitf	2440.0	2440	0
Rhot1	2439.0	2439	0
Ddx42	2439.0	2439	0
Ccdc47	2439.0	2439	0
Sugp1	2434.0	2434	0
Mau2	2434.0	2434	0
Hagh	2432.0	2432	0
Fahd1	2432.0	2432	0
Blmh	2422.0	2422	0
Zswim9	2419.0	2419	0
Lig1	2419.0	2419	0
Thrap3	2416.0	2416	0
Wbp2	2414.0	2414	0
Txndc17	2413.0	2413	0
4933427D14Rik	2413.0	2413	0
Atp5o	2412.0	2412	0
Yif1b	2409.0	2409	0
Kpna3	2409.0	2409	0
Msra	2406.0	2406	0
Sfxn5	2402.0	2402	0
Nprl2	2401.0	2401	0
Kpna6	2401.0	2401	0
Cyb561d2	2401.0	2401	0
Rnf123	2399.0	2399	0
Mst1	2399.0	2399	0
Coq5	2397.0	2397	0
Mtif3	2396.0	2396	0
Zscan22	2394.0	2394	0
Rsrc2	2394.0	2394	0
Kntc1	2394.0	2394	0
Zfp637	2391.0	2391	0
Sacm1l	2389.0	2389	0
Als2	2388.0	2388	0
Abcf2	2388.0	2388	0
Cherp	2387.0	2387	0
Stx8	2383.0	2383	0
Cfap52	2383.0	2383	0
Smim11	2380.0	2380	0
Slc29a2	2367.0	2367	0
Fam90a1b	2367.0	2367	0
Clasp1	2367.0	2367	0
Apoo	2367.0	2367	0
Sec61a1	2358.0	2358	0
Htatsf1	2356.0	2356	0
Neurl4	2355.0	2355	0
2810408A11Rik	2355.0	2355	0
BC028528	2352.0	2352	0
Aph1a	2352.0	2352	0
Sec11c	2350.0	2350	0
Usp39	2344.0	2344	0
0610030E20Rik	2344.0	2344	0
Calr3	2343.0	2343	0
Aarsd1	2343.0	2343	0
1700030K09Rik	2343.0	2343	0
Maz	2342.0	2342	0
Trmt5	2340.0	2340	0
Slc38a6	2340.0	2340	0
Fntb	2338.0	2338	0
Ipo9	2337.0	2337	0
Fem1b	2337.0	2337	0
Gid8	2335.0	2335	0
Dido1	2335.0	2335	0
Cutc	2334.0	2334	0
Cox15	2334.0	2334	0
Vps29	2330.0	2330	0
Rad9b	2330.0	2330	0
Srrm2	2328.0	2328	0
Heatr1	2327.0	2327	0
Serbp1	2324.0	2324	0
Uevld	2322.0	2322	0
Qtrt2	2322.0	2322	0
Ccdc191	2322.0	2322	0
Ttc13	2316.0	2316	0
Snx16	2316.0	2316	0
Pdxdc1	2316.0	2316	0
Mpv17l	2316.0	2316	0
Arv1	2316.0	2316	0
Cant1	2312.0	2312	0
Exoc5	2310.0	2310	0
Ap5m1	2310.0	2310	0
Cep63	2306.0	2306	0
Anapc13	2306.0	2306	0
Pabpc1	2304.0	2304	0
Arfgap2	2304.0	2304	0
Thyn1	2302.0	2302	0
Acad8	2302.0	2302	0
Lig4	2299.0	2299	0
Abhd13	2299.0	2299	0
Kif11	2294.0	2294	0
Ormdl3	2291.0	2291	0
Mfn2	2290.0	2290	0
Bsdc1	2288.0	2288	0
Ndufb8	2287.0	2287	0
Nudt13	2285.0	2285	0
Golga4	2283.0	2283	0
Ubox5	2274.0	2274	0
Fastkd5	2274.0	2274	0
Zdhhc1	2270.0	2270	0
Tomt	2265.0	2265	0
Lamtor1	2265.0	2265	0
Etfdh	2264.0	2264	0
4930579G24Rik	2264.0	2264	0
Hdhd3	2263.0	2263	0
Rab27a	2259.0	2259	0
Pigbos1	2259.0	2259	0
Pigb	2259.0	2259	0
Bud13	2258.0	2258	0
Polr3g	2257.0	2257	0
Mblac2	2257.0	2257	0
Gtf2h4	2252.0	2252	0
Ttll11	2248.0	2248	0
Erdr1	2248.0	2248	0
Gid4	2244.0	2244	0
Pex11b	2243.0	2243	0
Ggps1	2242.0	2242	0
Arid4b	2242.0	2242	0
Crcp	2241.0	2241	0
Asl	2241.0	2241	0
Pdcl	2239.0	2239	0
Kctd3	2226.0	2226	0
Commd10	2224.0	2224	0
Clp1	2224.0	2224	0
Tpr	2222.0	2222	0
Odr4	2222.0	2222	0
Eif2b5	2211.0	2211	0
Ado	2211.0	2211	0
Cyb5b	2207.0	2207	0
Flad1	2204.0	2204	0
Poc5	2203.0	2203	0
Tomm5	2201.0	2201	0
Slc25a51	2200.0	2200	0
Atad5	2200.0	2200	0
Wdr5	2199.0	2199	0
Tmco3	2197.0	2197	0
Dcun1d2	2197.0	2197	0
Zfp809	2193.0	2193	0
Smarca4	2192.0	2192	0
Fam185a	2192.0	2192	0
Ccdc146	2192.0	2192	0
Zfp189	2188.0	2188	0
Mrpl50	2188.0	2188	0
Eapp	2188.0	2188	0
Sf3a2	2184.0	2184	0
Plekhj1	2184.0	2184	0
Pcmt1	2184.0	2184	0
Nup43	2184.0	2184	0
Ndufs4	2182.0	2182	0
Get4	2177.0	2177	0
Dnlz	2176.0	2176	0
Sympk	2173.0	2173	0
Foxa3	2173.0	2173	0
Rnf113a1	2171.0	2171	0
Pan2	2171.0	2171	0
Ndufa1	2171.0	2171	0
Il23a	2171.0	2171	0
Vipas39	2162.0	2162	0
Ahsa1	2162.0	2162	0
Setdb1	2161.0	2161	0
Ndufs1	2161.0	2161	0
Eef1b2	2161.0	2161	0
Vps72	2153.0	2153	0
Pip5k1a	2153.0	2153	0
Erlin2	2153.0	2153	0
Tmem79	2152.0	2152	0
Smg5	2152.0	2152	0
Xrra1	2148.0	2148	0
Spcs2	2148.0	2148	0
Gpatch1	2147.0	2147	0
Ppp1r7	2136.0	2136	0
Pask	2136.0	2136	0
Fastkd1	2135.0	2135	0
Ogdh	2133.0	2133	0
Rusf1	2132.0	2132	0
Dnajc15	2128.0	2128	0
Pcm1	2126.0	2126	0
Fdps	2119.0	2119	0
Psmc1	2117.0	2117	0
B3galnt2	2116.0	2116	0
Mdh1b	2115.0	2115	0
Fastkd2	2115.0	2115	0
Zswim8	2114.0	2114	0
Chchd1	2114.0	2114	0
Mgst3	2109.0	2109	0
Bnip1	2108.0	2108	0
Apool	2104.0	2104	0
Tkfc	2102.0	2102	0
Tfeb	2102.0	2102	0
Ddb1	2102.0	2102	0
Fem1a	2100.0	2100	0
Vti1b	2097.0	2097	0
Trpc4ap	2097.0	2097	0
Nmt1	2096.0	2096	0
Rttn	2095.0	2095	0
Gatb	2092.0	2092	0
Fis1	2092.0	2092	0
Rabl6	2088.0	2088	0
Hspa12a	2086.0	2086	0
Eno4	2086.0	2086	0
Itpr1	2081.0	2081	0
Tial1	2080.0	2080	0
Rps27a	2079.0	2079	0
Clhc1	2079.0	2079	0
Napb	2078.0	2078	0
Lztr1	2078.0	2078	0
Chchd3	2064.0	2064	0
Cnot4	2063.0	2063	0
Ap5s1	2063.0	2063	0
Cdc42bpb	2056.0	2056	0
2610001J05Rik	2056.0	2056	0
Ogfod2	2052.0	2052	0
Arl6ip4	2052.0	2052	0
Gsk3a	2051.0	2051	0
Mis18bp1	2050.0	2050	0
Bcl2l12	2046.0	2046	0
Alg9	2043.0	2043	0
Atp5e	2041.0	2041	0
Sf3b2	2040.0	2040	0
Ppox	2040.0	2040	0
Gal3st3	2040.0	2040	0
Ssr3	2036.0	2036	0
Map1lc3b	2035.0	2035	0
Ppme1	2034.0	2034	0
C2cd3	2034.0	2034	0
Suclg1	2032.0	2032	0
Dym	2031.0	2031	0
Pnkd	2030.0	2030	0
Aamp	2030.0	2030	0
Ric8b	2026.0	2026	0
Mcfd2	2025.0	2025	0
Fbxl19	2022.0	2022	0
Scaf1	2021.0	2021	0
Rras	2021.0	2021	0
Rtcb	2020.0	2020	0
Pus1	2020.0	2020	0
Srrt	2016.0	2016	0
Ipo13	2015.0	2015	0
Hbs1l	2009.0	2009	0
Cdc45	2006.0	2006	0
Nbas	2005.0	2005	0
Cdkal1	2005.0	2005	0
Zmat5	1994.0	1994	0
Zdhhc16	1994.0	1994	0
Uqcr10	1994.0	1994	0
Exosc1	1994.0	1994	0
Zbtb32	1993.0	1993	0
Kmt2b	1993.0	1993	0
Tle4	1986.0	1986	0
Rabac1	1984.0	1984	0
Snapin	1982.0	1982	0
Tnfaip1	1980.0	1980	0
Ift20	1980.0	1980	0
Parp4	1979.0	1979	0
Cenpj	1979.0	1979	0
Prpf4	1977.0	1977	0
Cdc26	1977.0	1977	0
Ift88	1976.0	1976	0
Cox6c	1976.0	1976	0
Zfp607b	1973.0	1973	0
Map3k10	1973.0	1973	0
Eloc	1972.0	1972	0
Ogfod1	1971.0	1971	0
Nudt21	1971.0	1971	0
Zfp949	1969.0	1969	0
Fbf1	1969.0	1969	0
Zw10	1967.0	1967	0
Wdr46	1962.0	1962	0
Pfdn6	1962.0	1962	0
Chchd6	1957.0	1957	0
Sap30	1956.0	1956	0
Trub2	1953.0	1953	0
Tmem129	1952.0	1952	0
Tacc3	1952.0	1952	0
Slbp	1952.0	1952	0
Map3k4	1948.0	1948	0
Smpd3	1947.0	1947	0
Rspry1	1946.0	1946	0
Psme3ip1	1946.0	1946	0
Cwc22	1943.0	1943	0
Ints4	1941.0	1941	0
Ubqln4	1940.0	1940	0
Rab25	1940.0	1940	0
Lamtor2	1940.0	1940	0
Letm1	1935.0	1935	0
Bcorl1	1935.0	1935	0
Usp48	1928.0	1928	0
Cnih4	1928.0	1928	0
Rplp2	1925.0	1925	0
Pidd1	1925.0	1925	0
Mrps25	1923.0	1923	0
Ahcy	1922.0	1922	0
Tab3	1921.0	1921	0
Mrto4	1919.0	1919	0
Emc1	1919.0	1919	0
Phlpp1	1918.0	1918	0
Atrn	1918.0	1918	0
Rsbn1	1916.0	1916	0
Dexi	1909.0	1909	0
Clec16a	1909.0	1909	0
Gps2	1908.0	1908	0
Wasf1	1907.0	1907	0
Cdc40	1907.0	1907	0
Edem2	1902.0	1902	0
Zfp933	1896.0	1896	0
Ctu1	1895.0	1895	0
Zfp654	1892.0	1892	0
Cggbp1	1892.0	1892	0
Serpini1	1887.0	1887	0
Pdcd10	1887.0	1887	0
Satb2	1885.0	1885	0
Ccdc90b	1884.0	1884	0
Arhgap11a	1884.0	1884	0
Nemf	1881.0	1881	0
Bod1	1881.0	1881	0
Gins1	1878.0	1878	0
Alg14	1877.0	1877	0
Slc27a4	1874.0	1874	0
Ppp1r12b	1871.0	1871	0
Rbm6	1866.0	1866	0
Rpl7	1865.0	1865	0
Rdh10	1865.0	1865	0
Luc7l	1865.0	1865	0
Wapl	1861.0	1861	0
Pgls	1861.0	1861	0
Niban3	1861.0	1861	0
Men1	1861.0	1861	0
Mrpl11	1856.0	1856	0
Zfp839	1855.0	1855	0
Trmt1	1850.0	1850	0
Nacc1	1850.0	1850	0
Trip10	1846.0	1846	0
Gpr108	1846.0	1846	0
Dnajb12	1844.0	1844	0
Limk2	1842.0	1842	0
Edem3	1842.0	1842	0
Chsy1	1832.0	1832	0
Tbc1d2	1831.0	1831	0
Ankrd11	1829.0	1829	0
Cnot1	1827.0	1827	0
Cdk19	1825.0	1825	0
Pank4	1824.0	1824	0
Hes5	1824.0	1824	0
Pkig	1821.0	1821	0
Xpot	1820.0	1820	0
Pbk	1818.0	1818	0
Slc5a5	1816.0	1816	0
Rpl18a	1816.0	1816	0
Smim13	1815.0	1815	0
Nfxl1	1810.0	1810	0
Msh6	1810.0	1810	0
Mrpl24	1809.0	1809	0
Gtf2i	1807.0	1807	0
Vps50	1806.0	1806	0
Rab5c	1806.0	1806	0
Hepacam2	1806.0	1806	0
Zfp1	1805.0	1805	0
Ccdc50	1803.0	1803	0
Csrnp2	1799.0	1799	0
Rpl12	1798.0	1798	0
Lrsam1	1798.0	1798	0
Ppp2r5b	1794.0	1794	0
Sf3b5	1791.0	1791	0
Vapa	1790.0	1790	0
Znfx1	1785.0	1785	0
Eml6	1784.0	1784	0
Cep97	1784.0	1784	0
Dlg4	1783.0	1783	0
Ghitm	1780.0	1780	0
Zfp354a	1776.0	1776	0
Sirt4	1774.0	1774	0
Mrpl34	1774.0	1774	0
Dda1	1774.0	1774	0
Abhd8	1774.0	1774	0
Cbx1	1773.0	1773	0
Gpt2	1772.0	1772	0
Emsy	1772.0	1772	0
Atl3	1770.0	1770	0
Srprb	1769.0	1769	0
Dynll1	1769.0	1769	0
Plaa	1766.0	1766	0
Spa17	1759.0	1759	0
Siae	1759.0	1759	0
Kif2c	1759.0	1759	0
Rap2a	1757.0	1757	0
Trmt10a	1755.0	1755	0
Mttp	1755.0	1755	0
Rad18	1753.0	1753	0
Traf7	1748.0	1748	0
Tbcb	1746.0	1746	0
Polr2i	1746.0	1746	0
Ovol3	1746.0	1746	0
Tmem222	1741.0	1741	0
Gfus	1740.0	1740	0
Usp35	1738.0	1738	0
Kctd21	1738.0	1738	0
Lrpprc	1735.0	1735	0
Cdk8	1735.0	1735	0
Inpp5b	1734.0	1734	0
R3hcc1l	1732.0	1732	0
Ttc41	1731.0	1731	0
Hsp90b1	1731.0	1731	0
Espl1	1731.0	1731	0
Rfx1	1730.0	1730	0
Zfp90	1727.0	1727	0
Gprasp1	1726.0	1726	0
Armcx5	1726.0	1726	0
Zmynd12	1725.0	1725	0
Ppcs	1725.0	1725	0
Trak2	1722.0	1722	0
Cgrrf1	1722.0	1722	0
Dnm1l	1719.0	1719	0
Stau1	1716.0	1716	0
Zdhhc14	1715.0	1715	0
Haus6	1712.0	1712	0
Skap2	1711.0	1711	0
Mynn	1710.0	1710	0
Actrt3	1710.0	1710	0
Mrpl22	1707.0	1707	0
Gemin5	1707.0	1707	0
Fam53c	1703.0	1703	0
Zfp235	1702.0	1702	0
Zfp317	1698.0	1698	0
Kat7	1697.0	1697	0
Prpf19	1694.0	1694	0
Oaz2	1693.0	1693	0
Nfx1	1692.0	1692	0
Wrn	1691.0	1691	0
Purg	1691.0	1691	0
Lta4h	1689.0	1689	0
Tmem33	1683.0	1683	0
Thap11	1678.0	1678	0
E130309D02Rik	1678.0	1678	0
Cenpt	1678.0	1678	0
Abcc5	1676.0	1676	0
Stk35	1671.0	1671	0
Dcps	1671.0	1671	0
Mars1	1664.0	1664	0
Clpx	1659.0	1659	0
Ermp1	1657.0	1657	0
Pex14	1654.0	1654	0
Naxd	1654.0	1654	0
Dffa	1654.0	1654	0
Zranb3	1653.0	1653	0
R3hdm1	1653.0	1653	0
Ccdc150	1651.0	1651	0
Nrde2	1650.0	1650	0
Mageb3	1648.0	1648	0
Ctdspl2	1648.0	1648	0
Dcaf12	1647.0	1647	0
Ccp110	1642.0	1642	0
Ptrhd1	1640.0	1640	0
Pomt2	1640.0	1640	0
Gstz1	1640.0	1640	0
Cenpo	1640.0	1640	0
Ccdc126	1640.0	1640	0
Sac3d1	1639.0	1639	0
Arf6	1639.0	1639	0
Rnaseh2c	1634.0	1634	0
Tmem88	1631.0	1631	0
Pde6d	1631.0	1631	0
Naa38	1631.0	1631	0
Cyb5d1	1631.0	1631	0
Cops7b	1631.0	1631	0
Rab29	1630.0	1630	0
Zfp568	1623.0	1623	0
Exo1	1622.0	1622	0
Zfp26	1618.0	1618	0
Zfp212	1617.0	1617	0
Rasa1	1613.0	1613	0
Nphp1	1613.0	1613	0
Mtln	1613.0	1613	0
Cic	1613.0	1613	0
Ubxn8	1609.0	1609	0
Mknk1	1609.0	1609	0
Zfp94	1607.0	1607	0
Snx1	1599.0	1599	0
Ciao2a	1599.0	1599	0
Wrnip1	1592.0	1592	0
Zfp513	1591.0	1591	0
Sft2d1	1591.0	1591	0
Rexo1	1591.0	1591	0
Psmd3	1591.0	1591	0
Polk	1589.0	1589	0
Cert1	1589.0	1589	0
Kif13b	1587.0	1587	0
Cox7c	1585.0	1585	0
Clptm1l	1585.0	1585	0
Ndufv1	1584.0	1584	0
Dhx30	1584.0	1584	0
Chmp6	1584.0	1584	0
Snx27	1583.0	1583	0
Rubcn	1582.0	1582	0
Tmed9	1579.0	1579	0
Rdh14	1577.0	1577	0
Zgpat	1576.0	1576	0
Tssc4	1576.0	1576	0
Arfrp1	1576.0	1576	0
Praf2	1571.0	1571	0
Zfp24	1566.0	1566	0
Pdia5	1565.0	1565	0
Rpl34-ps1	1562.0	1562	0
Rpl34	1562.0	1562	0
Nvl	1562.0	1562	0
Krr1	1561.0	1561	0
Rad51	1557.0	1557	0
Pnpla6	1557.0	1557	0
Tmem160	1556.0	1556	0
Gemin6	1551.0	1551	0
Btbd19	1551.0	1551	0
Cbll1	1550.0	1550	0
Hbp1	1549.0	1549	0
Daam1	1544.0	1544	0
Zfhx2	1543.0	1543	0
Thtpa	1543.0	1543	0
Zfp580	1541.0	1541	0
Hscb	1541.0	1541	0
Chek2	1541.0	1541	0
Ccdc106	1541.0	1541	0
Smarcad1	1538.0	1538	0
Snx5	1536.0	1536	0
Mgme1	1536.0	1536	0
Smug1	1535.0	1535	0
C87436	1530.0	1530	0
G3bp2	1528.0	1528	0
Tmem245	1524.0	1524	0
Tfap4	1520.0	1520	0
Cwf19l1	1519.0	1519	0
Cdca8	1517.0	1517	0
9930104L06Rik	1517.0	1517	0
Med16	1514.0	1514	0
Ammecr1l	1513.0	1513	0
Zfp691	1512.0	1512	0
Rps15a	1509.0	1509	0
Zfp729a	1508.0	1508	0
Trmt1l	1506.0	1506	0
Swt1	1506.0	1506	0
Dstyk	1505.0	1505	0
Pank3	1504.0	1504	0
Ttc1	1503.0	1503	0
Tmem127	1500.0	1500	0
Ciao1	1500.0	1500	0
Rps11	1499.0	1499	0
Rpl13a	1499.0	1499	0
Clpp	1496.0	1496	0
Urgcp	1495.0	1495	0
Gtf3c2	1491.0	1491	0
Bub3	1489.0	1489	0
Psmd7	1485.0	1485	0
Hdhd5	1485.0	1485	0
D030056L22Rik	1484.0	1484	0
Zfp661	1482.0	1482	0
Mrps5	1482.0	1482	0
Psmb3	1479.0	1479	0
Polrmt	1479.0	1479	0
Pcgf2	1479.0	1479	0
Snx11	1477.0	1477	0
Nup160	1472.0	1472	0
Lmnb2	1470.0	1470	0
Mlx	1467.0	1467	0
Hsd17b1	1467.0	1467	0
Coasy	1467.0	1467	0
Tfpt	1466.0	1466	0
Prpf31	1466.0	1466	0
Itsn1	1465.0	1465	0
Cryzl1	1465.0	1465	0
Inip	1461.0	1461	0
Ube2v1	1459.0	1459	0
Bet1	1459.0	1459	0
Arl5a	1459.0	1459	0
Med27	1456.0	1456	0
Zfp354c	1452.0	1452	0
Rab30	1452.0	1452	0
Snip1	1451.0	1451	0
Dnali1	1451.0	1451	0
Zdhhc21	1448.0	1448	0
Tnfrsf12a	1436.0	1436	0
Thoc6	1436.0	1436	0
Hcfc1r1	1436.0	1436	0
Tmem185a	1432.0	1432	0
Rpl15	1432.0	1432	0
Nkiras1	1432.0	1432	0
Zfp444	1426.0	1426	0
Poldip3	1420.0	1420	0
Dgcr8	1420.0	1420	0
Ube3c	1419.0	1419	0
Zfp146	1409.0	1409	0
Map3k7	1405.0	1405	0
Bub1b	1405.0	1405	0
Ccdc22	1404.0	1404	0
Cacna1f	1404.0	1404	0
Srp68	1403.0	1403	0
Vps33b	1400.0	1400	0
Mtfp1	1398.0	1398	0
Rfc4	1397.0	1397	0
Sirt2	1396.0	1396	0
Nfkbib	1396.0	1396	0
Zfp46	1395.0	1395	0
Ppcdc	1393.0	1393	0
Txnl1	1385.0	1385	0
Dmac1	1384.0	1384	0
Taf6	1380.0	1380	0
Cnpy4	1380.0	1380	0
Secisbp2l	1377.0	1377	0
Slc25a19	1376.0	1376	0
Usp40	1374.0	1374	0
Ufsp2	1374.0	1374	0
Gtse1	1374.0	1374	0
1700029J07Rik	1374.0	1374	0
Cdc34	1371.0	1371	0
Tcp1	1369.0	1369	0
Poc1a	1369.0	1369	0
Mrpl18	1369.0	1369	0
Capn10	1366.0	1366	0
Wfikkn1	1364.0	1364	0
Morf4l1	1364.0	1364	0
Mettl26	1364.0	1364	0
Ubr2	1361.0	1361	0
Rpl30	1360.0	1360	0
Zfp667	1359.0	1359	0
Thap4	1357.0	1357	0
Prmt6	1357.0	1357	0
Atg4b	1357.0	1357	0
Rtn2	1356.0	1356	0
Eif2s2	1355.0	1355	0
Syt3	1353.0	1353	0
Rexo4	1351.0	1351	0
Tmem147	1350.0	1350	0
Ssr2	1350.0	1350	0
Cfap69	1349.0	1349	0
Zfp383	1344.0	1344	0
Zfp27	1344.0	1344	0
Ttc37	1343.0	1343	0
Rpp40	1343.0	1343	0
Arsk	1343.0	1343	0
Ppil3	1341.0	1341	0
Nif3l1	1341.0	1341	0
Tsc2	1339.0	1339	0
Nthl1	1339.0	1339	0
Aktip	1336.0	1336	0
Specc1	1332.0	1332	0
Fam222a	1332.0	1332	0
Ttc33	1331.0	1331	0
Samd12	1329.0	1329	0
Prkn	1329.0	1329	0
Pacrg	1329.0	1329	0
Sdhaf2	1328.0	1328	0
Cpsf7	1328.0	1328	0
Pex19	1327.0	1327	0
Exosc6	1327.0	1327	0
Srsf2	1326.0	1326	0
Mfsd11	1326.0	1326	0
Prkci	1325.0	1325	0
Med17	1325.0	1325	0
Macrod1	1323.0	1323	0
Lrwd1	1322.0	1322	0
Alkbh4	1322.0	1322	0
Trmt44	1321.0	1321	0
Tmem87a	1318.0	1318	0
Ganc	1318.0	1318	0
Tcof1	1315.0	1315	0
Sirt3	1313.0	1313	0
Psmd13	1313.0	1313	0
Cfdp1	1310.0	1310	0
Zc3h18	1306.0	1306	0
Mrpl48	1304.0	1304	0
Zfp108	1302.0	1302	0
Sfi1	1298.0	1298	0
Prune1	1298.0	1298	0
Mindy1	1298.0	1298	0
Eif4enif1	1298.0	1298	0
Zfp74	1297.0	1297	0
Tmem161a	1290.0	1290	0
Spdye4b	1288.0	1288	0
Rbak	1288.0	1288	0
Prmt5	1287.0	1287	0
Mea1	1285.0	1285	0
Klhdc3	1285.0	1285	0
Ttc9c	1283.0	1283	0
Hnrnpul2	1283.0	1283	0
Fkbpl	1275.0	1275	0
Atf6b	1275.0	1275	0
Acad12	1275.0	1275	0
Rnf5	1272.0	1272	0
Agpat1	1272.0	1272	0
Rnmt	1269.0	1269	0
Fam210a	1269.0	1269	0
Scaf8	1268.0	1268	0
Taf8	1267.0	1267	0
Ccnd3	1267.0	1267	0
Neil1	1266.0	1266	0
Casc3	1265.0	1265	0
Rpl36	1260.0	1260	0
Micos13	1260.0	1260	0
Hps6	1260.0	1260	0
Armh3	1260.0	1260	0
Zfp715	1257.0	1257	0
Galm	1257.0	1257	0
Adck1	1256.0	1256	0
Cxxc1	1255.0	1255	0
C2cd2	1255.0	1255	0
Orc4	1254.0	1254	0
Mbd5	1254.0	1254	0
Abraxas2	1250.0	1250	0
Wdfy2	1246.0	1246	0
Utp11	1246.0	1246	0
Mtif2	1246.0	1246	0
Tbc1d8b	1245.0	1245	0
Zfp446	1243.0	1243	0
Abl1	1243.0	1243	0
Polr1b	1242.0	1242	0
Parp2	1242.0	1242	0
Acadvl	1238.0	1238	0
Paxip1	1237.0	1237	0
Arfgef1	1237.0	1237	0
Nelfa	1233.0	1233	0
Zc3h15	1228.0	1228	0
Asxl1	1225.0	1225	0
Nup153	1219.0	1219	0
Cbr4	1219.0	1219	0
Zfp143	1218.0	1218	0
Snd1	1215.0	1215	0
Sertad3	1215.0	1215	0
Zfp738	1212.0	1212	0
Nt5c3	1212.0	1212	0
Nsun6	1209.0	1209	0
Arl5b	1209.0	1209	0
Rbm33	1205.0	1205	0
Cpox	1205.0	1205	0
Cmas	1204.0	1204	0
Castor2	1204.0	1204	0
Tmem205	1203.0	1203	0
Ccdc159	1203.0	1203	0
Ptpn23	1201.0	1201	0
Snrpa1	1198.0	1198	0
Grk5	1196.0	1196	0
Alyref2	1191.0	1191	0
Tob2	1190.0	1190	0
Elp6	1186.0	1186	0
Rab1b	1185.0	1185	0
Kif20b	1185.0	1185	0
Tufm	1179.0	1179	0
Arf4	1177.0	1177	0
Tulp2	1174.0	1174	0
Enox2	1174.0	1174	0
Mrps30	1172.0	1172	0
Cdk11b	1172.0	1172	0
Psma2	1171.0	1171	0
Mrpl32	1171.0	1171	0
Ksr1	1171.0	1171	0
Ccdc34	1165.0	1165	0
Tmem59	1164.0	1164	0
Tceanc2	1164.0	1164	0
Snw1	1164.0	1164	0
Mvb12a	1160.0	1160	0
Zfp712	1159.0	1159	0
Proser3	1159.0	1159	0
Hspb6	1159.0	1159	0
Acbd5	1158.0	1158	0
Txlna	1156.0	1156	0
Hexim1	1156.0	1156	0
Xndc1	1155.0	1155	0
Rnf121	1155.0	1155	0
Sel1l	1154.0	1154	0
Slc31a1	1151.0	1151	0
Sesn1	1151.0	1151	0
Fkbp15	1151.0	1151	0
Cep57l1	1151.0	1151	0
Jtb	1149.0	1149	0
Ddx49	1149.0	1149	0
Cope	1149.0	1149	0
Qrich1	1148.0	1148	0
Derl1	1148.0	1148	0
Trub1	1147.0	1147	0
Ppp1r13l	1144.0	1144	0
Gpkow	1144.0	1144	0
Cd3eap	1144.0	1144	0
Zfp473	1141.0	1141	0
Vrk3	1141.0	1141	0
Sem1	1139.0	1139	0
Fbxo46	1138.0	1138	0
Bhmg1	1138.0	1138	0
Mtr	1137.0	1137	0
Mrps22	1137.0	1137	0
Med24	1136.0	1136	0
Nop16	1134.0	1134	0
Higd2a	1134.0	1134	0
9130401M01Rik	1133.0	1133	0
Tha1	1129.0	1129	0
Wrap73	1125.0	1125	0
Trp73	1125.0	1125	0
Galk2	1125.0	1125	0
Dr1	1125.0	1125	0
Cops2	1125.0	1125	0
Tmem128	1124.0	1124	0
Zfp780b	1123.0	1123	0
Ubxn4	1123.0	1123	0
Ddx47	1123.0	1123	0
Uchl5	1122.0	1122	0
Ro60	1122.0	1122	0
Pus3	1121.0	1121	0
Prr5l	1121.0	1121	0
Lsm4	1121.0	1121	0
Ddx25	1121.0	1121	0
Commd9	1121.0	1121	0
Cbarp	1121.0	1121	0
Atp5d	1121.0	1121	0
2210016L21Rik	1121.0	1121	0
Dnajc18	1120.0	1120	0
Ushbp1	1117.0	1117	0
Babam1	1117.0	1117	0
Atp5j2	1115.0	1115	0
Mrps11	1113.0	1113	0
Mrpl46	1113.0	1113	0
Eif4b	1113.0	1113	0
Srrm1	1111.0	1111	0
Afg1l	1111.0	1111	0
Skp2	1110.0	1110	0
Lmbrd2	1110.0	1110	0
Vkorc1	1109.0	1109	0
Prss53	1109.0	1109	0
Zfp566	1108.0	1108	0
Zfp260	1108.0	1108	0
Aunip	1108.0	1108	0
Wwox	1107.0	1107	0
Zfp2	1105.0	1105	0
Serhl	1105.0	1105	0
Fcsk	1105.0	1105	0
Cldn34d	1104.0	1104	0
Csde1	1100.0	1100	0
Eif3d	1099.0	1099	0
Psmd4	1098.0	1098	0
Kat2a	1098.0	1098	0
Hspb9	1098.0	1098	0
Fancg	1096.0	1096	0
Gatad2b	1095.0	1095	0
Taf12	1091.0	1091	0
Cldn12	1090.0	1090	0
Srp54a	1088.0	1088	0
Ndufa5	1088.0	1088	0
Mis12	1088.0	1088	0
Derl2	1088.0	1088	0
Asb15	1088.0	1088	0
Dimt1	1086.0	1086	0
Tm9sf1	1084.0	1084	0
Snupn	1082.0	1082	0
Trim45	1080.0	1080	0
Iws1	1079.0	1079	0
Chordc1	1078.0	1078	0
Togaram1	1075.0	1075	0
Klhl28	1075.0	1075	0
Prrg2	1073.0	1073	0
Nosip	1073.0	1073	0
Fbxo9	1073.0	1073	0
Cilk1	1073.0	1073	0
Rbl1	1070.0	1070	0
Mrpl42	1069.0	1069	0
Ywhag	1066.0	1066	0
Cand1	1065.0	1065	0
Fubp1	1064.0	1064	0
Dnajb4	1064.0	1064	0
Srsf6	1062.0	1062	0
Tmem214	1061.0	1061	0
Mpc2	1061.0	1061	0
Dcaf6	1061.0	1061	0
Srsf1	1060.0	1060	0
Trir	1058.0	1058	0
Mzf1	1058.0	1058	0
Get3	1058.0	1058	0
Erlin1	1058.0	1058	0
Slc38a9	1053.0	1053	0
Sap130	1050.0	1050	0
Cc2d1a	1046.0	1046	0
4930432K21Rik	1046.0	1046	0
Mrps21	1045.0	1045	0
Ppp4c	1044.0	1044	0
Rrs1	1043.0	1043	0
Nampt	1043.0	1043	0
Adhfe1	1043.0	1043	0
Peli1	1040.0	1040	0
Adipor2	1040.0	1040	0
Tomm40	1039.0	1039	0
Brap	1039.0	1039	0
Acad10	1039.0	1039	0
Spc25	1038.0	1038	0
G6pc2	1038.0	1038	0
Dbp	1036.0	1036	0
Car11	1036.0	1036	0
Dars2	1035.0	1035	0
Exoc4	1034.0	1034	0
Abhd10	1032.0	1032	0
Txlng	1031.0	1031	0
Acly	1031.0	1031	0
Ttc24	1030.0	1030	0
Iqgap3	1030.0	1030	0
Fmc1	1030.0	1030	0
Lrrc45	1029.0	1029	0
Cenpx	1029.0	1029	0
Angel2	1028.0	1028	0
Mtf2	1027.0	1027	0
Lrrc51	1026.0	1026	0
Psmd11	1025.0	1025	0
Pibf1	1025.0	1025	0
Dis3	1025.0	1025	0
Washc4	1023.0	1023	0
Pih1d1	1023.0	1023	0
Aldh16a1	1023.0	1023	0
Nup93	1022.0	1022	0
Ubap2	1019.0	1019	0
Zmym6	1018.0	1018	0
Dcaf1	1018.0	1018	0
Tmem134	1017.0	1017	0
Lsm12	1017.0	1017	0
G6pc3	1017.0	1017	0
Aip	1017.0	1017	0
Top3a	1016.0	1016	0
Smcr8	1016.0	1016	0
Ptdss2	1014.0	1014	0
Vps26c	1012.0	1012	0
Tor1a	1012.0	1012	0
Med11	1009.0	1009	0
Txnl4b	1004.0	1004	0
Prdm15	1004.0	1004	0
Mib2	1004.0	1004	0
Dhx38	1004.0	1004	0
Abraxas1	1004.0	1004	0
Hdac8	1003.0	1003	0
Tmem138	1002.0	1002	0
Ppil2	1002.0	1002	0
Cyb561a3	1002.0	1002	0
Trappc3	1001.0	1001	0
Dnaja3	1000.0	1000	0
Coro7	1000.0	1000	0
Dph2	999.0	999	0
B4galt2	999.0	999	0
Atp6v0b	999.0	999	0
Lman2	998.0	998	0
Tpgs2	995.0	995	0
Dnajc10	995.0	995	0
Ccdc117	995.0	995	0
AW554918	995.0	995	0
Zfp882	994.0	994	0
Kbtbd7	993.0	993	0
Ppig	992.0	992	0
Tdrd9	990.0	990	0
Immt	990.0	990	0
Atp5mpl	990.0	990	0
Zfc3h1	989.0	989	0
Thap2	989.0	989	0
Cdkn2aipnl	988.0	988	0
Zfp213	987.0	987	0
Gpaa1	987.0	987	0
Exosc4	987.0	987	0
Slc3a2	985.0	985	0
Ppp1r12c	983.0	983	0
Zfp451	981.0	981	0
Pacc1	981.0	981	0
Atg14	981.0	981	0
Nepro	980.0	980	0
Crk	979.0	979	0
Ttbk2	978.0	978	0
Kpnb1	977.0	977	0
Adat1	977.0	977	0
Prorp	976.0	976	0
Usp1	973.0	973	0
Oscar	972.0	972	0
Ndufa3	972.0	972	0
Krba1	972.0	972	0
Poln	971.0	971	0
Haus3	971.0	971	0
Sap30bp	968.0	968	0
Recql5	968.0	968	0
Sgf29	967.0	967	0
Mtrf1	966.0	966	0
Cep162	966.0	966	0
Alg10b	965.0	965	0
Zfp606	964.0	964	0
Ilvbl	963.0	963	0
Scamp4	962.0	962	0
Adat3	962.0	962	0
Tcea2	961.0	961	0
Psmc4	960.0	960	0
Zfp112	959.0	959	0
Ttc30b	957.0	957	0
Tmem107	957.0	957	0
Jarid2	957.0	957	0
Dtx2	953.0	953	0
Arhgap19	952.0	952	0
Zup1	951.0	951	0
Zfp277	949.0	949	0
Snrnp70	949.0	949	0
Pigt	949.0	949	0
Dock4	949.0	949	0
Hace1	948.0	948	0
Atp5g1	948.0	948	0
Slc37a3	945.0	945	0
Rab19	945.0	945	0
Eif4a3	945.0	945	0
Acp6	945.0	945	0
Mindy4	943.0	943	0
Tubgcp3	941.0	941	0
Thap12	941.0	941	0
Atg5	941.0	941	0
Arpp19	941.0	941	0
Zfp128	938.0	938	0
Atp6v1fnb	938.0	938	0
Atp6v1f	938.0	938	0
Ube2m	935.0	935	0
Chmp2a	935.0	935	0
Zfp60	932.0	932	0
Ube2n	932.0	932	0
Eloa	932.0	932	0
Rpn2	930.0	930	0
Mroh8	930.0	930	0
Hsbp1	930.0	930	0
Psma4	928.0	928	0
AY074887	928.0	928	0
Suco	927.0	927	0
Snx3	927.0	927	0
Fank1	926.0	926	0
Dhx32	926.0	926	0
U2af1l4	925.0	925	0
Rbm5	925.0	925	0
Psenen	925.0	925	0
Phactr4	925.0	925	0
Mcts1	925.0	925	0
Lin37	925.0	925	0
Igflr1	925.0	925	0
Vezt	924.0	924	0
Fgd6	924.0	924	0
1700008O03Rik	923.0	923	0
Nup54	920.0	920	0
Dcun1d4	920.0	920	0
Mcm3	918.0	918	0
Zc3h11a	917.0	917	0
Zbed6	917.0	917	0
Gpd1l	917.0	917	0
Brd3	915.0	915	0
Mcrs1	913.0	913	0
Psmc3	912.0	912	0
Otud6b	912.0	912	0
Slc25a53	911.0	911	0
Rpl32	910.0	910	0
Supt4a	909.0	909	0
Mfap1b	909.0	909	0
Toe1	906.0	906	0
Mutyh	906.0	906	0
Med26	905.0	905	0
Syap1	904.0	904	0
Ptcd3	904.0	904	0
Ppp1r14b	904.0	904	0
Polr1a	904.0	904	0
Plcb3	904.0	904	0
Hcfc2	904.0	904	0
Fkbp2	904.0	904	0
Anks3	901.0	901	0
4930451G09Rik	901.0	901	0
Txndc9	900.0	900	0
Eif5b	900.0	900	0
Wdr59	898.0	898	0
Wdtc1	895.0	895	0
Tgfbrap1	893.0	893	0
Prim1	893.0	893	0
AI597479	893.0	893	0
Zfp428	892.0	892	0
Eral1	892.0	892	0
Zfp93	891.0	891	0
Dnttip2	891.0	891	0
Ubqln1	889.0	889	0
Phb2	889.0	889	0
Emg1	889.0	889	0
Znhit3	885.0	885	0
Tmub1	885.0	885	0
Fastk	885.0	885	0
Agap3	885.0	885	0
Cct8	884.0	884	0
Zik1	882.0	882	0
Zfp420	881.0	881	0
Slc25a27	881.0	881	0
Cyp39a1	881.0	881	0
Ahcyl2	881.0	881	0
Rbm38	880.0	880	0
Mocs1	877.0	877	0
Crbn	877.0	877	0
Bbs9	876.0	876	0
Cdc6	874.0	874	0
Gtf2f1	873.0	873	0
Zfp84	871.0	871	0
Mblac1	871.0	871	0
Alkbh8	871.0	871	0
Rps23	868.0	868	0
Wdr76	866.0	866	0
Mfap1a	866.0	866	0
Hikeshi	866.0	866	0
Tmem186	865.0	865	0
Pmm2	865.0	865	0
Nek2	865.0	865	0
Dync2li1	863.0	863	0
Zfp626	862.0	862	0
Cdc25a	862.0	862	0
Zfp263	860.0	860	0
Tbc1d31	860.0	860	0
Slc38a7	859.0	859	0
Fyttd1	859.0	859	0
Kif20a	858.0	858	0
Caprin1	858.0	858	0
Brd8	858.0	858	0
Sufu	857.0	857	0
Actr1a	857.0	857	0
Zc4h2	856.0	856	0
Ythdf1	856.0	856	0
Tmem208	856.0	856	0
Lrrc29	856.0	856	0
Htt	854.0	854	0
Akirin2	850.0	850	0
Twist1	846.0	846	0
Mon1a	844.0	844	0
Fgfr1	844.0	844	0
9530077C05Rik	842.0	842	0
Zfp748	840.0	840	0
Crnkl1	839.0	839	0
Cfap61	839.0	839	0
Twnk	837.0	837	0
Mrpl43	837.0	837	0
Qsox1	836.0	836	0
Mdm2	835.0	835	0
Gtf2e2	834.0	834	0
Enkd1	834.0	834	0
4933405L10Rik	834.0	834	0
Snrpe	833.0	833	0
Slf2	833.0	833	0
Mob2	833.0	833	0
Ccdc28a	832.0	832	0
Zfp111	829.0	829	0
Adss	829.0	829	0
Zfp87	827.0	827	0
Gabpa	826.0	826	0
Atp5j	826.0	826	0
Ubald1	825.0	825	0
Zscan20	824.0	824	0
Myl6b	821.0	821	0
Myl6	821.0	821	0
Tpt1	819.0	819	0
Ppat	819.0	819	0
Paics	819.0	819	0
Brms1	819.0	819	0
B4gat1	819.0	819	0
Plk1	817.0	817	0
Tonsl	815.0	815	0
Slc12a6	814.0	814	0
Nutm1	814.0	814	0
Nop10	814.0	814	0
L3mbtl2	811.0	811	0
Ubp1	810.0	810	0
Sirt6	809.0	809	0
Rad9a	809.0	809	0
Mid1ip1	809.0	809	0
Ankrd24	809.0	809	0
Rhbdd2	805.0	805	0
Arfgap1	804.0	804	0
Nicn1	803.0	803	0
Wtap	802.0	802	0
Chrac1	802.0	802	0
Pi4kb	799.0	799	0
Rnf10	797.0	797	0
Ralgapb	796.0	796	0
Micos10	794.0	794	0
Gtpbp8	793.0	793	0
Chac2	793.0	793	0
Zfp110	792.0	792	0
Psmd10	789.0	789	0
Atg4a	789.0	789	0
Uba1	788.0	788	0
Arl6	788.0	788	0
Fads1	787.0	787	0
Mapkapk5	786.0	786	0
Zfr	784.0	784	0
Rps13	784.0	784	0
Rabl3	784.0	784	0
Gtf2e1	784.0	784	0
Cdc37l1	784.0	784	0
Ahdc1	784.0	784	0
Tex14	783.0	783	0
Kbtbd6	783.0	783	0
Cdca4	783.0	783	0
Tmem259	782.0	782	0
Nolc1	782.0	782	0
Cnn2	782.0	782	0
Rpl6	780.0	780	0
Map2k6	780.0	780	0
Emilin1	779.0	779	0
Cdip1	775.0	775	0
Ttc30a2	774.0	774	0
Ttc30a1	774.0	774	0
Wdr18	772.0	772	0
Polr3k	771.0	771	0
Glo1	771.0	771	0
Stam	770.0	770	0
Smim10l1	770.0	770	0
Ubl3	769.0	769	0
Prpf3	768.0	768	0
Trmt61a	767.0	767	0
Cacng7	767.0	767	0
Washc2	766.0	766	0
Rdh13	766.0	766	0
Med15	766.0	766	0
Zfp418	760.0	760	0
Coq10a	760.0	760	0
Ube2d1	757.0	757	0
Exd2	757.0	757	0
Wdcp	756.0	756	0
Ipo7	756.0	756	0
Kif5a	755.0	755	0
Dctn2	755.0	755	0
Ube2h	754.0	754	0
Glrx5	751.0	751	0
Zfp692	750.0	750	0
Vps41	749.0	749	0
Tm9sf4	749.0	749	0
Ice1	749.0	749	0
Gamt	749.0	749	0
Dazap1	749.0	749	0
Tatdn1	748.0	748	0
Poglut2	748.0	748	0
Ndufb9	748.0	748	0
Bivm	748.0	748	0
Thoc3	747.0	747	0
Pes1	747.0	747	0
Lcmt1	747.0	747	0
Ahctf1	747.0	747	0
Trim23	746.0	746	0
Trappc13	746.0	746	0
Shld3	746.0	746	0
Marchf5	746.0	746	0
Cpeb3	746.0	746	0
4833439L19Rik	744.0	744	0
Zfp583	743.0	743	0
Cluap1	743.0	743	0
1700037C18Rik	743.0	743	0
Mettl18	742.0	742	0
BC055324	742.0	742	0
Llph	740.0	740	0
Rab8b	739.0	739	0
Polr2b	738.0	738	0
Noa1	738.0	738	0
Sp4	737.0	737	0
Ctf1	736.0	736	0
Bcl7c	736.0	736	0
Amn1	730.0	730	0
Hsd17b4	728.0	728	0
Pih1d2	726.0	726	0
Nkapd1	726.0	726	0
Smc5	725.0	725	0
Nr1d1	724.0	724	0
Mybl1	722.0	722	0
Kif3c	722.0	722	0
Mmgt1	720.0	720	0
Cnot2	720.0	720	0
Asb13	720.0	720	0
Ubl7	719.0	719	0
Ing1	719.0	719	0
Cars2	719.0	719	0
Thoc5	718.0	718	0
Snx14	718.0	718	0
Rps3	718.0	718	0
Mex3a	718.0	718	0
Trim32	716.0	716	0
Zfp65	712.0	712	0
Tle2	712.0	712	0
Sys1	710.0	710	0
Tmod3	708.0	708	0
Slc11a2	706.0	706	0
Pnisr	706.0	706	0
Anapc1	703.0	703	0
Kmt2d	702.0	702	0
Zfp369	700.0	700	0
Ccdc62	699.0	699	0
Bckdk	698.0	698	0
Zar1l	694.0	694	0
Wrap53	694.0	694	0
Trp53	694.0	694	0
Rbm17	694.0	694	0
Brca2	694.0	694	0
Nupl1	693.0	693	0
Usp16	689.0	689	0
Dpf1	688.0	688	0
Sec22a	685.0	685	0
Nudt12	685.0	685	0
Tomm70a	682.0	682	0
Zfp58	681.0	681	0
Pan3	681.0	681	0
Mtmr2	681.0	681	0
Rad50	680.0	680	0
Brox	680.0	680	0
Aida	680.0	680	0
Ino80e	679.0	679	0
Hirip3	679.0	679	0
Mcph1	678.0	678	0
Cox14	676.0	676	0
Smim26	674.0	674	0
Lin9	674.0	674	0
Cfl1	674.0	674	0
Tmem238	672.0	672	0
Rpl28	672.0	672	0
Zfp207	668.0	668	0
Rnf4	668.0	668	0
Kctd17	668.0	668	0
Arf1	667.0	667	0
Aftph	666.0	666	0
Sgsm3	665.0	665	0
Peak1	664.0	664	0
Hmg20a	664.0	664	0
Ccna2	664.0	664	0
Zcchc4	662.0	662	0
Jund	661.0	661	0
Iqcn	661.0	661	0
Ppih	660.0	660	0
Ptpn12	659.0	659	0
Hdgf	659.0	659	0
Naa15	656.0	656	0
Cnih1	654.0	654	0
Llgl1	653.0	653	0
Ttc27	652.0	652	0
Kiz	652.0	652	0
Smu1	650.0	650	0
Rpl8	649.0	649	0
Commd5	649.0	649	0
Rpl35a	648.0	648	0
Iqcg	648.0	648	0
Snx19	646.0	646	0
Slc50a1	646.0	646	0
Rbm10	646.0	646	0
Ndufb11	646.0	646	0
Klhl9	646.0	646	0
Ipo11	646.0	646	0
Dpm3	646.0	646	0
Zfp759	645.0	645	0
Sart1	645.0	645	0
Ctif	645.0	645	0
Pdf	643.0	643	0
Nsd3	643.0	643	0
Letm2	643.0	643	0
Zfp282	642.0	642	0
Rxylt1	642.0	642	0
Zfp868	638.0	638	0
Rack1	637.0	637	0
Hk1	637.0	637	0
Cabin1	636.0	636	0
1700067K01Rik	635.0	635	0
Psmc3ip	632.0	632	0
Xrn2	630.0	630	0
Dnm1	628.0	628	0
Snrpd3	627.0	627	0
Mcm7	627.0	627	0
Gucd1	627.0	627	0
Arhgap44	627.0	627	0
Ap4m1	627.0	627	0
Vps45	626.0	626	0
Slc35e2	626.0	626	0
Tctn1	624.0	624	0
Rbm26	622.0	622	0
Ddx52	620.0	620	0
Srcap	618.0	618	0
Fam234b	618.0	618	0
Ctc1	618.0	618	0
Cebpzos	618.0	618	0
Aars2	618.0	618	0
Synj2bp	617.0	617	0
Stxbp5	617.0	617	0
Rpl13	617.0	617	0
Gm20498	617.0	617	0
Txndc12	614.0	614	0
Btf3l4	614.0	614	0
Atp13a2	614.0	614	0
Zfp148	613.0	613	0
Ppp2r1a	613.0	613	0
Gabpb1	613.0	613	0
Ppib	611.0	611	0
Uckl1	610.0	610	0
Rps29	609.0	609	0
Slc12a9	606.0	606	0
Haus1	606.0	606	0
Glce	605.0	605	0
Utp3	603.0	603	0
Ssb	602.0	602	0
Tpgs1	600.0	600	0
Madcam1	600.0	600	0
Slc31a2	596.0	596	0
Tfam	595.0	595	0
Zfp697	593.0	593	0
Capza1	593.0	593	0
Trmo	592.0	592	0
Eif5	592.0	592	0
Zfp874a	591.0	591	0
Stmn1	591.0	591	0
Mtg1	591.0	591	0
Pak2	590.0	590	0
Zfp457	589.0	589	0
Wdhd1	589.0	589	0
Socs4	589.0	589	0
Slfn14	589.0	589	0
Rbm41	589.0	589	0
Foxo4	589.0	589	0
Snrnp48	588.0	588	0
Rpain	587.0	587	0
Ppp1r8	587.0	587	0
Tln1	585.0	585	0
Creb3	585.0	585	0
Topbp1	584.0	584	0
Mrpl54	583.0	583	0
Apba3	583.0	583	0
Pip5kl1	582.0	582	0
Dpm2	582.0	582	0
Tsacc	581.0	581	0
Cct3	581.0	581	0
Zfp14	580.0	580	0
Pgm2l1	580.0	580	0
Lnpk	580.0	580	0
Zfp174	579.0	579	0
Klhl24	574.0	574	0
Zxdc	573.0	573	0
Tpx2	573.0	573	0
Tax1bp3	573.0	573	0
Emc6	573.0	573	0
Rab3gap1	570.0	570	0
Kansl1	570.0	570	0
AW549877	570.0	570	0
Zfp219	569.0	569	0
Tmem253	569.0	569	0
Slc19a1	566.0	566	0
Cpsf1	563.0	563	0
Ccnj	563.0	563	0
Rps28	560.0	560	0
Rabepk	560.0	560	0
Ndufa7	560.0	560	0
Gab1	558.0	558	0
Zfp458	557.0	557	0
Zfp180	557.0	557	0
Ubac1	557.0	557	0
Anapc15	557.0	557	0
Zfp239	556.0	556	0
Ptov1	556.0	556	0
Mrpl40	556.0	556	0
Hira	556.0	556	0
Zfp874b	555.0	555	0
Irx5	555.0	555	0
Fkbp4	554.0	554	0
Mis18a	552.0	552	0
Dennd1a	552.0	552	0
Zfp456	550.0	550	0
Nucb1	550.0	550	0
Rps26	548.0	548	0
Lsm10	548.0	548	0
Psme3	547.0	547	0
Nek11	547.0	547	0
Aste1	547.0	547	0
Abi2	547.0	547	0
Farsa	545.0	545	0
Rngtt	543.0	543	0
Fam214b	543.0	543	0
Id3	542.0	542	0
Arl6ip5	541.0	541	0
Clint1	538.0	538	0
Uqcrc2	537.0	537	0
Mrpl10	536.0	536	0
Lrrc46	536.0	536	0
Gmppa	536.0	536	0
Plcd3	533.0	533	0
Hgh1	533.0	533	0
Acbd4	533.0	533	0
Zfp953	531.0	531	0
Exoc6b	531.0	531	0
Ralgapa2	528.0	528	0
Rsl1	527.0	527	0
Tmem150a	524.0	524	0
Tstd2	523.0	523	0
Ncbp1	523.0	523	0
Zfp623	522.0	522	0
Zfp273	522.0	522	0
Ythdc1	522.0	522	0
Ftsj1	521.0	521	0
Ate1	520.0	520	0
Gzf1	519.0	519	0
Zfp672	517.0	517	0
Tmbim4	517.0	517	0
Smchd1	517.0	517	0
Prxl2c	517.0	517	0
Armc9	517.0	517	0
Vasp	516.0	516	0
Mrpl21	516.0	516	0
Ighmbp2	516.0	516	0
Zfp354b	514.0	514	0
Rnaseh2a	514.0	514	0
Prdx2	514.0	514	0
Ncoa3	514.0	514	0
Metap2	514.0	514	0
Sdhb	512.0	512	0
Micu3	512.0	512	0
Itch	512.0	512	0
Gpr155	512.0	512	0
Eif3b	511.0	511	0
4930430F08Rik	511.0	511	0
1700017N19Rik	511.0	511	0
Rbm25	510.0	510	0
Eif4e	509.0	509	0
Unc50	507.0	507	0
Coa5	507.0	507	0
Mrps26	506.0	506	0
Zfp169	505.0	505	0
Trim41	505.0	505	0
Smarca5	504.0	504	0
Alkbh3	504.0	504	0
Scamp3	503.0	503	0
Isy1	503.0	503	0
Eif3c	503.0	503	0
Arl10	503.0	503	0
Ube3a	502.0	502	0
Ube2d2a	502.0	502	0
Rrp7a	499.0	499	0
Cep135	499.0	499	0
Rbbp9	498.0	498	0
Psmb6	498.0	498	0
Ndufab1	498.0	498	0
Slc39a13	497.0	497	0
Hccs	497.0	497	0
Gm15246	497.0	497	0
Ccdc91	497.0	497	0
Sbno1	495.0	495	0
Shpk	494.0	494	0
Ctns	494.0	494	0
Vcpkmt	493.0	493	0
Tecpr2	493.0	493	0
Cinp	493.0	493	0
Smc1a	491.0	491	0
Ribc1	491.0	491	0
Atp11c	490.0	490	0
Swi5	489.0	489	0
Selenoi	489.0	489	0
Rps2	489.0	489	0
Rpl3l	489.0	489	0
Ndufb10	489.0	489	0
Golga2	489.0	489	0
Nfatc2ip	485.0	485	0
Mrpl37	484.0	484	0
Cyb5rl	484.0	484	0
Bace1	482.0	482	0
Ero1b	480.0	480	0
Tbc1d23	479.0	479	0
Pdik1l	479.0	479	0
Tiprl	478.0	478	0
Zcchc7	477.0	477	0
Rdm1	477.0	477	0
Csnk2a1	477.0	477	0
Sil1	475.0	475	0
Myo6	474.0	474	0
Igf2r	474.0	474	0
Hjurp	474.0	474	0
A730008H23Rik	474.0	474	0
Trmt10b	473.0	473	0
Eri3	473.0	473	0
Mthfsd	472.0	472	0
Sesn2	471.0	471	0
Khsrp	470.0	470	0
Zfp334	468.0	468	0
Atxn7l2	468.0	468	0
Pradc1	465.0	465	0
Cct7	465.0	465	0
Irf2bp1	463.0	463	0
Zfp184	461.0	461	0
Plin3	461.0	461	0
Ing4	461.0	461	0
Ubn1	459.0	459	0
Nsun3	459.0	459	0
Lman1	459.0	459	0
Glyr1	459.0	459	0
Tmem69	458.0	458	0
Hmgxb3	458.0	458	0
Gpbp1l1	458.0	458	0
Gnb1l	458.0	458	0
Dnajc12	458.0	458	0
Wdr70	457.0	457	0
Ddost	457.0	457	0
Ptpn6	456.0	456	0
Grcc10	456.0	456	0
Auh	456.0	456	0
Sugt1	455.0	455	0
Lats1	454.0	454	0
Zfp28	453.0	453	0
Zfp72	452.0	452	0
Ndufaf2	452.0	452	0
Zfp551	451.0	451	0
Rnpc3	451.0	451	0
Zscan30	449.0	449	0
Zfp35	449.0	449	0
Sat1	449.0	449	0
Zfp382	448.0	448	0
Rpp21	447.0	447	0
Hinfp	445.0	445	0
Cox19	444.0	444	0
Zcchc17	443.0	443	0
Snrnp40	443.0	443	0
Rdh11	443.0	443	0
Fh1	442.0	442	0
Myorg	441.0	441	0
1110017D15Rik	441.0	441	0
Rtel1	440.0	440	0
Rpl11	439.0	439	0
Pomgnt2	438.0	438	0
A430005L14Rik	433.0	433	0
Pick1	432.0	432	0
Git1	432.0	432	0
Ankrd13b	432.0	432	0
Rpl24	431.0	431	0
Polg	431.0	431	0
Zmym1	430.0	430	0
Eef1akmt2	430.0	430	0
Zfp493	429.0	429	0
Zbtb7b	429.0	429	0
Sf3a1	428.0	428	0
Paf1	428.0	428	0
Med29	428.0	428	0
Fancc	428.0	428	0
Ccdc157	428.0	428	0
Zfp790	427.0	427	0
Tdg	427.0	427	0
Shkbp1	427.0	427	0
Papola	427.0	427	0
Unkl	424.0	424	0
Percc1	424.0	424	0
Klhdc1	424.0	424	0
BC003965	424.0	424	0
Pip4p2	423.0	423	0
Rida	420.0	420	0
Pop1	420.0	420	0
Zfp51	419.0	419	0
Rbm22	419.0	419	0
Nol11	419.0	419	0
Ube2l3	418.0	418	0
Dmxl1	417.0	417	0
Akap10	417.0	417	0
Slc17a7	414.0	414	0
Mark3	413.0	413	0
Tfb1m	412.0	412	0
Zc3h10	411.0	411	0
Rpl41	411.0	411	0
Kpna1	411.0	411	0
Igbp1	410.0	410	0
Tlcd1	408.0	408	0
Rpl23a	408.0	408	0
Rab34	408.0	408	0
Rnf187	407.0	407	0
Cspp1	407.0	407	0
Cops5	407.0	407	0
Zfp719	406.0	406	0
Xpo4	406.0	406	0
Orc2	406.0	406	0
Nr6a1	406.0	406	0
Cstad	406.0	406	0
Zcwpw1	405.0	405	0
Mepce	405.0	405	0
Washc3	404.0	404	0
Zfp595	403.0	403	0
Anapc7	403.0	403	0
Rbm8a	402.0	402	0
Usp15	400.0	400	0
Mrpl58	400.0	400	0
Gspt2	400.0	400	0
Trp53rkb	399.0	399	0
Sf3b1	399.0	399	0
Ophn1	398.0	398	0
Zfp954	397.0	397	0
Zfp708	396.0	396	0
Ndufa2	396.0	396	0
Ik	396.0	396	0
Gapvd1	396.0	396	0
Lca5	395.0	395	0
Gins3	393.0	393	0
Trio	391.0	391	0
Rpap3	391.0	391	0
Nop58	391.0	391	0
Vdac2	390.0	390	0
Taf9	390.0	390	0
Rad17	390.0	390	0
Ak6	390.0	390	0
Stk10	389.0	389	0
Nup107	389.0	389	0
Mrpl17	388.0	388	0
Hmgn1	388.0	388	0
Znrd1as	387.0	387	0
Znrd1	387.0	387	0
Strn3	387.0	387	0
Rsf1	387.0	387	0
Rc3h2	387.0	387	0
Ap4s1	387.0	387	0
Aamdc	387.0	387	0
Trappc4	386.0	386	0
Rps25	386.0	386	0
Tor1aip2	385.0	385	0
Tor1aip1	385.0	385	0
Rb1cc1	385.0	385	0
Tmed3	384.0	384	0
Smc4	383.0	383	0
Recql	383.0	383	0
Ift80	383.0	383	0
Golt1b	383.0	383	0
Fam53a	383.0	383	0
Eif3j2	383.0	383	0
Eif3j1	383.0	383	0
Coa3	383.0	383	0
Cntd1	383.0	383	0
Arl2	382.0	382	0
Zfp560	381.0	381	0
Ube2q2	381.0	381	0
Nfatc3	381.0	381	0
Fzr1	381.0	381	0
Katnbl1	380.0	380	0
Gstt2	380.0	380	0
Zscan2	379.0	379	0
Tef	379.0	379	0
Bclaf1	377.0	377	0
Wdr92	376.0	376	0
Pno1	376.0	376	0
Myo1e	376.0	376	0
Gtf3c4	376.0	376	0
Ddx31	376.0	376	0
Akr1a1	376.0	376	0
Rpl17	375.0	375	0
Zfp455	374.0	374	0
Uspl1	373.0	373	0
Vps26b	372.0	372	0
Slc39a7	372.0	372	0
Rxrb	372.0	372	0
Ncapd3	372.0	372	0
H2-Ke6	372.0	372	0
Etnk1	372.0	372	0
Matr3	371.0	371	0
Dars	371.0	371	0
D16Ertd472e	370.0	370	0
Bola1	370.0	370	0
Vps4b	369.0	369	0
Spata5l1	369.0	369	0
Mon2	369.0	369	0
Ndel1	368.0	368	0
Arid5a	368.0	368	0
Vps52	367.0	367	0
Rps18	367.0	367	0
B3galt4	367.0	367	0
Akap8	366.0	366	0
Pts	364.0	364	0
Stk38	363.0	363	0
Mrpl45	363.0	363	0
Kdm3a	362.0	362	0
Csnk1a1	362.0	362	0
Kri1	360.0	360	0
Cdkn2d	360.0	360	0
Mospd2	358.0	358	0
Fancb	358.0	358	0
Asxl2	358.0	358	0
Ndufb3	354.0	354	0
Gosr1	354.0	354	0
Fam126b	354.0	354	0
Snrpa	353.0	353	0
Fam120c	353.0	353	0
BC024978	353.0	353	0
Ap1m1	352.0	352	0
AW146154	352.0	352	0
Srsf11	351.0	351	0
Slc30a5	351.0	351	0
Lrrc40	351.0	351	0
Arl6ip1	350.0	350	0
Usp8	349.0	349	0
Ndrg3	349.0	349	0
Wdr89	348.0	348	0
Gtf3c6	348.0	348	0
Arglu1	348.0	348	0
Tcerg1	347.0	347	0
Otud5	347.0	347	0
Btbd8	347.0	347	0
Zkscan5	345.0	345	0
Zkscan14	345.0	345	0
Frg2f1	345.0	345	0
Foxj3	345.0	345	0
Coa8	345.0	345	0
Bag5	345.0	345	0
Elac2	344.0	344	0
Sart3	343.0	343	0
Iscu	343.0	343	0
Gsc2	343.0	343	0
Ess2	343.0	343	0
Tubb5	342.0	342	0
Mdc1	342.0	342	0
Cep164	342.0	342	0
Son	341.0	341	0
Lyrm1	341.0	341	0
Gm36712	341.0	341	0
Gart	341.0	341	0
Dcun1d3	341.0	341	0
Cnpy2	341.0	341	0
Rps8	340.0	340	0
Ppp2r2d	340.0	340	0
Msrb3	340.0	340	0
Mapk1ip1	340.0	340	0
Lmna	340.0	340	0
Ypel3	339.0	339	0
Tbx6	339.0	339	0
Zfp940	338.0	338	0
Uba3	338.0	338	0
Stk17b	338.0	338	0
Gpd2	338.0	338	0
Chchd5	338.0	338	0
Zfp959	337.0	337	0
Zfp454	337.0	337	0
Yars	337.0	337	0
S100pbp	337.0	337	0
Mtm1	337.0	337	0
Zranb1	336.0	336	0
Usp20	336.0	336	0
Birc2	336.0	336	0
BC005624	336.0	336	0
Rpgr	334.0	334	0
Mak16	334.0	334	0
Rpl29	333.0	333	0
Ppp2ca	332.0	332	0
Lrguk	332.0	332	0
Klhl15	332.0	332	0
Slx4ip	330.0	330	0
Senp5	330.0	330	0
Mkks	330.0	330	0
Myo5a	329.0	329	0
Igsf9	329.0	329	0
Hspa14	329.0	329	0
Dnajc28	329.0	329	0
Cdnf	329.0	329	0
Zfpl1	328.0	328	0
Tmem262	328.0	328	0
Psmd14	328.0	328	0
Cdca5	328.0	328	0
Bms1	328.0	328	0
Vps51	327.0	327	0
Trmt2a	327.0	327	0
Ranbp1	327.0	327	0
Pbld2	327.0	327	0
Hnrnph3	327.0	327	0
C1galt1c1	327.0	327	0
Slc25a36	326.0	326	0
Ppp2cb	326.0	326	0
Zdhhc6	325.0	325	0
Vti1a	325.0	325	0
Taldo1	325.0	325	0
Tox4	324.0	324	0
Rab2b	324.0	324	0
Prr14l	324.0	324	0
Rwdd1	323.0	323	0
Rbm4	323.0	323	0
Gtf2h3	322.0	322	0
Gpr137	322.0	322	0
Eif2b1	322.0	322	0
Bad	322.0	322	0
Actr8	322.0	322	0
Fundc1	321.0	321	0
Mxi1	320.0	320	0
Mustn1	320.0	320	0
Minpp1	320.0	320	0
Mad2l1	320.0	320	0
Bcl9l	320.0	320	0
Zfp850	319.0	319	0
Ddx55	319.0	319	0
Cstf2t	319.0	319	0
Zcchc10	318.0	318	0
Pigg	318.0	318	0
Med31	317.0	317	0
4930563E22Rik	317.0	317	0
Cars	316.0	316	0
Zfp777	315.0	315	0
Riok2	315.0	315	0
Rbm27	315.0	315	0
Papolg	314.0	314	0
Nat10	314.0	314	0
Troap	313.0	313	0
Rrnad1	313.0	313	0
Nme4	313.0	313	0
Mad2l1bp	313.0	313	0
Kdelr2	313.0	313	0
Isg20l2	313.0	313	0
Gkap1	313.0	313	0
Decr2	313.0	313	0
Cd47	313.0	313	0
Traip	311.0	311	0
Cdan1	311.0	311	0
Tbck	310.0	310	0
Nup50	310.0	310	0
Mamstr	310.0	310	0
Heatr6	310.0	310	0
Eif1ad	310.0	310	0
Banf1	310.0	310	0
Aimp1	310.0	310	0
Supt7l	309.0	309	0
Slc4a1ap	309.0	309	0
Irak1bp1	309.0	309	0
Dap3	309.0	309	0
Borcs5	309.0	309	0
Morf4l2	308.0	308	0
Amd2	308.0	308	0
Amd1	308.0	308	0
Abi1	308.0	308	0
Zfp605	307.0	307	0
Ttll13	307.0	307	0
Sppl2a	307.0	307	0
Gtpbp6	307.0	307	0
3110082I17Rik	307.0	307	0
Pum1	305.0	305	0
Pom121	305.0	305	0
Mfsd1	305.0	305	0
Fam174c	305.0	305	0
Cirbp	305.0	305	0
Ubfd1	304.0	304	0
Itgb3bp	304.0	304	0
Esco2	304.0	304	0
Efcab7	304.0	304	0
Ears2	304.0	304	0
Ccdc25	304.0	304	0
Zfp9	303.0	303	0
Smg9	303.0	303	0
Tex30	302.0	302	0
Rpl31	302.0	302	0
Puf60	301.0	301	0
Pstk	301.0	301	0
Nudcd3	301.0	301	0
Cdk9	301.0	301	0
Zfp114	300.0	300	0
Mlec	300.0	300	0
Golim4	300.0	300	0
Rpl22	299.0	299	0
Nsfl1c	299.0	299	0
Dus1l	299.0	299	0
Tmem216	298.0	298	0
Tcta	298.0	298	0
Rhoa	298.0	298	0
Phf8	298.0	298	0
Mob4	298.0	298	0
Hacl1	298.0	298	0
Cyc1	298.0	298	0
Btd	298.0	298	0
Dguok	297.0	297	0
Ccdc88a	297.0	297	0
Mmadhc	296.0	296	0
Uqcrb	294.0	294	0
Sod2	294.0	294	0
Ibtk	294.0	294	0
Gpatch8	294.0	294	0
Gm10767	294.0	294	0
Ddx50	294.0	294	0
2310057M21Rik	294.0	294	0
Ppp6r1	293.0	293	0
Iah1	293.0	293	0
Cacfd1	293.0	293	0
Yipf6	291.0	291	0
Tmem68	291.0	291	0
Tgs1	291.0	291	0
Slc10a7	291.0	291	0
Rbmxl1	291.0	291	0
Dnajb6	291.0	291	0
Dffb	291.0	291	0
Cep104	291.0	291	0
Spef1	290.0	290	0
Ptges3	290.0	290	0
Ptcd1	290.0	290	0
Pigq	290.0	290	0
Nhlrc4	290.0	290	0
Mettl1	290.0	290	0
Ei24	290.0	290	0
Eef1akmt3	290.0	290	0
Cpsf4	290.0	290	0
Atp23	290.0	290	0
Zfp974	288.0	288	0
Vpreb1	288.0	288	0
Tssk6	288.0	288	0
Top3b	288.0	288	0
Ndufa13	288.0	288	0
Mtmr1	287.0	287	0
Micu1	287.0	287	0
Clcn3	287.0	287	0
2700081O15Rik	287.0	287	0
Zfat	286.0	286	0
Upf3b	286.0	286	0
Ubxn11	286.0	286	0
Nat2	286.0	286	0
Nat1	286.0	286	0
Ints12	286.0	286	0
Gstcd	286.0	286	0
Selenof	285.0	285	0
Hs2st1	285.0	285	0
Zfp429	284.0	284	0
Rps20	284.0	284	0
Mrpl44	284.0	284	0
Iars	284.0	284	0
Zfp3	283.0	283	0
Pdhx	283.0	283	0
Ldah	283.0	283	0
Dcp1b	283.0	283	0
Apip	283.0	283	0
Pole4	281.0	281	0
Aebp2	281.0	281	0
Zfp433	280.0	280	0
Rpl23	280.0	280	0
Gm32687	280.0	280	0
Ythdf2	279.0	279	0
Wwtr1	279.0	279	0
Usp3	279.0	279	0
Selenoo	279.0	279	0
Zranb2	278.0	278	0
Zbtb11	278.0	278	0
B3gntl1	278.0	278	0
Noc2l	277.0	277	0
Klhl17	277.0	277	0
B4galt7	277.0	277	0
Kctd20	276.0	276	0
AI987944	276.0	276	0
Armc5	275.0	275	0
9130023H24Rik	275.0	275	0
Tfpi	274.0	274	0
Srp54c	274.0	274	0
Srp54b	274.0	274	0
Dcp1a	273.0	273	0
Ccm2	271.0	271	0
Tbc1d19	270.0	270	0
Snrpb	270.0	270	0
Mrps33	270.0	270	0
Supv3l1	269.0	269	0
Smtn	269.0	269	0
Telo2	268.0	268	0
Ptx4	268.0	268	0
Irf2	268.0	268	0
Trp53rka	267.0	267	0
Hspa4	267.0	267	0
Zfp358	266.0	266	0
Ttc26	266.0	266	0
Tatdn3	266.0	266	0
Nsl1	266.0	266	0
Actl6a	266.0	266	0
Xpo7	264.0	264	0
Tubd1	264.0	264	0
Rps6kb1	264.0	264	0
Ttll5	263.0	263	0
Septin7	263.0	263	0
Rnf40	263.0	263	0
Erg28	263.0	263	0
Ccdc189	263.0	263	0
Lypla2	262.0	262	0
Gnb2	262.0	262	0
Tmem223	259.0	259	0
Tmem179b	259.0	259	0
Mfsd3	259.0	259	0
Gpt	259.0	259	0
Zfp119a	258.0	258	0
Med23	258.0	258	0
Il31ra	258.0	258	0
Snrnp200	257.0	257	0
Ccdc130	257.0	257	0
1810024B03Rik	257.0	257	0
Trip11	256.0	256	0
Polr3f	256.0	256	0
Mettl23	256.0	256	0
Dzank1	256.0	256	0
Chm	256.0	256	0
Zfyve26	255.0	255	0
Tmem41b	255.0	255	0
Rad51b	255.0	255	0
Prdm4	255.0	255	0
Ppp1r10	255.0	255	0
Ncbp2	255.0	255	0
Mrps18b	255.0	255	0
Gls	255.0	255	0
0610012G03Rik	255.0	255	0
Zfp85	254.0	254	0
Klhl8	254.0	254	0
Acp2	254.0	254	0
Rbm12b1	253.0	253	0
Haus5	253.0	253	0
Spata2	251.0	251	0
Senp1	251.0	251	0
Rnf114	251.0	251	0
Rab10	251.0	251	0
Polr3b	251.0	251	0
Pfkm	251.0	251	0
Eif3l	251.0	251	0
Ablim2	251.0	251	0
Trabd	250.0	250	0
Lsg1	249.0	249	0
Eif2s3x	249.0	249	0
Efcab14	249.0	249	0
Rab4b	248.0	248	0
Mia	248.0	248	0
Fam160b1	248.0	248	0
Arl8b	248.0	248	0
Psmc6	247.0	247	0
Man2c1	246.0	246	0
Loxl1	246.0	246	0
Rbm12b2	245.0	245	0
Hectd4	245.0	245	0
Cdkn2aip	245.0	245	0
Scyl3	244.0	244	0
Pgk1	244.0	244	0
Slc25a11	243.0	243	0
Sfswap	243.0	243	0
Rnf167	243.0	243	0
Klc1	243.0	243	0
Wdr11	242.0	242	0
Rnf6	242.0	242	0
Hes7	242.0	242	0
Aloxe3	242.0	242	0
Mphosph10	241.0	241	0
Mcee	241.0	241	0
Crot	241.0	241	0
Zfp873	240.0	240	0
Tmem201	240.0	240	0
Stub1	240.0	240	0
Psmf1	240.0	240	0
Jmjd8	240.0	240	0
Helz	240.0	240	0
Oser1	239.0	239	0
Mrps16	239.0	239	0
Gtdc1	239.0	239	0
Gabbr1	239.0	239	0
Dnajc9	239.0	239	0
Cox7a2	239.0	239	0
Nup214	238.0	238	0
Wdr53	236.0	236	0
Nup133	236.0	236	0
Mterf1a	236.0	236	0
Fbxo45	236.0	236	0
Cfl2	236.0	236	0
Gna11	235.0	235	0
Zfp12	234.0	234	0
Dnajc24	234.0	234	0
Ddx56	234.0	234	0
Chmp3	234.0	234	0
Abcb7	234.0	234	0
Stx16	233.0	233	0
Mrpl12	233.0	233	0
Msl3	232.0	232	0
Mrpl20	232.0	232	0
Klhdc4	232.0	232	0
Nup85	231.0	231	0
Ift52	231.0	231	0
Ric8a	230.0	230	0
Rbck1	230.0	230	0
Lca5l	230.0	230	0
Ier5l	230.0	230	0
Hdhd2	230.0	230	0
Gm14410	230.0	230	0
Bet1l	230.0	230	0
Acin1	230.0	230	0
Slc33a1	229.0	229	0
Pygo2	229.0	229	0
Naa30	229.0	229	0
Lsm14a	229.0	229	0
Fbh1	229.0	229	0
Ankrd16	229.0	229	0
Usp9x	228.0	228	0
Ost4	228.0	228	0
Zgrf1	227.0	227	0
Zfp384	227.0	227	0
Larp7	227.0	227	0
Ing2	227.0	227	0
Fxr1	227.0	227	0
Ppp1r27	226.0	226	0
Mcrip1	226.0	226	0
Jak2	226.0	226	0
Mterf1b	225.0	225	0
Klhdc10	225.0	225	0
Kbtbd2	225.0	225	0
Hif1an	225.0	225	0
Ahcyl1	225.0	225	0
Ube2q1	224.0	224	0
Nup155	224.0	224	0
Dmrta2	224.0	224	0
Lrrc61	223.0	223	0
Kxd1	223.0	223	0
Fkbp8	223.0	223	0
Cr1l	223.0	223	0
Zfp449	222.0	222	0
Ube2z	222.0	222	0
Klhdc2	222.0	222	0
Hnrnpr	222.0	222	0
Atg2a	221.0	221	0
Yipf3	220.0	220	0
Polr1c	220.0	220	0
Mrpl39	220.0	220	0
Golga3	220.0	220	0
Arhgef1	220.0	220	0
Strap	219.0	219	0
Samm50	219.0	219	0
Sf3a3	218.0	218	0
Scp2	218.0	218	0
Elmod2	218.0	218	0
Xab2	217.0	217	0
Pet100	217.0	217	0
Pcp2	217.0	217	0
Mtbp	217.0	217	0
Mrpl13	217.0	217	0
Mllt10	217.0	217	0
Mdp1	217.0	217	0
Lrrc8a	217.0	217	0
Fmnl2	217.0	217	0
Rmnd5b	216.0	216	0
Riox1	216.0	216	0
Ppp1r16a	216.0	216	0
Mief1	216.0	216	0
Kctd14	216.0	216	0
Foxh1	216.0	216	0
Tcam1	215.0	215	0
Sspn	215.0	215	0
Spty2d1	215.0	215	0
Smarcd2	215.0	215	0
Ruvbl1	215.0	215	0
Nrd1	215.0	215	0
Mrpl2	215.0	215	0
Klc4	215.0	215	0
Grpel1	215.0	215	0
Gm14326	215.0	215	0
Cul7	215.0	215	0
Zbtb10	214.0	214	0
Srp19	214.0	214	0
Smim12	214.0	214	0
Rpl27	214.0	214	0
Mrpl1	214.0	214	0
Mfsd5	214.0	214	0
Zbtb44	213.0	213	0
Selenok	213.0	213	0
Agap1	213.0	213	0
Trmt10c	212.0	212	0
Tbrg4	212.0	212	0
Srek1	212.0	212	0
Sdha	212.0	212	0
Ciao3	212.0	212	0
Ccdc127	212.0	212	0
Wdr36	211.0	211	0
Tbc1d14	211.0	211	0
Rbm45	211.0	211	0
Polr2j	211.0	211	0
1110038F14Rik	211.0	211	0
Ttc4	210.0	210	0
Rnh1	210.0	210	0
Guf1	210.0	210	0
Zfp109	209.0	209	0
Rnf20	209.0	209	0
Nagk	209.0	209	0
Zfp617	208.0	208	0
Wdr45b	208.0	208	0
Rpl7a	208.0	208	0
Rnls	208.0	208	0
Med22	208.0	208	0
Rrp15	207.0	207	0
Rmdn1	207.0	207	0
Cpne3	207.0	207	0
Ap1g1	207.0	207	0
Patl1	206.0	206	0
Mrps18c	206.0	206	0
Krcc1	206.0	206	0
Helq	206.0	206	0
Ecpas	206.0	206	0
Arih1	206.0	206	0
Zfp983	205.0	205	0
Zfp37	205.0	205	0
Ttll12	205.0	205	0
Sdhaf3	205.0	205	0
Ranbp3	205.0	205	0
Kif3b	205.0	205	0
Cog2	205.0	205	0
Cct4	205.0	205	0
Phtf1	204.0	204	0
Nasp	204.0	204	0
Mul1	204.0	204	0
Eprs	204.0	204	0
Stom	203.0	203	0
Sec13	203.0	203	0
Rgl2	203.0	203	0
Rbm18	203.0	203	0
Mrrf	203.0	203	0
Cycs	203.0	203	0
Zfp773	202.0	202	0
Wdr25	202.0	202	0
Wars	202.0	202	0
Vps13b	202.0	202	0
Tyw5	202.0	202	0
Trim44	202.0	202	0
Tbc1d2b	202.0	202	0
Maip1	202.0	202	0
Ercc1	202.0	202	0
Elob	202.0	202	0
Dnpep	201.0	201	0
Slc35e3	200.0	200	0
Sec24c	200.0	200	0
Lime1	200.0	200	0
Etaa1	200.0	200	0
Zfp296	199.0	199	0
Zdhhc17	199.0	199	0
Zbtb12	199.0	199	0
Sephs1	199.0	199	0
Rpl21	199.0	199	0
Ngrn	199.0	199	0
Gemin7	199.0	199	0
Ehmt2	199.0	199	0
Timm44	198.0	198	0
St7	198.0	198	0
Cnot8	198.0	198	0
Zfp729b	197.0	197	0
Rps6	197.0	197	0
Pias2	197.0	197	0
Odc1	197.0	197	0
Nupl2	197.0	197	0
Ndc80	197.0	197	0
Hdlbp	197.0	197	0
Dnajc30	197.0	197	0
Clspn	197.0	197	0
Bud23	197.0	197	0
Tmem260	196.0	196	0
Stx18	196.0	196	0
Setd2	196.0	196	0
Klhl25	196.0	196	0
Fsd1	196.0	196	0
Fbxw8	196.0	196	0
Epn1	196.0	196	0
Slc39a6	195.0	195	0
Rpl5	195.0	195	0
Pcyt1a	195.0	195	0
Elp2	195.0	195	0
Dync1h1	195.0	195	0
Npepl1	194.0	194	0
Fbxo11	194.0	194	0
C1qbp	194.0	194	0
Tfe3	193.0	193	0
Tax1bp1	193.0	193	0
Ndufv2	193.0	193	0
Cops4	193.0	193	0
Zfp408	192.0	192	0
Shmt2	192.0	192	0
Mrpl53	192.0	192	0
Madd	192.0	192	0
Arhgap1	192.0	192	0
Acox3	192.0	192	0
Rcn3	191.0	191	0
Rbsn	191.0	191	0
Rad51ap1	191.0	191	0
Psph	191.0	191	0
Jun	191.0	191	0
Ifit2	191.0	191	0
Frs2	191.0	191	0
Fam8a1	191.0	191	0
D6Wsu163e	191.0	191	0
Cct6a	191.0	191	0
Snapc4	190.0	190	0
Lyrm4	190.0	190	0
Ilrun	190.0	190	0
Fars2	190.0	190	0
Fam98b	190.0	190	0
Ankrd13c	190.0	190	0
Ncbp3	189.0	189	0
Wwc2	188.0	188	0
Rps15	188.0	188	0
Rab33b	188.0	188	0
Nde1	188.0	188	0
Marf1	188.0	188	0
Kdm8	188.0	188	0
Garre1	188.0	188	0
Cpped1	188.0	188	0
Apc2	188.0	188	0
Tmed1	187.0	187	0
Slc35e1	187.0	187	0
Nup35	187.0	187	0
Gmcl1	187.0	187	0
E4f1	187.0	187	0
Zfp281	186.0	186	0
Rpl9	186.0	186	0
Rbm28	186.0	186	0
Pfdn5	186.0	186	0
Lias	186.0	186	0
Kctd5	186.0	186	0
Gne	186.0	186	0
Exo5	186.0	186	0
Ddx18	186.0	186	0
Ascc2	186.0	186	0
Arpc3	186.0	186	0
Srsf9	185.0	185	0
Slc35b1	185.0	185	0
Rrp36	185.0	185	0
Pnn	185.0	185	0
Dcun1d5	185.0	185	0
Zfp142	184.0	184	0
Wdr60	184.0	184	0
Pgam1	184.0	184	0
Med28	184.0	184	0
Ccdc174	184.0	184	0
Bcs1l	184.0	184	0
1700030J22Rik	184.0	184	0
Srd5a1	183.0	183	0
Rrn3	183.0	183	0
Prdm5	183.0	183	0
Nsun2	183.0	183	0
Nsdhl	183.0	183	0
Cetn2	183.0	183	0
Ppif	182.0	182	0
Btbd9	182.0	182	0
Zbtb43	181.0	181	0
Wdr4	181.0	181	0
Saal1	181.0	181	0
Saa3	181.0	181	0
Irgq	181.0	181	0
Gpr157	181.0	181	0
Fem1c	181.0	181	0
Eif2s1	181.0	181	0
Dedd	181.0	181	0
Cox7a2l	181.0	181	0
Atp6v1d	181.0	181	0
Zscan21	180.0	180	0
Trmu	180.0	180	0
Tnks2	180.0	180	0
Tapt1	180.0	180	0
Srp9	180.0	180	0
Septin2	180.0	180	0
Rpl37	180.0	180	0
Dnajc19	180.0	180	0
Xpa	179.0	179	0
Psmg1	179.0	179	0
Ndufa12	179.0	179	0
Agps	179.0	179	0
Rps5	178.0	178	0
Dhodh	178.0	178	0
0610009B22Rik	178.0	178	0
Rsl1d1	177.0	177	0
Pcf11	177.0	177	0
Ndufs3	177.0	177	0
Kbtbd4	177.0	177	0
Dnajc11	177.0	177	0
Dlat	177.0	177	0
Bcl7b	177.0	177	0
Ap3m1	177.0	177	0
Adk	177.0	177	0
Zbtb49	176.0	176	0
Zbtb45	176.0	176	0
Unc45b	176.0	176	0
Taco1	176.0	176	0
Nle1	176.0	176	0
Ndufs8	176.0	176	0
Lyar	176.0	176	0
Hnrnpf	176.0	176	0
Vps33a	175.0	175	0
Stard7	175.0	175	0
Pex3	175.0	175	0
Kifbp	175.0	175	0
Exd1	175.0	175	0
Cipc	175.0	175	0
Chp1	175.0	175	0
Adat2	175.0	175	0
3110040N11Rik	175.0	175	0
Pdss1	174.0	174	0
H3c15	174.0	174	0
H3c14	174.0	174	0
H2ac19	174.0	174	0
H2ac18	174.0	174	0
Golga1	174.0	174	0
Faf1	174.0	174	0
C2cd5	174.0	174	0
Ubap2l	173.0	173	0
Scfd1	173.0	173	0
Rab3c	173.0	173	0
Pgap3	173.0	173	0
Nubp1	173.0	173	0
Itfg2	173.0	173	0
Ints6	173.0	173	0
Gcsh	173.0	173	0
Drg1	173.0	173	0
Agpat5	173.0	173	0
4933434E20Rik	173.0	173	0
Zc3h6	172.0	172	0
Vps28	172.0	172	0
Tmem167b	172.0	172	0
Slc18a1	172.0	172	0
Raver1	172.0	172	0
Hnrnpc	172.0	172	0
Atp6v1b2	172.0	172	0
Zbtb40	171.0	171	0
Tcea1	171.0	171	0
Tab1	171.0	171	0
Fam149b	171.0	171	0
Ecd	171.0	171	0
Dele1	171.0	171	0
Ddx39a	171.0	171	0
Zscan25	170.0	170	0
Tmub2	170.0	170	0
Stx4a	170.0	170	0
Rpp38	170.0	170	0
Rnps1	170.0	170	0
Rnaset2b	170.0	170	0
Rnaset2a	170.0	170	0
Polg2	170.0	170	0
Nip7	170.0	170	0
Macir	170.0	170	0
Golga7	170.0	170	0
Gm6710	170.0	170	0
Gm14391	170.0	170	0
Eda	170.0	170	0
Cops8	170.0	170	0
Cog8	170.0	170	0
Cfap298	170.0	170	0
Atat1	170.0	170	0
Acbd7	170.0	170	0
Zcchc3	169.0	169	0
Slc35a3	169.0	169	0
Pak1ip1	169.0	169	0
6820408C15Rik	169.0	169	0
Zfp59	168.0	168	0
Tmem176b	168.0	168	0
Tmem176a	168.0	168	0
Syngap1	168.0	168	0
Rps3a1	168.0	168	0
Prpsap1	168.0	168	0
Fam117b	168.0	168	0
Dysf	168.0	168	0
Cuta	168.0	168	0
Atp13a1	168.0	168	0
Slc39a3	167.0	167	0
Rps19	167.0	167	0
Rbm15	167.0	167	0
Pus10	167.0	167	0
Pcbp2	167.0	167	0
Cox6a1	167.0	167	0
Ccdc43	167.0	167	0
2700062C07Rik	167.0	167	0
Scaf4	166.0	166	0
Npat	166.0	166	0
Mpc1	166.0	166	0
Ccdc86	166.0	166	0
Atm	166.0	166	0
Tmem199	165.0	165	0
Poldip2	165.0	165	0
Ccnl2	165.0	165	0
Cap1	165.0	165	0
Atp6ap1	165.0	165	0
Usp21	164.0	164	0
Use1	164.0	164	0
Uggt2	164.0	164	0
Rps19bp1	164.0	164	0
Pcid2	164.0	164	0
Ocel1	164.0	164	0
Mrps28	164.0	164	0
Cul4a	164.0	164	0
Ube2s	163.0	163	0
Snx15	163.0	163	0
Noc4l	163.0	163	0
Mkln1	163.0	163	0
Kpna2	163.0	163	0
Ggh	163.0	163	0
Eef1a1	163.0	163	0
Ddx51	163.0	163	0
Anp32b	163.0	163	0
Tmf1	162.0	162	0
Napepld	162.0	162	0
Naa60	162.0	162	0
Kif6	162.0	162	0
Zfand3	161.0	161	0
Timm10	161.0	161	0
Tatdn2	161.0	161	0
Ssbp1	161.0	161	0
Spink10	161.0	161	0
Sphk2	161.0	161	0
Smtnl1	161.0	161	0
Sar1b	161.0	161	0
Rpl18	161.0	161	0
Rab7	161.0	161	0
Pitx3	161.0	161	0
Hsf1	161.0	161	0
Gbf1	161.0	161	0
Fbxo38	161.0	161	0
Fam83e	161.0	161	0
Dyrk1b	161.0	161	0
Dis3l	161.0	161	0
Bop1	161.0	161	0
Zfp229	160.0	160	0
Usp53	160.0	160	0
U2surp	160.0	160	0
P4hb	160.0	160	0
Osbp	160.0	160	0
Kif5c	160.0	160	0
Drg2	160.0	160	0
Atad1	160.0	160	0
Mrm3	159.0	159	0
Hmgcr	159.0	159	0
Hexim2	159.0	159	0
Glod4	159.0	159	0
Eif3m	159.0	159	0
Ccdc57	159.0	159	0
Rtf2	158.0	158	0
Psma1	158.0	158	0
Pde12	158.0	158	0
Def8	158.0	158	0
Wdr13	157.0	157	0
Trnt1	157.0	157	0
Tasor2	157.0	157	0
Nme1	157.0	157	0
H2-DMa	157.0	157	0
Fibp	157.0	157	0
Fads3	157.0	157	0
Ezh2	157.0	157	0
Chchd2	157.0	157	0
Ccz1	157.0	157	0
Ccdc85b	157.0	157	0
Brd2	157.0	157	0
Rprd2	156.0	156	0
Rab11fip3	156.0	156	0
Narf	156.0	156	0
Lmtk3	156.0	156	0
Cox16	156.0	156	0
Asah1	156.0	156	0
Zdhhc5	155.0	155	0
Ube2j2	155.0	155	0
Tsn	155.0	155	0
Sdf4	155.0	155	0
Ranbp2	155.0	155	0
Prrc2a	155.0	155	0
Nme5	155.0	155	0
Metap1d	155.0	155	0
Hadhb	155.0	155	0
Hadha	155.0	155	0
B3galt6	155.0	155	0
2310011J03Rik	155.0	155	0
Ykt6	154.0	154	0
Uba5	154.0	154	0
Trh	154.0	154	0
Timm23	154.0	154	0
Srpr	154.0	154	0
Parg	154.0	154	0
Mmut	154.0	154	0
Lrr1	154.0	154	0
Foxred1	154.0	154	0
Fbxo47	154.0	154	0
Endov	154.0	154	0
Cpt1b	154.0	154	0
Cops7a	154.0	154	0
Chkb	154.0	154	0
Cfap20	154.0	154	0
Cfap126	154.0	154	0
Cenpq	154.0	154	0
Cdk16	154.0	154	0
Ccni	154.0	154	0
Acad11	154.0	154	0
2010109A12Rik	154.0	154	0
Znhit1	153.0	153	0
Tut1	153.0	153	0
Rex1bd	153.0	153	0
Psma6	153.0	153	0
Plod3	153.0	153	0
Armc8	153.0	153	0
Zscan26	152.0	152	0
Usp31	152.0	152	0
Tra2b	152.0	152	0
Tpk1	152.0	152	0
Setd1a	152.0	152	0
Pelp1	152.0	152	0
Avl9	152.0	152	0
Anapc10	152.0	152	0
Abce1	152.0	152	0
Zmym4	151.0	151	0
Trim11	151.0	151	0
Sun1	151.0	151	0
Sp1	151.0	151	0
Prepl	151.0	151	0
Phf14	151.0	151	0
Pgam5	151.0	151	0
Ndufa4	151.0	151	0
Ipo8	151.0	151	0
Edc4	151.0	151	0
Camkmt	151.0	151	0
Ankrd10	151.0	151	0
Slc46a1	150.0	150	0
Mrps15	150.0	150	0
Mcoln1	150.0	150	0
Zfp677	149.0	149	0
Vinac1	149.0	149	0
Ttl	149.0	149	0
Tmem101	149.0	149	0
Resf1	149.0	149	0
Ncl	149.0	149	0
Map2k5	149.0	149	0
Gle1	149.0	149	0
Eif4e2	149.0	149	0
Dpp3	149.0	149	0
Dph6	149.0	149	0
Atp5g2	149.0	149	0
Arih2	149.0	149	0
Ttc21a	148.0	148	0
Slc30a7	148.0	148	0
Pold2	148.0	148	0
Nt5c2	148.0	148	0
Gorasp1	148.0	148	0
Extl2	148.0	148	0
Abtb1	148.0	148	0
Zfp438	147.0	147	0
Vmac	147.0	147	0
Tmco1	147.0	147	0
Setd3	147.0	147	0
Psma5	147.0	147	0
Pim3	147.0	147	0
Nifk	147.0	147	0
Ndufa11	147.0	147	0
Naa20	147.0	147	0
Macroh2a1	147.0	147	0
Krit1	147.0	147	0
Kptn	147.0	147	0
Harbi1	147.0	147	0
Edrf1	147.0	147	0
Cse1l	147.0	147	0
Ccnk	147.0	147	0
Bcar1	147.0	147	0
Atg13	147.0	147	0
Ankib1	147.0	147	0
Anapc4	147.0	147	0
Aatf	147.0	147	0
1810030O07Rik	147.0	147	0
Zfp82	146.0	146	0
Zfp746	146.0	146	0
Zfp655	146.0	146	0
Zbtb2	146.0	146	0
Ube2g1	146.0	146	0
Tdrd3	146.0	146	0
Septin8	146.0	146	0
Sec61g	146.0	146	0
Sde2	146.0	146	0
Rsl24d1	146.0	146	0
Pgm1	146.0	146	0
Gars	146.0	146	0
Fam227b	146.0	146	0
Eif2b3	146.0	146	0
Dtwd1	146.0	146	0
Cmpk1	146.0	146	0
BC052040	146.0	146	0
Usf1	145.0	145	0
Tefm	145.0	145	0
Snx2	145.0	145	0
Pinx1	145.0	145	0
Pi4k2a	145.0	145	0
Nup62	145.0	145	0
Mrps18a	145.0	145	0
Mpdu1	145.0	145	0
Morn4	145.0	145	0
Mfsd14b	145.0	145	0
Il4i1b	145.0	145	0
Hspa9	145.0	145	0
Bsg	145.0	145	0
Atf5	145.0	145	0
Apobec3	145.0	145	0
Abhd18	145.0	145	0
AU041133	145.0	145	0
Zfp772	144.0	144	0
Tmem198b	144.0	144	0
Tbc1d4	144.0	144	0
Plpp7	144.0	144	0
Oga	144.0	144	0
Fbxo30	144.0	144	0
Dnajc14	144.0	144	0
Dcaf10	144.0	144	0
Utp23	143.0	143	0
Sprtn	143.0	143	0
Nfe2l2	143.0	143	0
Naca	143.0	143	0
Larp4	143.0	143	0
Gosr2	143.0	143	0
Exoc8	143.0	143	0
Dsel	143.0	143	0
Prr3	142.0	142	0
Pik3r2	142.0	142	0
Gnl1	142.0	142	0
Fam71e1	142.0	142	0
Emc10	142.0	142	0
Cnot10	142.0	142	0
Cep295	142.0	142	0
Skp1	141.0	141	0
Por	141.0	141	0
Zfp398	140.0	140	0
Rrm1	140.0	140	0
Ptcd2	140.0	140	0
Nmnat1	140.0	140	0
Nkain2	140.0	140	0
Mrps27	140.0	140	0
Mettl25	140.0	140	0
Mettl17	140.0	140	0
Magt1	140.0	140	0
Lzic	140.0	140	0
Grpel2	140.0	140	0
Cox7b	140.0	140	0
Ccdc59	140.0	140	0
Aar2	140.0	140	0
Zfp113	139.0	139	0
Ufm1	139.0	139	0
Smg7	139.0	139	0
Rufy1	139.0	139	0
Prkra	139.0	139	0
Pjvk	139.0	139	0
Nufip1	139.0	139	0
Lmbr1	139.0	139	0
Gpalpp1	139.0	139	0
Atad2b	139.0	139	0
4930453N24Rik	139.0	139	0
Zkscan16	138.0	138	0
Scand1	138.0	138	0
Mospd3	138.0	138	0
Hps1	138.0	138	0
Ddx1	138.0	138	0
Cuedc1	138.0	138	0
Csnk1d	138.0	138	0
Cnbd2	138.0	138	0
Ttf2	137.0	137	0
Ppip5k2	137.0	137	0
Morc2a	137.0	137	0
Mapkap1	137.0	137	0
Gin1	137.0	137	0
Fbxw2	137.0	137	0
Dpy19l4	137.0	137	0
Cpm	137.0	137	0
Snrnp25	136.0	136	0
Scn2a	136.0	136	0
Pofut1	136.0	136	0
Plagl2	136.0	136	0
Man1b1	136.0	136	0
Il9r	136.0	136	0
Epc1	136.0	136	0
Crppa	136.0	136	0
Cox18	136.0	136	0
Bzw1	136.0	136	0
Atp6v0a1	136.0	136	0
Aasdh	136.0	136	0
Ube2i	135.0	135	0
Katnb1	135.0	135	0
Cox8a	135.0	135	0
Zrsr2	134.0	134	0
Tjap1	134.0	134	0
Stk11	134.0	134	0
Psmd8	134.0	134	0
Klhl7	134.0	134	0
Borcs6	134.0	134	0
Zbtb8os	133.0	133	0
Rbbp4	133.0	133	0
Nup188	133.0	133	0
Nod1	133.0	133	0
Gtf2a1	133.0	133	0
G3bp1	133.0	133	0
Dolk	133.0	133	0
Brpf1	133.0	133	0
Bag6	133.0	133	0
Apom	133.0	133	0
Tmem80	132.0	132	0
Tmem139	132.0	132	0
Mms22l	132.0	132	0
Lyrm2	132.0	132	0
Ints1	132.0	132	0
Deaf1	132.0	132	0
Cmc2	132.0	132	0
Cenpn	132.0	132	0
Casp2	132.0	132	0
Megf8	131.0	131	0
Lurap1l	131.0	131	0
Gtf3c1	131.0	131	0
D430042O09Rik	131.0	131	0
Atp9b	131.0	131	0
Zswim1	130.0	130	0
Zfp706	130.0	130	0
Tmem170b	130.0	130	0
Tigd5	130.0	130	0
Snrpg	130.0	130	0
Rfwd3	130.0	130	0
Mre11a	130.0	130	0
Mbd1	130.0	130	0
Fam162a	130.0	130	0
Eef1d	130.0	130	0
Dusp11	130.0	130	0
Dmap1	130.0	130	0
Cyp2u1	130.0	130	0
Csf1	130.0	130	0
Cdc16	130.0	130	0
Ccdc58	130.0	130	0
Ankrd49	130.0	130	0
Txn2	129.0	129	0
Pdcd11	129.0	129	0
Malsu1	129.0	129	0
Csnk1g2	129.0	129	0
Brf2	129.0	129	0
Atp5md	129.0	129	0
Ankle2	129.0	129	0
Zfp119b	128.0	128	0
Trim65	128.0	128	0
Psmd5	128.0	128	0
Ltn1	128.0	128	0
Hps5	128.0	128	0
Gtf2h1	128.0	128	0
Cutal	128.0	128	0
Cnep1r1	128.0	128	0
Clk4	128.0	128	0
BC049762	128.0	128	0
Wbp1	127.0	127	0
Tomm7	127.0	127	0
Phf6	127.0	127	0
Mob1b	127.0	127	0
Mideas	127.0	127	0
Mettl4	127.0	127	0
Ino80b	127.0	127	0
Eif5a	127.0	127	0
2300009A05Rik	127.0	127	0
Rsad1	126.0	126	0
Rps16	126.0	126	0
Pard6a	126.0	126	0
Ociad1	126.0	126	0
Mars2	126.0	126	0
Hnrnpa0	126.0	126	0
Bbs2	126.0	126	0
Acd	126.0	126	0
9430038I01Rik	126.0	126	0
1700123O20Rik	126.0	126	0
Zfp963	125.0	125	0
Phrf1	125.0	125	0
Lmbr1l	125.0	125	0
Limk1	125.0	125	0
Insig1	125.0	125	0
Tbc1d7	124.0	124	0
Tasp1	124.0	124	0
Ssu72	124.0	124	0
Safb2	124.0	124	0
Safb	124.0	124	0
Rtca	124.0	124	0
Rad54l2	124.0	124	0
Psmg2	124.0	124	0
Naxe	124.0	124	0
Kmt5b	124.0	124	0
Eefsec	124.0	124	0
Dbt	124.0	124	0
Cep76	124.0	124	0
Tmem17	123.0	123	0
Tigd2	123.0	123	0
Tepsin	123.0	123	0
Psmc2	123.0	123	0
Phf5a	123.0	123	0
Nqo2	123.0	123	0
Ndufaf8	123.0	123	0
Dnajc2	123.0	123	0
Chd8	123.0	123	0
Aco2	123.0	123	0
Wbp11	122.0	122	0
Vps25	122.0	122	0
Ttbk1	122.0	122	0
Tia1	122.0	122	0
Leng9	122.0	122	0
Fam32a	122.0	122	0
Cdc42bpg	122.0	122	0
BC049715	122.0	122	0
Znhit6	121.0	121	0
Zhx1	121.0	121	0
Tubg1	121.0	121	0
Thg1l	121.0	121	0
Rps27l	121.0	121	0
Retreg3	121.0	121	0
Mrps31	121.0	121	0
Map7d1	121.0	121	0
Gdi1	121.0	121	0
Trappc6b	120.0	120	0
Rplp0	120.0	120	0
Ppwd1	120.0	120	0
Maoa	120.0	120	0
Cenpk	120.0	120	0
Vps37c	119.0	119	0
Tymp	119.0	119	0
Tomm6	119.0	119	0
Sco2	119.0	119	0
Rps14	119.0	119	0
Rpe	119.0	119	0
Rbx1	119.0	119	0
Pms2	119.0	119	0
Mterf4	119.0	119	0
Ints14	119.0	119	0
Exoc1	119.0	119	0
Coa7	119.0	119	0
Aimp2	119.0	119	0
Zfp607a	118.0	118	0
Zfp324	118.0	118	0
Ythdf3	118.0	118	0
Tent2	118.0	118	0
Syvn1	118.0	118	0
Saysd1	118.0	118	0
Pcgf1	118.0	118	0
Gorab	118.0	118	0
Cpeb4	118.0	118	0
Zfp869	117.0	117	0
Zfp61	117.0	117	0
Wdr74	117.0	117	0
Usp36	117.0	117	0
Thumpd1	117.0	117	0
Tars2	117.0	117	0
Psmd12	117.0	117	0
Osbpl9	117.0	117	0
Ncstn	117.0	117	0
Klf6	117.0	117	0
Khdc4	117.0	117	0
Dtd2	117.0	117	0
Dhrs7	117.0	117	0
Copa	117.0	117	0
Ccar2	117.0	117	0
1700092M07Rik	117.0	117	0
Zfp397	116.0	116	0
Zc3h13	116.0	116	0
Trappc11	116.0	116	0
Rwdd4a	116.0	116	0
Rraga	116.0	116	0
Ppp2r2a	116.0	116	0
Lyz2	116.0	116	0
Cntrl	116.0	116	0
Chfr	116.0	116	0
Carhsp1	116.0	116	0
Wdr3	115.0	115	0
Tfg	115.0	115	0
Snx7	115.0	115	0
Ppm1d	115.0	115	0
Ndufaf4	115.0	115	0
Gins4	115.0	115	0
Cul5	115.0	115	0
Commd2	115.0	115	0
Zfp668	114.0	114	0
Zfp646	114.0	114	0
Uggt1	114.0	114	0
Tmem70	114.0	114	0
Tma16	114.0	114	0
Pdcd5	114.0	114	0
Elavl1	114.0	114	0
Ccnc	114.0	114	0
Agk	114.0	114	0
Usp14	113.0	113	0
Traf6	113.0	113	0
Tgoln2	113.0	113	0
Tgoln1	113.0	113	0
Rest	113.0	113	0
Psd	113.0	113	0
Plekhf1	113.0	113	0
Incenp	113.0	113	0
Fbxl15	113.0	113	0
Dcaf7	113.0	113	0
Bcl10	113.0	113	0
Arfip1	113.0	113	0
Angptl4	113.0	113	0
Ublcp1	112.0	112	0
Timm17a	112.0	112	0
Pot1a	112.0	112	0
Myg1	112.0	112	0
Hnrnpa2b1	112.0	112	0
Hectd1	112.0	112	0
Gtf3c3	112.0	112	0
Gpatch3	112.0	112	0
Crem	112.0	112	0
Cbx3	112.0	112	0
Atad2	112.0	112	0
Phospho2	111.0	111	0
Ndufb7	111.0	111	0
Nars2	111.0	111	0
Ccdc173	111.0	111	0
Cacybp	111.0	111	0
1810055G02Rik	111.0	111	0
Them4	110.0	110	0
Smg8	110.0	110	0
Ndufaf7	110.0	110	0
Mrgbp	110.0	110	0
Eya3	110.0	110	0
Cebpz	110.0	110	0
Ube2b	109.0	109	0
Trmt6	109.0	109	0
Slc26a2	109.0	109	0
Rnaseh2b	109.0	109	0
Rmdn3	109.0	109	0
Myl12b	109.0	109	0
Mcm8	109.0	109	0
Dnaaf2	109.0	109	0
Cdkl3	109.0	109	0
Wbp1l	108.0	108	0
Tctex1d2	108.0	108	0
Phldb3	108.0	108	0
Ncaph2	108.0	108	0
Mettl16	108.0	108	0
Lmf2	108.0	108	0
Gdf15	108.0	108	0
Elp5	108.0	108	0
Ddx17	108.0	108	0
Ctdnep1	108.0	108	0
Ccdc124	108.0	108	0
Taf1a	107.0	107	0
Rfc5	107.0	107	0
Rbm14	107.0	107	0
Polr3e	107.0	107	0
Pcna	107.0	107	0
Nxn	107.0	107	0
Ndufs7	107.0	107	0
Gm21992	107.0	107	0
Dennd10	107.0	107	0
Chpf2	107.0	107	0
Tead4	106.0	106	0
Serac1	106.0	106	0
Sav1	106.0	106	0
Rfx2	106.0	106	0
Gtf2h5	106.0	106	0
Glrx3	106.0	106	0
Ybey	105.0	105	0
Wdr7	105.0	105	0
Tmem74	105.0	105	0
Tmem63b	105.0	105	0
Srp14	105.0	105	0
Snrnp35	105.0	105	0
Slc5a6	105.0	105	0
Shprh	105.0	105	0
Rilpl2	105.0	105	0
Prkd3	105.0	105	0
Pdzrn3	105.0	105	0
Ncapd2	105.0	105	0
Mrpl51	105.0	105	0
Mrpl14	105.0	105	0
Mcm3ap	105.0	105	0
Map11	105.0	105	0
Lcmt2	105.0	105	0
Gfm1	105.0	105	0
Galc	105.0	105	0
Atraid	105.0	105	0
Adal	105.0	105	0
Rpusd4	104.0	104	0
Pcnx4	104.0	104	0
Nfyc	104.0	104	0
Fam118b	104.0	104	0
Api5	104.0	104	0
Zpr1	103.0	103	0
Uqcc3	103.0	103	0
Tfdp2	103.0	103	0
Serinc3	103.0	103	0
Prkab1	103.0	103	0
Nol8	103.0	103	0
Lbhd1	103.0	103	0
Cenpp	103.0	103	0
Apoa5	103.0	103	0
Wdr27	102.0	102	0
Tank	102.0	102	0
Cnksr3	102.0	102	0
1600012H06Rik	102.0	102	0
Sec31a	101.0	101	0
Pld3	101.0	101	0
Lrif1	101.0	101	0
2310022A10Rik	101.0	101	0
Zfp787	100.0	100	0
Ufc1	100.0	100	0
Top1mt	100.0	100	0
Tbce	100.0	100	0
Spcs1	100.0	100	0
Rps4x	100.0	100	0
Nek1	100.0	100	0
Ndufs2	100.0	100	0
Hsd17b12	100.0	100	0
Gtpbp4	100.0	100	0
Gtf3c5	100.0	100	0
Glt8d1	100.0	100	0
Camta2	100.0	100	0
Ankhd1	100.0	100	0
Adamts4	100.0	100	0
Supt6	99.0	99	0
Slk	99.0	99	0
Sdf2	99.0	99	0
Rnf185	99.0	99	0
Pomp	99.0	99	0
Parp11	99.0	99	0
Nrbp1	99.0	99	0
Nr2c1	99.0	99	0
Ncdn	99.0	99	0
Nbn	99.0	99	0
Cfap97	99.0	99	0
AU040320	99.0	99	0
Thoc1	98.0	98	0
Nipa2	98.0	98	0
Naa16	98.0	98	0
Mob1a	98.0	98	0
H3c6	98.0	98	0
Fam98a	98.0	98	0
Dus4l	98.0	98	0
Cog5	98.0	98	0
Zfp287	97.0	97	0
Ubr7	97.0	97	0
Mief2	97.0	97	0
Gon7	97.0	97	0
Gm20604	97.0	97	0
Flii	97.0	97	0
Fam207a	97.0	97	0
Tekt2	96.0	96	0
Tbpl1	96.0	96	0
Rapgef6	96.0	96	0
Lonp2	96.0	96	0
Adprhl2	96.0	96	0
Zkscan1	95.0	95	0
Zfp367	95.0	95	0
Utp15	95.0	95	0
Rrp1	95.0	95	0
Rbm48	95.0	95	0
Rbbp5	95.0	95	0
Pex1	95.0	95	0
Eaf2	95.0	95	0
Bag3	95.0	95	0
Ankra2	95.0	95	0
Uri1	94.0	94	0
Lyz1	94.0	94	0
Ep300	94.0	94	0
Dynlrb1	94.0	94	0
Add3	94.0	94	0
Tsga10	93.0	93	0
Stoml2	93.0	93	0
Nfkbiz	93.0	93	0
Gnai3	93.0	93	0
Gm5617	93.0	93	0
Fam222b	93.0	93	0
Tmem242	92.0	92	0
Spaca6	92.0	92	0
Gm33989	92.0	92	0
Fbxo7	92.0	92	0
Dstn	92.0	92	0
Zzef1	91.0	91	0
Tango6	91.0	91	0
Stpg3	91.0	91	0
Slirp	91.0	91	0
Slc39a9	91.0	91	0
Rab43	91.0	91	0
Prkacb	91.0	91	0
Nrp	91.0	91	0
Nelfb	91.0	91	0
Msantd4	91.0	91	0
Erh	91.0	91	0
Cyb5d2	91.0	91	0
Cacnb2	91.0	91	0
Alkbh1	91.0	91	0
Snap29	90.0	90	0
Scarb2	90.0	90	0
Pi4ka	90.0	90	0
Atp6v1c1	90.0	90	0
Mta2	89.0	89	0
Exosc8	89.0	89	0
Alg5	89.0	89	0
Zfp707	88.0	88	0
Vps16	88.0	88	0
Ulk2	88.0	88	0
Tmem175	88.0	88	0
R3hcc1	88.0	88	0
Pced1a	88.0	88	0
Gak	88.0	88	0
Exoc3	88.0	88	0
Becn1	88.0	88	0
Asrgl1	88.0	88	0
Canx	87.0	87	0
Uhrf1bp1	86.0	86	0
Slc25a26	86.0	86	0
Zfp157	85.0	85	0
Tti1	85.0	85	0
Serf2	85.0	85	0
Rprd1b	85.0	85	0
Opa3	85.0	85	0
Got1	85.0	85	0
Aurkaip1	85.0	85	0
Xpo6	84.0	84	0
Naaa	84.0	84	0
Pigw	83.0	83	0
Myo19	83.0	83	0
Txndc11	82.0	82	0
Tfb2m	82.0	82	0
Slx1b	82.0	82	0
Rtkn	82.0	82	0
Ptdss1	82.0	82	0
Pkp4	82.0	82	0
Mterf3	82.0	82	0
Cnst	82.0	82	0
Ccdc148	82.0	82	0
Bola2	82.0	82	0
Atf4	82.0	82	0
Tpd52l2	81.0	81	0
Thbs3	81.0	81	0
Serf1	81.0	81	0
Mtx1	81.0	81	0
Msh2	81.0	81	0
Ifitm3	81.0	81	0
Bdp1	81.0	81	0
Abhd16b	81.0	81	0
Kdm5a	80.0	80	0
Imp3	80.0	80	0
Exosc3	80.0	80	0
Capzb	80.0	80	0
Tysnd1	79.0	79	0
Spdl1	79.0	79	0
Med20	79.0	79	0
Gm20517	79.0	79	0
Fbxo22	79.0	79	0
Bysl	79.0	79	0
Usp47	78.0	78	0
Tra2a	78.0	78	0
Tpmt	78.0	78	0
Tfip11	78.0	78	0
Kdm1b	78.0	78	0
Psmb10	77.0	77	0
Mdm4	77.0	77	0
Hemk1	77.0	77	0
Ctrl	77.0	77	0
6430571L13Rik	77.0	77	0
Msantd2	76.0	76	0
Pdia3	75.0	75	0
H4f16	75.0	75	0
H2aj	75.0	75	0
Catsper2	75.0	75	0
Dhx40	74.0	74	0
Synj1	73.0	73	0
Riok3	73.0	73	0
Hint3	72.0	72	0
Adsl	72.0	72	0
Igsf10	71.0	71	0
Zfp64	70.0	70	0
Rfx3	70.0	70	0
Cmc1	70.0	70	0
Rundc1	69.0	69	0
Ptges3l	69.0	69	0
Mpp7	69.0	69	0
Asb6	69.0	69	0
Ppm1g	68.0	68	0
Ppdpf	68.0	68	0
Mlh1	68.0	68	0
Epm2aip1	68.0	68	0
Rab3gap2	61.0	61	0
Kif13a	61.0	61	0
Dcaf5	59.0	59	0
