Target_genes	Bhlhe41|Average	SRX2500346|B_cells	SRX2500347|B_cells	STRING
Pip4p1	2971.500000	2594	3349	0
Hmgn2	2919.500000	2289	3550	0
Dpy19l3	2832.000000	2380	3284	0
Foxo3	2780.000000	2399	3161	0
Rpl10a	2771.000000	2197	3345	0
Bnip3	2769.000000	2238	3300	0
Spns2	2753.000000	2177	3329	0
Pik3ip1	2716.000000	2210	3222	0
Ddhd2	2712.000000	2143	3281	0
Camk2d	2691.500000	2156	3227	0
Cstf1	2631.500000	2081	3182	0
Aurka	2631.500000	2081	3182	0
Ip6k1	2614.000000	1901	3327	0
Acvr1b	2552.500000	2015	3090	0
Cited2	2542.500000	1901	3184	0
Atp6v1h	2539.000000	1901	3177	0
Dyrk1b	2538.000000	1941	3135	0
Tet3	2505.000000	1801	3209	0
Ankrd12	2496.500000	1814	3179	0
Rps24	2494.000000	1766	3222	0
Polr3a	2494.000000	1766	3222	0
Pes1	2474.000000	1840	3108	0
Zfp36	2430.500000	1882	2979	0
Ehmt1	2339.500000	1720	2959	0
Tef	2331.500000	1766	2897	0
Senp8	2323.500000	1654	2993	0
Myo9a	2323.500000	1654	2993	0
Fam168b	2315.000000	1687	2943	0
Pgap2	2271.000000	1659	2883	0
Nup98	2271.000000	1659	2883	0
Lamp1	2265.000000	1593	2937	0
3110082I17Rik	2211.500000	1511	2912	0
Mllt1	2210.000000	1539	2881	0
Phf7	2204.000000	1565	2843	0
Bap1	2204.000000	1565	2843	0
Dcaf4	2202.000000	1654	2750	0
Cnpy3	2201.500000	1590	2813	0
Cacybp	2187.000000	1510	2864	0
Kdm4b	2176.000000	1589	2763	0
Btaf1	2172.500000	1701	2644	0
Mrpl54	2121.500000	1435	2808	0
Apba3	2121.500000	1435	2808	0
Tjp3	2107.500000	1441	2774	0
Pip5k1c	2107.500000	1441	2774	0
Stmn1	2067.000000	1481	2653	0
Ciart	2061.000000	1462	2660	0
Pdpr	2033.500000	1461	2606	0
Mycbp	2027.500000	1421	2634	0
Rbm38	2025.000000	1497	2553	0
Casc3	2021.000000	1372	2670	0
Dgat2	1996.500000	1340	2653	0
Eid1	1995.500000	1435	2556	0
Get4	1990.000000	1357	2623	0
Gadd45g	1985.000000	1450	2520	0
Tsn	1983.000000	1309	2657	0
Zfp292	1969.500000	1174	2765	0
Yy1	1967.500000	1406	2529	0
Pard6b	1942.000000	1281	2603	0
Cks2	1941.000000	1315	2567	0
Arl4a	1923.500000	1322	2525	0
Mapk6	1914.500000	1283	2546	0
Matr3	1902.500000	1364	2441	0
Rsad1	1886.500000	1217	2556	0
Bhlhe41	1868.500000	1431	2306	0
Jmy	1854.000000	1369	2339	0
Retreg2	1839.000000	1184	2494	0
Cnppd1	1839.000000	1184	2494	0
Top3a	1744.000000	1240	2248	0
Smcr8	1744.000000	1240	2248	0
Erlin1	1734.000000	1101	2367	0
Uqcc2	1722.500000	1164	2281	0
Slf2	1703.500000	1091	2316	0
Tmem123	1702.000000	1105	2299	0
Rps28	1701.500000	1220	2183	0
Ndufa7	1701.500000	1220	2183	0
Dnajc13	1685.000000	1222	2148	0
Mex3d	1681.500000	1104	2259	0
Golga1	1679.500000	1028	2331	0
Zdhhc23	1672.500000	1082	2263	0
Rev1	1662.000000	1200	2124	0
Morc2a	1659.500000	1041	2278	0
Srd5a3	1641.500000	1050	2233	0
Nptn	1619.500000	961	2278	0
Rps11	1596.500000	1070	2123	0
Rpl13a	1596.500000	1070	2123	0
Zbtb40	1591.500000	970	2213	0
Fkbp4	1585.000000	872	2298	0
Zranb2	1580.000000	1031	2129	0
Dynll1	1580.000000	872	2288	0
Gmfb	1573.000000	826	2320	0
Epn1	1572.000000	1095	2049	0
Gdpgp1	1570.500000	1110	2031	0
Cib1	1570.500000	1110	2031	0
Hat1	1570.000000	902	2238	0
Sik3	1563.000000	957	2169	0
Pafah1b2	1563.000000	957	2169	0
Cry2	1556.500000	1012	2101	0
Lsm14b	1539.500000	1081	1998	0
Zfp263	1534.500000	1005	2064	0
Tbl2	1531.500000	1124	1939	0
Scaf11	1516.500000	910	2123	0
Tbcel	1513.500000	1022	2005	0
Ccnj	1508.500000	771	2246	0
Rasip1	1502.500000	1021	1984	0
Lonp1	1499.500000	924	2075	0
Catsperd	1499.500000	924	2075	0
Ncl	1478.500000	885	2072	0
Gnb1	1475.000000	847	2103	0
Vps26a	1474.500000	939	2010	0
Zbtb8os	1458.000000	804	2112	0
Rbbp4	1458.000000	804	2112	0
Rmi1	1454.500000	902	2007	0
Hnrnpk	1454.500000	902	2007	0
Lmnb1	1452.500000	897	2008	0
Bpi	1449.500000	925	1974	0
Dbp	1447.000000	966	1928	0
Trim17	1443.500000	925	1962	0
H3f4	1443.500000	925	1962	0
Ube2q1	1434.000000	892	1976	0
Cltc	1433.000000	984	1882	0
Ccdc126	1432.000000	796	2068	0
Hdgf	1424.000000	831	2017	0
Pgm2l1	1422.000000	842	2002	0
Rer1	1421.000000	855	1987	0
Morn1	1421.000000	855	1987	0
Oser1	1414.500000	723	2106	0
Hcfc2	1412.500000	972	1853	0
Elavl3	1411.500000	846	1977	0
Cc2d1b	1407.500000	864	1951	0
Smchd1	1369.000000	930	1808	0
Mrto4	1366.500000	683	2050	0
Emc1	1366.500000	683	2050	0
Cdkl1	1359.500000	844	1875	0
Srsf6	1351.000000	947	1755	0
Mphosph9	1350.500000	881	1820	0
2810006K23Rik	1350.500000	881	1820	0
Rab7	1346.000000	753	1939	0
Map3k9	1345.000000	721	1969	0
Cry1	1343.000000	779	1907	0
Eif4a1	1341.500000	816	1867	0
Znhit6	1335.500000	793	1878	0
Mical3	1333.500000	708	1959	0
Ubb	1324.500000	771	1878	0
Nabp1	1321.000000	777	1865	0
Canx	1321.000000	784	1858	0
Zcwpw1	1319.500000	839	1800	0
Mepce	1319.500000	839	1800	0
Rhobtb2	1318.500000	907	1730	0
Ddx10	1317.500000	823	1812	0
Armc2	1315.000000	676	1954	0
Gpi1	1312.500000	819	1806	0
Zdhhc14	1311.000000	761	1861	0
Psme3	1307.500000	882	1733	0
Ahcyl2	1303.000000	880	1726	0
Usp53	1301.000000	834	1768	0
Grpel2	1301.000000	874	1728	0
Vgf	1297.500000	839	1756	0
Snapin	1295.500000	844	1747	0
Bptf	1281.000000	713	1849	0
Bcl2l12	1276.500000	710	1843	0
Atp6v1c1	1267.500000	787	1748	0
Usp6nl	1262.500000	847	1678	0
Hsf2	1262.000000	742	1782	0
Il16	1256.000000	802	1710	0
Gpn3	1251.500000	728	1775	0
Fam216a	1251.500000	728	1775	0
Nrf1	1251.000000	758	1744	0
Tnrc6c	1249.500000	1028	1471	0
Fam102b	1247.500000	683	1812	0
Calr3	1236.000000	809	1663	0
1700030K09Rik	1236.000000	809	1663	0
Piezo1	1221.500000	673	1770	0
Ube2i	1220.000000	781	1659	0
Mfsd1	1216.500000	705	1728	0
Agtpbp1	1213.500000	837	1590	0
Treml2	1209.500000	879	1540	0
Tomt	1208.000000	975	1441	0
Lamtor1	1208.000000	975	1441	0
Washc1	1206.000000	655	1757	0
Klf11	1196.000000	732	1660	0
1700037H04Rik	1195.500000	809	1582	0
Sertad1	1194.500000	804	1585	0
Rsbn1	1192.000000	837	1547	0
Nsun6	1187.500000	680	1695	0
Arl5b	1187.500000	680	1695	0
Mphosph8	1178.500000	740	1617	0
Epb41l4b	1178.000000	584	1772	0
Atp11b	1169.500000	644	1695	0
Nsd3	1167.500000	719	1616	0
Letm2	1167.500000	719	1616	0
Nr6a1	1164.000000	771	1557	0
B3gnt9	1162.000000	560	1764	0
Smg1	1158.000000	771	1545	0
Serf2	1151.500000	669	1634	0
Atf7ip	1148.500000	570	1727	0
Dusp2	1147.000000	636	1658	0
Astl	1147.000000	636	1658	0
Mfsd3	1146.000000	673	1619	0
Gpt	1146.000000	673	1619	0
Taf9	1138.500000	696	1581	0
Rad17	1138.500000	696	1581	0
Ak6	1138.500000	696	1581	0
Ccnh	1135.500000	686	1585	0
Zpbp	1134.500000	684	1585	0
Spata48	1134.500000	684	1585	0
Taf4b	1128.500000	677	1580	0
Pik3r1	1118.500000	680	1557	0
Rara	1111.000000	549	1673	0
Impdh1	1106.500000	746	1467	0
Sec24a	1094.000000	678	1510	0
Leng8	1091.000000	655	1527	0
Ppp1r13b	1084.500000	460	1709	0
Ece1	1080.500000	683	1478	0
Nudt9	1069.000000	623	1515	0
Pdcd11	1068.000000	613	1523	0
Atp5md	1068.000000	613	1523	0
Zswim3	1064.000000	615	1513	0
Acot8	1064.000000	615	1513	0
Zmym6	1059.500000	561	1558	0
Bcor	1059.500000	570	1549	0
Map2k7	1058.000000	562	1554	0
Zbtb5	1057.000000	519	1595	0
Per1	1057.000000	713	1401	0
Ube2s	1054.000000	661	1447	0
Fam136a	1054.000000	736	1372	0
Pias4	1053.000000	627	1479	0
Pik3r3	1050.000000	470	1630	0
Nudt19	1050.000000	587	1513	0
Lmbr1l	1049.500000	675	1424	0
Aspscr1	1039.000000	637	1441	0
Hnrnpa0	1036.000000	547	1525	0
Washc4	1033.500000	565	1502	0
Atp2b1	1031.500000	673	1390	0
Ifrd2	1026.500000	666	1387	0
Coq8a	1025.000000	663	1387	0
Gtf2ird2	1024.000000	575	1473	0
Elk4	1024.000000	579	1469	0
Lss	1022.500000	523	1522	0
Rab43	1019.000000	532	1506	0
Pcm1	1019.000000	547	1491	0
Rbbp6	1018.000000	610	1426	0
Atp6v0d1	1018.000000	620	1416	0
Agrp	1018.000000	620	1416	0
Acyp1	1018.000000	686	1350	0
Pmm1	1008.000000	573	1443	0
Yif1b	1007.500000	560	1455	0
Smad1	1007.500000	560	1455	0
Ran	1004.000000	508	1500	0
Ddx39a	1003.500000	538	1469	0
Cul5	1001.500000	588	1415	0
Erlin2	1000.000000	578	1422	0
Nfx1	999.000000	690	1308	0
Stk10	995.000000	632	1358	0
Ywhag	994.000000	637	1351	0
Snn	992.000000	567	1417	0
Actb	991.500000	590	1393	0
Trappc8	988.500000	567	1410	0
Trim8	988.000000	746	1230	0
Vdac2	984.500000	628	1341	0
Ucp2	975.000000	626	1324	0
Hif1a	974.500000	592	1357	0
Fbxl22	972.500000	547	1398	0
Calm3	971.000000	620	1322	0
Pias2	966.500000	442	1491	0
Ilvbl	966.000000	583	1349	0
Znhit1	963.500000	647	1280	0
Plod3	963.500000	647	1280	0
Adck5	962.500000	556	1369	0
Pkn2	961.000000	432	1490	0
1700017B05Rik	959.500000	440	1479	0
Sar1a	955.000000	597	1313	0
Cldn34d	952.500000	618	1287	0
Rcc1	951.500000	531	1372	0
Rpl14	950.500000	479	1422	0
Nadk	949.000000	547	1351	0
Entpd5	946.500000	421	1472	0
Bbof1	946.500000	421	1472	0
2310022B05Rik	946.000000	510	1382	0
Dph2	943.500000	477	1410	0
Capn10	943.500000	481	1406	0
B4galt2	943.500000	477	1410	0
Atp6v0b	943.500000	477	1410	0
Usp24	940.000000	472	1408	0
Rnf115	940.000000	709	1171	0
Polr3c	940.000000	709	1171	0
Sec11a	939.500000	539	1340	0
Shld2	938.000000	605	1271	0
Glud1	938.000000	605	1271	0
Crebrf	936.500000	535	1338	0
Itpkb	935.500000	580	1291	0
Ap1b1	935.000000	574	1296	0
Uqcc3	933.500000	643	1224	0
Spata5	933.500000	549	1318	0
Nudt6	933.500000	549	1318	0
Lbhd1	933.500000	643	1224	0
Pkn1	933.000000	581	1285	0
Klhl35	932.000000	588	1276	0
Slc25a36	931.500000	574	1289	0
Traf5	930.500000	569	1292	0
Larp1	928.000000	555	1301	0
Brf1	928.000000	605	1251	0
Myo1c	926.500000	461	1392	0
Grap	926.500000	464	1389	0
Shmt1	925.500000	597	1254	0
Klhl8	921.000000	610	1232	0
Cers2	920.000000	577	1263	0
Anxa9	920.000000	577	1263	0
Arhgap12	914.500000	536	1293	0
Cabcoco1	913.000000	525	1301	0
Lgals8	910.000000	481	1339	0
D10Wsu102e	909.000000	524	1294	0
Asxl2	908.500000	625	1192	0
Usp12	907.000000	507	1307	0
2310039H08Rik	903.000000	484	1322	0
Aatf	902.500000	544	1261	0
Med17	902.000000	497	1307	0
Ppp1r37	900.500000	414	1387	0
Slc25a15	899.000000	512	1286	0
Gns	897.500000	473	1322	0
Marchf8	897.000000	552	1242	0
Art3	896.500000	580	1213	0
Hes1	896.000000	516	1276	0
Rad9a	895.500000	495	1296	0
Per2	895.000000	610	1180	0
Rps20	894.500000	633	1156	0
Brox	891.000000	512	1270	0
Aida	891.000000	512	1270	0
Tsfm	881.000000	540	1222	0
Srcap	879.500000	541	1218	0
Yeats2	876.000000	583	1169	0
Mthfr	876.000000	538	1214	0
Clcn6	876.000000	538	1214	0
Txnip	871.500000	498	1245	0
Dgkh	871.000000	626	1116	0
Bcas2	868.500000	503	1234	0
Fam71e1	865.000000	479	1251	0
Emc10	865.000000	479	1251	0
Txndc5	863.500000	545	1182	0
Rnf40	862.500000	534	1191	0
Ccdc189	862.500000	534	1191	0
Tspan13	861.500000	500	1223	0
Focad	847.500000	375	1320	0
Slc5a6	847.000000	459	1235	0
Fam83f	847.000000	647	1047	0
Atraid	847.000000	459	1235	0
Syce2	845.000000	502	1188	0
Eif5a2	844.000000	485	1203	0
Csde1	843.000000	527	1159	0
Phf23	842.000000	460	1224	0
Dvl2	842.000000	460	1224	0
Micu1	841.500000	314	1369	0
Egln2	841.000000	419	1263	0
Jtb	840.000000	459	1221	0
Tmem19	839.500000	487	1192	0
Jade2	839.000000	563	1115	0
Tlk1	836.500000	482	1191	0
Zzz3	835.500000	479	1192	0
Kdm6b	835.500000	541	1130	0
Hsph1	833.500000	509	1158	0
Vps37b	830.500000	421	1240	0
Dtd1	830.000000	505	1155	0
Arglu1	825.000000	429	1221	0
Mthfd1l	824.000000	509	1139	0
Gas2	821.000000	534	1108	0
Fancf	821.000000	534	1108	0
Aldoa	821.000000	526	1116	0
Usf3	819.000000	590	1048	0
Fam83g	818.000000	479	1157	0
Sppl3	817.000000	505	1129	0
Hilpda	817.000000	485	1149	0
Edrf1	816.500000	517	1116	0
Dnajc16	816.500000	336	1297	0
Casp9	816.500000	336	1297	0
Srfbp1	816.000000	391	1241	0
Tbc1d15	814.000000	414	1214	0
Rae1	813.500000	548	1079	0
Rabep1	813.500000	580	1047	0
Pou2f1	812.500000	528	1097	0
Bahcc1	812.500000	403	1222	0
Eef2	812.000000	406	1218	0
Ankrd28	812.000000	615	1009	0
Riok2	810.500000	499	1122	0
Fosb	810.500000	542	1079	0
Lrrc32	809.000000	474	1144	0
Ywhaq	808.500000	419	1198	0
Slc2a6	807.500000	505	1110	0
Eps15l1	807.500000	479	1136	0
Tmem192	806.500000	418	1195	0
Slmap	806.500000	501	1112	0
Tmem185b	806.000000	457	1155	0
Rnf44	803.500000	470	1137	0
Usp36	803.000000	429	1177	0
Zc3h8	794.000000	432	1156	0
Tcstv3	791.500000	550	1033	0
Foxp1	791.500000	527	1056	0
Ppp1r9b	790.000000	539	1041	0
Mbd3	790.000000	440	1140	0
Suz12	789.000000	454	1124	0
Polr2h	787.500000	421	1154	0
Clcn2	787.500000	421	1154	0
Pcbp1	786.000000	365	1207	0
Ilf3	785.500000	486	1085	0
Sde2	784.500000	393	1176	0
Zfp62	783.500000	512	1055	0
Tra2a	783.000000	412	1154	0
Ctnna3	780.000000	397	1163	0
Sirt1	779.000000	359	1199	0
Rexo2	779.000000	426	1132	0
Gnpat	778.000000	375	1181	0
2810004N23Rik	778.000000	375	1181	0
Slc35a5	777.500000	545	1010	0
Serpinb6a	777.500000	406	1149	0
Ripk1	777.500000	406	1149	0
Atg3	777.500000	545	1010	0
Ddx18	776.000000	388	1164	0
Cln3	776.000000	532	1020	0
Apobr	776.000000	532	1020	0
Stt3b	774.000000	485	1063	0
Rnf7	773.000000	519	1027	0
Brwd1	773.000000	525	1021	0
Ptma	769.500000	545	994	0
Dhx33	767.500000	381	1154	0
Fdxr	765.500000	391	1140	0
Nrbf2	764.000000	357	1171	0
Nufip1	763.500000	459	1068	0
Gpalpp1	763.500000	459	1068	0
Vps26c	762.500000	381	1144	0
Tanc2	762.500000	484	1041	0
Strbp	762.500000	507	1018	0
Agpat5	761.500000	458	1065	0
Tmem248	761.000000	379	1143	0
Glrx5	760.000000	504	1016	0
Brpf3	757.500000	304	1211	0
Arfgap3	757.500000	344	1171	0
Slc36a1	757.000000	367	1147	0
Relb	757.000000	401	1113	0
Use1	756.000000	533	979	0
Ocel1	756.000000	533	979	0
Washc2	755.500000	399	1112	0
Ccnd2	754.500000	422	1087	0
Srek1	753.500000	344	1163	0
Shb	750.000000	484	1016	0
P4hb	750.000000	471	1029	0
Tomm20	749.500000	514	985	0
Rmnd5a	747.000000	476	1018	0
Dmpk	747.000000	321	1173	0
Cep295	744.000000	416	1072	0
Galnt11	743.500000	439	1048	0
Clock	740.500000	464	1017	0
Trnp1	739.000000	359	1119	0
Thap7	737.000000	428	1046	0
Ubald1	736.000000	400	1072	0
Thumpd2	735.000000	381	1089	0
Marchf9	733.500000	371	1096	0
Cdk4	733.500000	371	1096	0
Slc25a11	733.000000	422	1044	0
Rnf167	733.000000	422	1044	0
Smim15	732.500000	470	995	0
Prpf3	732.500000	419	1046	0
Emd	732.000000	512	952	0
Ddx24	730.500000	464	997	0
Mccc1	730.000000	464	996	0
Tmem211	729.500000	477	982	0
Xxylt1	728.000000	523	933	0
Syngap1	726.500000	570	883	0
Cuta	726.500000	570	883	0
Stx4a	722.000000	365	1079	0
Scaf8	722.000000	410	1034	0
Rdh5	720.500000	449	992	0
Bloc1s1	720.500000	449	992	0
Rhobtb1	719.000000	519	919	0
A930033H14Rik	719.000000	519	919	0
Suco	716.000000	320	1112	0
Eif4e2	716.000000	411	1021	0
Gh	715.000000	349	1081	0
Enpp1	715.000000	476	954	0
Fam50a	714.500000	552	877	0
D8Ertd738e	713.500000	442	985	0
Usp31	710.000000	245	1175	0
Ikzf1	710.000000	450	970	0
Ctbp1	710.000000	424	996	0
Srebf1	709.000000	552	866	0
Parp1	708.500000	444	973	0
Tnfaip3	707.000000	362	1052	0
Zbtb2	706.500000	391	1022	0
Crybg3	706.500000	387	1026	0
Akap9	706.000000	517	895	0
Mars2	705.000000	324	1086	0
Tex264	703.500000	359	1048	0
Rabif	702.000000	291	1113	0
Mbd1	701.000000	320	1082	0
Dhrs11	701.000000	432	970	0
Fhit	700.000000	363	1037	0
Septin11	698.500000	349	1048	0
Lcorl	695.500000	369	1022	0
Tmem86a	695.000000	377	1013	0
Qdpr	695.000000	404	986	0
Clrn2	695.000000	404	986	0
Tbc1d13	694.500000	396	993	0
Osbpl2	694.500000	459	930	0
Ckap5	694.500000	387	1002	0
Mcoln1	692.000000	396	988	0
Tsr3	691.000000	510	872	0
Gnptg	691.000000	510	872	0
Ubn1	687.500000	426	949	0
Natd1	687.500000	434	941	0
Glyr1	687.500000	426	949	0
Abcc4	686.500000	492	881	0
Klhl24	684.500000	334	1035	0
Naa40	684.000000	351	1017	0
Zmynd11	681.500000	421	942	0
Selplg	680.000000	399	961	0
Me2	679.500000	366	993	0
Cbl	679.500000	269	1090	0
Mrpl28	678.000000	487	869	0
Jade1	678.000000	335	1021	0
Ccdc107	673.500000	193	1154	0
Tbl1xr1	673.000000	345	1001	0
Cyth1	672.500000	471	874	0
Cpeb2	672.500000	312	1033	0
Gm5741	671.500000	408	935	0
Dhps	671.500000	408	935	0
Snx18	669.500000	327	1012	0
Prkcd	667.500000	497	838	0
Ascl2	667.500000	276	1059	0
Rcbtb1	667.000000	335	999	0
Atp6v0e	666.500000	379	954	0
Slc38a2	666.000000	377	955	0
Hs1bp3	663.000000	317	1009	0
Rchy1	662.500000	356	969	0
Zdhhc6	661.500000	515	808	0
Vti1a	661.500000	515	808	0
Ripk3	661.500000	397	926	0
Mettl8	661.500000	314	1009	0
Dcaf17	661.500000	314	1009	0
Adcy4	661.500000	397	926	0
Uvrag	660.500000	346	975	0
Nup205	659.500000	401	918	0
Eif6	658.000000	338	978	0
Crtc1	656.000000	354	958	0
Rmc1	655.000000	346	964	0
Kmt2c	655.000000	310	1000	0
Hps5	655.000000	370	940	0
Gtf2h1	655.000000	370	940	0
Dzip1	654.000000	222	1086	0
Ten1	653.500000	379	928	0
Acox1	653.500000	379	928	0
G3bp1	653.000000	290	1016	0
Tgoln2	651.500000	439	864	0
Tgoln1	651.500000	439	864	0
Lasp1	650.000000	286	1014	0
Caprin2	650.000000	341	959	0
Pds5a	647.500000	244	1051	0
Gpr176	643.500000	302	985	0
Zfp944	641.000000	288	994	0
Zfp758	641.000000	288	994	0
Xrcc1	640.500000	316	965	0
Usp4	640.500000	276	1005	0
Pinlyp	640.500000	316	965	0
Asap1	640.500000	379	902	0
Cdk5r1	639.500000	480	799	0
Ubap2l	638.000000	403	873	0
4933434E20Rik	638.000000	403	873	0
Abracl	637.500000	282	993	0
Cd72	636.500000	310	963	0
Smim14	636.000000	359	913	0
Ccdc6	636.000000	307	965	0
Mfsd5	634.500000	289	980	0
Ftl1	633.500000	457	810	0
Ube2b	633.000000	344	922	0
Cdkl3	633.000000	344	922	0
Klf10	632.000000	380	884	0
Atxn3	631.500000	374	889	0
Bax	631.000000	442	820	0
Lrrc58	630.500000	396	865	0
Plcxd2	628.000000	449	807	0
C1d	628.000000	303	953	0
U2af2	627.000000	370	884	0
Ccnt1	627.000000	367	887	0
4930415O20Rik	627.000000	367	887	0
Tdrd3	625.500000	400	851	0
Golga5	625.500000	286	965	0
Atp5g3	623.000000	294	952	0
Ptpn18	622.500000	321	924	0
Prrg4	622.000000	353	891	0
Cbarp	622.000000	351	893	0
Atp5d	622.000000	351	893	0
Insm1	621.000000	404	838	0
Pten	620.000000	290	950	0
Mtss1	620.000000	371	869	0
Aifm1	619.500000	357	882	0
Mxd3	617.000000	321	913	0
Magt1	616.000000	310	922	0
Cox7b	616.000000	310	922	0
C1qbp	615.000000	291	939	0
Tmem181a	613.500000	248	979	0
Srd5a1	613.500000	319	908	0
Nsun2	613.500000	319	908	0
Hsdl1	613.500000	286	941	0
Dnaaf1	613.500000	286	941	0
Gtf2a1	612.000000	346	878	0
Vps33a	611.500000	349	874	0
Art5	610.000000	459	761	0
Art1	610.000000	459	761	0
Trmt6	609.500000	346	873	0
Mcm8	609.500000	346	873	0
Zfp943	609.000000	355	863	0
Zfp942	609.000000	355	863	0
Pet117	609.000000	382	836	0
Kat14	609.000000	382	836	0
Cdkl4	609.000000	328	890	0
Mindy2	607.000000	366	848	0
Mgrn1	604.500000	265	944	0
Xpot	603.500000	320	887	0
Zdhhc5	602.000000	270	934	0
Psmd5	601.500000	438	765	0
Cutal	601.500000	438	765	0
Rtn4	600.500000	446	755	0
Nat10	600.500000	319	882	0
Ccdc22	600.500000	318	883	0
Cacna1f	600.500000	318	883	0
Hps3	600.000000	393	807	0
Atp1a1	600.000000	344	856	0
Srsf3	599.500000	289	910	0
Foxred2	599.000000	327	871	0
Mafk	598.000000	240	956	0
Cnnm2	598.000000	277	919	0
Zfp644	597.000000	365	829	0
Scap	597.000000	325	869	0
Ctsz	597.000000	341	853	0
Bhlhe40	597.000000	309	885	0
1810013L24Rik	595.000000	416	774	0
Rnf149	594.500000	338	851	0
Ubtd1	593.500000	250	937	0
Mms19	593.500000	250	937	0
Zbtb21	592.500000	250	935	0
Rint1	592.500000	339	846	0
Pus7	592.500000	339	846	0
Atf1	591.500000	397	786	0
Rabgap1	591.000000	262	920	0
Atp7a	591.000000	291	891	0
Ppia	590.500000	332	849	0
Ggnbp2	590.500000	331	850	0
Rapgefl1	590.000000	264	916	0
Arfgef2	589.500000	429	750	0
Ndufa6	588.500000	248	929	0
Cyrib	588.500000	353	824	0
Tmem147	587.000000	262	912	0
Stard7	586.000000	364	808	0
Slc25a40	585.500000	357	814	0
Parp6	585.500000	335	836	0
Lpcat4	585.500000	374	797	0
Dbf4	585.500000	357	814	0
Adsl	584.500000	264	905	0
Sord	582.000000	262	902	0
Gga2	581.000000	331	831	0
Dcakd	580.500000	312	849	0
Ttc32	580.000000	397	763	0
Gid4	576.500000	389	764	0
Pnn	576.000000	379	773	0
Ppp2r5e	575.000000	411	739	0
Pole4	573.500000	379	768	0
Max	571.000000	361	781	0
Tulp4	569.500000	299	840	0
Mrpl48	569.000000	232	906	0
Ttc39b	566.000000	367	765	0
Prr3	566.000000	372	760	0
Gnl1	566.000000	372	760	0
Il6ra	563.500000	391	736	0
Nampt	562.000000	277	847	0
Trmt10a	560.500000	352	769	0
Mttp	560.500000	352	769	0
Slc18a1	560.000000	314	806	0
Atp6v1b2	560.000000	314	806	0
Igf2r	558.500000	217	900	0
Vkorc1	556.000000	281	831	0
Prss53	556.000000	281	831	0
Bsg	555.000000	241	869	0
Snrnp200	554.000000	236	872	0
Sez6l2	554.000000	242	866	0
Dhrs13	554.000000	255	853	0
Asphd1	554.000000	242	866	0
1810024B03Rik	554.000000	236	872	0
Wdr4	552.000000	296	808	0
Fkbpl	552.000000	286	818	0
Atf6b	552.000000	286	818	0
Atxn2	551.500000	329	774	0
Ralb	551.000000	241	861	0
Gamt	550.500000	323	778	0
Dazap1	550.500000	323	778	0
Lgals7	550.000000	321	779	0
Irf2bp2	549.500000	307	792	0
Washc5	549.000000	339	759	0
Nsmce2	549.000000	339	759	0
Gtpbp10	549.000000	239	859	0
Ubxn11	546.000000	322	770	0
Tom1	545.500000	333	758	0
Nsf	545.500000	289	802	0
Napa	545.000000	270	820	0
Alkbh5	544.500000	247	842	0
Zfp740	544.000000	287	801	0
Csad	544.000000	287	801	0
Frmd6	542.500000	298	787	0
Mtmr3	540.500000	320	761	0
AW549877	540.500000	320	761	0
Mphosph10	540.000000	294	786	0
Mcee	540.000000	294	786	0
Ccno	540.000000	219	861	0
Synrg	539.500000	224	855	0
Pnkd	538.500000	260	817	0
Ubqln1	538.000000	202	874	0
Vac14	535.000000	260	810	0
Actr3	535.000000	234	836	0
Tspyl1	534.500000	214	855	0
Cisd2	534.500000	329	740	0
Samd1	534.000000	278	790	0
1700067K01Rik	534.000000	278	790	0
0610010F05Rik	534.000000	346	722	0
Nfatc3	533.500000	251	816	0
Sdad1	533.000000	309	757	0
Efcab14	532.500000	264	801	0
Faf1	532.000000	302	762	0
Fam8a1	531.500000	272	791	0
Trappc10	528.500000	218	839	0
Shisa8	527.500000	284	771	0
Ubxn6	526.500000	205	848	0
Prkcg	526.500000	364	689	0
Hdgfl2	526.500000	205	848	0
Elovl3	526.500000	213	840	0
Tesmin	525.500000	296	755	0
Slc26a11	525.500000	266	785	0
Sgsh	525.500000	266	785	0
Phlpp1	525.500000	319	732	0
Gpr150	525.500000	339	712	0
Trp53inp1	524.000000	322	726	0
Csnk1g3	524.000000	250	798	0
Zfp41	523.500000	359	688	0
Aff4	522.000000	276	768	0
Tbpl1	521.500000	307	736	0
Lcmt2	521.500000	382	661	0
Adal	521.500000	382	661	0
Snd1	520.500000	294	747	0
Mea1	519.500000	272	767	0
Klhdc3	519.500000	272	767	0
Smc6	519.000000	300	738	0
Nsd1	519.000000	259	779	0
Gen1	519.000000	300	738	0
Med21	518.500000	341	696	0
Coprs	518.000000	414	622	0
Arhgap35	518.000000	253	783	0
Zfp871	517.500000	227	808	0
Ssb	517.500000	198	837	0
Ube2cbp	517.000000	298	736	0
Dop1a	517.000000	298	736	0
Txnl4b	516.500000	290	743	0
Hgh1	516.500000	326	707	0
Dhx38	516.500000	290	743	0
Lat	516.000000	324	708	0
Ppm1a	515.500000	342	689	0
Cdkn1b	515.000000	267	763	0
Srrt	514.500000	281	748	0
Spata33	513.000000	261	765	0
Dhodh	513.000000	410	616	0
Chmp1a	513.000000	261	765	0
Klf4	512.500000	309	716	0
Cd74	512.000000	321	703	0
Nop53	511.500000	171	852	0
Macrod1	511.500000	253	770	0
Ccdc88c	510.500000	286	735	0
Ubr5	510.000000	253	767	0
Phf1	508.000000	237	779	0
Nemf	508.000000	0	1016	0
Dis3l2	506.000000	341	671	0
Dip2b	505.000000	266	744	0
Tcf4	504.500000	316	693	0
Picalm	502.000000	397	607	0
Ywhaz	501.500000	280	723	0
Tada1	500.000000	237	763	0
Lmbrd1	500.000000	304	696	0
Iba57	499.000000	302	696	0
Tbk1	498.500000	359	638	0
Pbx4	498.500000	183	814	0
Zfp507	497.500000	265	730	0
Rufy1	497.500000	255	740	0
Sema4d	496.500000	237	756	0
Trpm7	496.000000	247	745	0
Tbc1d2	496.000000	232	760	0
Itpr3	496.000000	332	660	0
Cfap20	496.000000	324	668	0
Alg1	496.000000	276	716	0
Cpq	495.500000	290	701	0
A130010J15Rik	495.000000	286	704	0
Bcl2l11	493.500000	179	808	401
Vma21	493.000000	271	715	0
Tex10	493.000000	282	704	0
Nipsnap3b	491.000000	209	773	0
Mtrr	489.500000	263	716	0
Fastkd3	489.500000	263	716	0
A430005L14Rik	489.500000	307	672	0
Pak1ip1	488.500000	179	798	0
Thap4	487.500000	290	685	0
Selenoi	487.500000	316	659	0
Odc1	487.500000	286	689	0
Eif1	487.500000	292	683	0
Atg4b	487.500000	290	685	0
Mrps16	486.500000	276	697	0
Dnajc9	486.500000	276	697	0
Tent4a	486.000000	267	705	0
Mmaa	485.500000	312	659	0
Sgta	484.500000	252	717	0
Nol7	484.500000	230	739	0
Dusp3	484.500000	310	659	0
Cfap97d1	484.500000	310	659	0
Dym	484.000000	236	732	0
Osbpl1a	483.500000	314	653	0
Slfn1	483.000000	272	694	0
Parp2	483.000000	177	789	0
Arvcf	483.000000	236	730	0
Cep85	482.500000	359	606	0
Rab20	481.000000	258	704	0
Kyat1	481.000000	300	662	0
Spop	480.500000	278	683	0
Stx6	479.500000	243	716	0
Rps29	478.500000	0	957	0
Sfmbt1	478.000000	321	635	0
Sec16a	477.000000	268	686	0
Rpl26	477.000000	236	718	0
Phc3	477.000000	236	718	0
Pom121	476.000000	291	661	0
Fbxo33	476.000000	211	741	0
Dennd6a	475.500000	247	704	0
Tmc8	475.000000	311	639	0
Tmc6	475.000000	311	639	0
Sertad2	475.000000	239	711	0
Eml4	475.000000	264	686	0
Csk	473.500000	297	650	0
Pola2	472.000000	275	669	0
Serbp1	471.000000	257	685	0
Nr1d2	470.000000	192	748	0
Siva1	469.500000	272	667	0
Kat6b	469.500000	215	724	0
Prxl2a	468.000000	328	608	0
Thap12	467.500000	320	615	0
Fos	467.000000	286	648	0
Eef2k	467.000000	215	719	0
Rassf4	466.500000	219	714	0
Abcc10	466.500000	262	671	0
Snx2	466.000000	296	636	0
Srr	465.500000	246	685	0
Smg6	465.500000	246	685	0
Cbfa2t3	465.500000	228	703	0
Lamtor4	465.000000	268	662	0
Ints6	465.000000	280	650	0
Mpp6	464.500000	205	724	0
Poli	464.000000	234	694	0
Neurl2	464.000000	158	770	0
Ctsa	464.000000	158	770	0
Acsl1	463.000000	255	671	0
Scamp5	462.500000	203	722	0
Dazl	462.500000	310	615	0
Lrrc8d	462.000000	302	622	0
Acta2	461.500000	201	722	0
Mrs2	460.500000	264	657	0
Rnf146	459.000000	230	688	0
Pdk3	458.500000	281	636	0
Tsga10	456.500000	227	686	0
Tmem50b	456.000000	242	670	0
Jund	454.500000	230	679	0
Wapl	453.500000	155	752	0
Ccdc38	453.500000	223	684	0
Amdhd1	453.500000	223	684	0
Rel	453.000000	248	658	0
Apoe	453.000000	299	607	0
Taf10	452.500000	177	728	0
Nfkbia	452.000000	264	640	0
En1	451.500000	317	586	0
Tasor2	450.000000	182	718	0
Ppat	450.000000	302	598	0
Paics	450.000000	302	598	0
Zbtb12	449.000000	213	685	0
Ehmt2	449.000000	213	685	0
Nme4	448.500000	286	611	0
Usp35	448.000000	303	593	0
Kctd21	448.000000	303	593	0
Dtnbp1	448.000000	131	765	0
Amigo1	448.000000	239	657	0
Zc3h6	447.500000	319	576	0
Fam167a	447.500000	248	647	0
Ddx55	446.500000	291	602	0
Capza2	446.500000	280	613	0
Kctd14	446.000000	205	687	0
Cd164	446.000000	249	643	0
Rbpj	445.000000	280	610	0
Cutc	445.000000	210	680	0
Cox15	445.000000	210	680	0
Prpf39	444.000000	276	612	0
Orai2	443.500000	294	593	0
Cyba	443.500000	300	587	0
Unc13a	443.000000	248	638	0
Rpp25	443.000000	248	638	0
Mtch2	443.000000	195	691	0
Jak3	443.000000	248	638	0
Esrra	442.500000	220	665	0
Catsperz	442.500000	220	665	0
Casp7	442.500000	233	652	0
Npat	442.000000	232	652	0
Atm	442.000000	232	652	0
Camkk1	441.000000	219	663	0
Rab21	440.500000	239	642	0
Cdc42	440.500000	227	654	0
Rfx5	440.000000	231	649	0
Ppp2r5c	440.000000	148	732	0
Itpkc	439.500000	262	617	0
Coq8b	439.500000	262	617	0
Tia1	438.500000	190	687	0
Atp23	438.500000	131	746	0
Dnase2a	437.500000	232	643	0
Sec24b	437.000000	205	669	0
Gpr19	437.000000	240	634	0
Fntb	436.500000	270	603	0
Tnrc6b	436.000000	247	625	0
H2-DMa	434.500000	256	613	0
Brd2	434.500000	256	613	0
Atp10d	434.500000	176	693	0
Add3	433.500000	291	576	0
6430548M08Rik	433.500000	127	740	0
Pfn2	433.000000	272	594	0
Smpd3	432.500000	299	566	0
Wfdc21	432.000000	224	640	0
Map2k4	432.000000	248	616	0
Wrnip1	431.000000	240	622	0
Pdxk	430.500000	242	619	0
Zfp110	429.500000	337	522	0
Trmu	429.500000	306	553	0
Tbc1d5	429.000000	206	652	0
Galc	429.000000	335	523	0
Tnfsf13	428.500000	221	636	0
Senp3	428.500000	221	636	0
Fnbp4	428.500000	231	626	0
Klf6	427.500000	268	587	0
Cyp4v3	427.000000	173	681	0
Wdr70	426.500000	264	589	0
Fcrl1	425.500000	262	589	0
Nfkb2	425.000000	215	635	0
Hsp90aa1	424.500000	302	547	0
Dhdds	424.000000	205	643	0
Atp13a3	423.500000	260	587	0
Tbc1d17	423.000000	166	680	0
Kdm4c	423.000000	201	645	0
Akt1s1	423.000000	166	680	0
Cep63	421.500000	225	618	0
Anapc13	421.500000	225	618	0
2310011J03Rik	421.500000	239	604	0
Kpna1	420.500000	215	626	0
Rps3a1	420.000000	218	622	0
Rnls	419.000000	242	596	0
Artn	419.000000	279	559	0
Rps21	418.000000	349	487	0
Pld6	418.000000	224	612	0
Tha1	416.500000	211	622	0
Hnrnpf	416.500000	237	596	0
Cdk7	416.500000	274	559	0
Phb	416.000000	270	562	0
Lats2	415.000000	200	630	0
Clk4	415.000000	167	663	0
BC049762	415.000000	167	663	0
Rfesd	414.500000	189	640	0
Brms1	414.500000	203	626	0
B4gat1	414.500000	203	626	0
Dhx9	414.000000	200	628	0
Cd24a	414.000000	202	626	0
Rragc	413.500000	137	690	0
Ccdc106	413.500000	203	624	0
Taf6l	413.000000	215	611	0
Zbed4	412.500000	237	588	0
Gstt2	411.500000	212	611	0
Fbl	411.500000	209	614	0
Fam174c	411.500000	220	603	0
Cirbp	411.500000	220	603	0
Rhoh	411.000000	195	627	0
Ahi1	411.000000	152	670	0
Ppara	409.000000	249	569	0
Hivep1	409.000000	248	570	0
Kdm7a	408.000000	200	616	0
Klhl21	407.500000	248	567	0
Gfi1	407.000000	231	583	0
Eef1aknmt	407.000000	157	657	0
Atf7	406.500000	210	603	0
Sgtb	405.500000	219	592	0
Nln	405.500000	219	592	0
Cdc42ep3	404.500000	235	574	0
Mxi1	404.000000	232	576	0
Gstm1	404.000000	244	564	0
Epb41l2	404.000000	180	628	0
Park7	403.500000	263	544	0
Fam76b	403.500000	229	578	0
Cep57	403.500000	229	578	0
Supt16	403.000000	217	589	0
Asb13	403.000000	239	567	0
Clk3	400.000000	217	583	0
Plcl2	399.500000	252	547	0
D16Ertd472e	398.500000	215	582	0
Atxn7l1	398.500000	138	659	0
Zfp688	398.000000	203	593	0
Prkcsh	397.500000	266	529	0
Ccdc151	397.500000	266	529	0
Mospd2	397.000000	266	528	0
Fancb	397.000000	266	528	0
Smc1a	396.500000	165	628	0
Ribc1	396.500000	165	628	0
1190007I07Rik	396.500000	207	586	0
Zadh2	396.000000	134	658	0
Tshz1	396.000000	134	658	0
Trim24	396.000000	169	623	0
Tes	395.500000	313	478	0
Atoh7	395.500000	169	622	0
Gatd3a	394.500000	214	575	0
Zswim9	394.000000	101	687	0
Lig1	394.000000	101	687	0
Eea1	394.000000	247	541	0
Slc25a37	392.500000	157	628	0
Fam32a	392.500000	226	559	0
Urgcp	392.000000	252	532	0
Slc49a4	392.000000	190	594	0
Sec14l5	391.000000	153	629	0
Cdk13	391.000000	233	549	0
Ube2v1	390.000000	227	553	0
Spata32	390.000000	229	551	0
Map4k4	390.000000	246	534	0
Serinc1	389.500000	207	572	0
E2f1	389.500000	252	527	0
Wfdc3	389.000000	198	580	0
Dnttip1	389.000000	198	580	0
Ado	389.000000	258	520	0
Ptpa	388.500000	177	600	0
Crat	388.500000	177	600	0
Cetn3	388.500000	244	533	0
Plpbp	385.000000	239	531	0
Asph	385.000000	214	556	0
Fbxl3	383.500000	204	563	0
Pdk1	382.500000	218	547	0
Anln	382.500000	210	555	0
9530077C05Rik	382.500000	210	555	0
Lrrc47	382.000000	248	516	0
Them6	381.000000	222	540	0
Otud4	381.000000	238	524	0
Tnfrsf19	380.000000	242	518	0
Pa2g4	380.000000	252	508	0
Mapk8	380.000000	262	498	0
Cacna1h	380.000000	151	609	0
Parn	378.500000	167	590	0
Bfar	378.500000	167	590	0
Tmem126b	378.000000	187	569	0
Aven	377.500000	147	608	0
Rab5a	376.500000	167	586	0
Mpv17	376.500000	193	560	0
Trit1	375.500000	250	501	0
Ric1	375.500000	128	623	0
Rab24	375.500000	241	510	0
Prelid1	375.500000	241	510	0
Mia2	375.500000	246	505	0
Mak16	375.500000	176	575	0
Ggact	375.500000	214	537	0
Scamp4	375.000000	219	531	0
Adat3	375.000000	219	531	0
Slc41a1	374.500000	147	602	0
Slc2a1	374.500000	140	609	0
Ninj1	374.500000	170	579	0
Insig2	374.500000	170	579	0
Trappc5	374.000000	167	581	0
Hnrnpm	374.000000	197	551	0
Fcor	374.000000	167	581	0
Ranbp2	373.500000	143	604	0
Tgds	373.000000	167	579	0
Gpr180	373.000000	167	579	0
Cnksr3	373.000000	197	549	0
Usp34	372.000000	247	497	0
Fam90a1b	372.000000	193	551	0
Apoo	372.000000	193	551	0
Wdcp	371.500000	243	500	0
Sav1	371.500000	139	604	0
Fbxl4	371.500000	198	545	0
Smarca4	371.000000	211	531	0
Gclc	370.000000	171	569	0
Lrba	369.500000	197	542	0
Ccnyl1	369.500000	278	461	0
Wbp4	369.000000	213	525	0
Sbno1	369.000000	225	513	0
Elf1	369.000000	213	525	0
Mob1a	368.500000	258	479	0
Tcaim	368.000000	215	521	0
Noxo1	368.000000	243	493	0
Gfer	368.000000	243	493	0
Cfap298	368.000000	157	579	0
C5ar2	368.000000	286	450	0
Rln3	367.000000	182	552	0
Osbpl8	367.000000	201	533	0
Il27ra	367.000000	182	552	0
Eif2s1	367.000000	198	536	0
Atp6v1d	367.000000	198	536	0
Ybx1	366.500000	208	525	0
Zfp706	366.000000	177	555	0
Plgrkt	366.000000	200	532	0
Fbxo30	366.000000	170	562	0
Sft2d2	365.500000	229	502	0
St6galnac3	364.500000	207	522	0
Lrrc8a	363.500000	232	495	0
B3galnt2	363.500000	183	544	0
Rpp38	363.000000	220	506	0
Ptp4a3	363.000000	197	529	0
Pabpc1	363.000000	187	539	0
Fam171b	363.000000	134	592	0
Acbd7	363.000000	220	506	0
Ywhah	362.500000	234	491	0
Dck	362.500000	257	468	0
Islr2	361.500000	165	558	0
Cyp2u1	361.500000	161	562	0
Asmt	361.500000	221	502	0
Ranbp9	361.000000	217	505	0
Tymp	360.500000	189	532	0
Tmprss3	360.500000	170	551	0
Sh3bp5	360.500000	205	516	0
Sco2	360.500000	189	532	0
Insig1	360.500000	274	447	0
Psat1	360.000000	264	456	0
Mylip	359.500000	249	470	0
Tmcc3	359.000000	0	718	0
Scaf4	358.500000	252	465	0
Ccs	358.000000	205	511	0
Ccdc87	358.000000	205	511	0
Trip4	357.000000	147	567	0
Parp11	357.000000	280	434	0
Ehd1	357.000000	182	532	0
Rpl22	356.500000	213	500	0
Pi4k2a	356.000000	268	444	0
Npcd	356.000000	217	495	0
Morn4	356.000000	268	444	0
Cbx6	356.000000	217	495	0
Hadh	355.500000	192	519	0
Faap20	355.500000	188	523	0
Rp9	355.000000	185	525	0
Faah	355.000000	165	545	0
Lrmp	354.500000	187	522	0
Zfp46	354.000000	231	477	0
Snx32	354.000000	250	458	0
Rrp1b	353.500000	193	514	0
Hsf2bp	353.500000	193	514	0
Hnrnph2	353.500000	197	510	0
Gla	353.500000	197	510	0
Dyrk3	353.000000	195	511	0
Git2	352.500000	188	517	0
Blvrb	352.500000	185	520	0
Ankrd13a	352.500000	188	517	0
Prep	351.500000	188	515	0
1810055G02Rik	351.000000	187	515	0
Sdk1	350.000000	241	459	0
Tmem42	349.500000	202	497	0
Kcnq5	349.500000	267	432	0
Atp6v0c	348.500000	218	479	0
Amdhd2	348.500000	218	479	0
Mgat1	348.000000	169	527	0
Cbx4	348.000000	159	537	0
Zfp131	347.000000	245	449	0
Pcx	345.500000	147	544	0
Fbxo7	345.500000	157	534	0
Dctn4	345.500000	183	508	0
Cacul1	345.500000	181	510	0
Zc3h15	344.500000	138	551	0
Tmed8	344.500000	263	426	0
Samd15	344.500000	263	426	0
Ppp1r15b	344.500000	185	504	0
Plekha1	344.500000	169	520	0
Pcgf5	344.000000	160	528	0
Wasl	343.500000	175	512	0
Timm17a	343.500000	197	490	0
Rnf170	343.500000	129	558	0
Hook3	343.500000	129	558	0
Ern1	342.000000	290	394	0
Cyp20a1	342.000000	250	434	0
Sf3b5	341.500000	138	545	0
Prkcz	341.500000	220	463	0
Ndrg1	341.500000	264	419	0
Urb2	341.000000	218	464	0
Taf5l	341.000000	218	464	0
Rffl	340.500000	197	484	0
Smco4	340.000000	221	459	0
Sik2	340.000000	192	488	0
Itfg2	340.000000	173	507	0
Glul	339.500000	169	510	0
Cic	339.500000	165	514	0
Zfp664	339.000000	280	398	0
Slamf7	339.000000	165	513	0
Neto2	339.000000	161	517	0
Ccdc92	339.000000	280	398	0
Stk17b	338.500000	244	433	0
Pnrc2	338.500000	153	524	0
Nmd3	338.500000	183	494	0
Tmem125	338.000000	151	525	0
Rcan3	338.000000	201	475	0
Fzd3	338.000000	124	552	0
Fbxo16	338.000000	124	552	0
Ap2a2	338.000000	198	478	0
Coro1b	337.000000	187	487	0
Rnmt	336.500000	133	540	0
Ppp4r2	336.500000	172	501	0
Fam210a	336.500000	133	540	0
Cdk5rap2	336.500000	153	520	0
Bcl3	336.500000	193	480	0
Nt5c	336.000000	243	429	0
Clba1	336.000000	211	461	0
Zbtb32	335.500000	185	486	0
Serac1	335.500000	157	514	0
Kmt2b	335.500000	185	486	0
Gtf2h5	335.500000	157	514	0
Patz1	335.000000	200	470	0
Prrc2c	334.500000	195	474	0
Gigyf2	333.500000	128	539	0
Rasgef1b	333.000000	242	424	0
Tmem39b	332.500000	173	492	0
Pccb	332.500000	185	480	0
Naglu	332.500000	153	512	0
Map10	332.500000	231	434	0
Grpel1	332.000000	157	507	0
Vcpkmt	331.000000	221	441	0
Nfkbid	331.000000	150	512	0
Hcst	331.000000	150	512	0
Anp32b	330.500000	167	494	0
Ankrd13d	330.500000	181	480	0
Osbp	330.000000	192	468	0
Nop14	330.000000	157	503	0
Gsn	330.000000	183	477	0
Grk4	330.000000	157	503	0
Peak1	329.000000	177	481	0
Hmg20a	329.000000	177	481	0
Tmem259	328.500000	173	484	0
Sumo3	328.500000	136	521	0
Rragb	328.500000	221	436	0
Ilrun	328.500000	123	534	0
Cnn2	328.500000	173	484	0
Cc2d1a	328.000000	227	429	0
4930432K21Rik	328.000000	227	429	0
Pusl1	327.500000	207	448	0
Acap3	327.500000	207	448	0
Cdc5l	327.000000	195	459	0
Tssk3	326.500000	152	501	0
Gpr146	326.500000	219	434	0
Fam229a	326.500000	152	501	0
E2f3	326.500000	220	433	0
Cdk5rap3	326.500000	230	423	0
Utp14b	325.500000	207	444	0
Prpf40b	325.500000	174	477	0
Ahr	325.500000	170	481	0
Acsl3	325.500000	207	444	0
Ormdl3	325.000000	170	480	0
Zfp36l1	324.500000	244	405	0
Mettl16	324.500000	278	371	0
Kmt5b	324.000000	194	454	0
Son	323.500000	167	480	0
Sh3tc1	323.500000	248	399	0
Ppp6r1	323.500000	223	424	0
Pbrm1	323.500000	180	467	0
Gm36712	323.500000	167	480	0
Gart	323.500000	167	480	0
Stim1	323.000000	94	552	0
Mrpl45	323.000000	139	507	0
Lmtk3	322.500000	208	437	0
Sugct	322.000000	191	453	0
Nuak2	322.000000	229	415	0
Mplkip	322.000000	191	453	0
Lipg	322.000000	129	515	0
Trim12c	321.500000	234	409	0
Aplp2	321.500000	209	434	0
Wdr26	321.000000	101	541	0
Reep3	321.000000	187	455	0
Fam162a	321.000000	189	453	0
Ccdc58	321.000000	189	453	0
Huwe1	320.500000	162	479	0
Lrpprc	320.000000	190	450	0
Dll1	320.000000	165	475	0
Copg2	320.000000	161	479	0
Commd8	320.000000	243	397	0
Cd2ap	320.000000	135	505	0
Ubash3a	319.000000	173	465	0
Pms2	319.000000	157	481	0
Dap3	319.000000	228	410	0
Aimp2	319.000000	157	481	0
Pfn1	318.500000	158	479	0
Nemp1	318.500000	193	444	0
Eno3	318.500000	158	479	0
Atp6ap2	318.500000	201	436	0
Slco5a1	318.000000	124	512	0
Nkx1-1	318.000000	206	430	0
Rnf213	317.500000	239	396	0
Polg2	317.500000	225	410	0
Luc7l2	317.500000	185	450	0
Wwp1	317.000000	140	494	0
Slc22a5	317.000000	124	510	0
Ino80c	317.000000	155	479	0
Ube2e3	316.500000	217	416	0
Champ1	316.500000	179	454	0
1810010H24Rik	316.500000	195	438	0
Tnk2	316.000000	170	462	0
Snrnp48	316.000000	138	494	0
Ubxn4	315.500000	225	406	0
Ipo5	315.500000	212	419	0
Ell	315.000000	210	420	0
Ddx50	315.000000	205	425	0
Gdf15	314.500000	232	397	0
Usp32	313.500000	134	493	0
Pou2f2	313.500000	197	430	0
Pgd	313.500000	209	418	0
Zbtb25	313.000000	159	467	0
Zbtb1	313.000000	159	467	0
Map4	313.000000	215	411	0
Rpia	312.500000	193	432	0
Rfc1	312.500000	150	475	0
Afp	312.500000	115	510	0
Exoc6	312.000000	163	461	0
Unc50	311.500000	160	463	0
Naa30	311.500000	191	432	0
Hmga1b	311.500000	160	463	0
Hmga1	311.500000	160	463	0
Coa5	311.500000	160	463	0
Akap11	311.500000	152	471	0
Tprn	311.000000	219	403	0
Pik3r2	311.000000	193	429	0
Anxa11	311.000000	193	429	0
Hinfp	309.500000	128	491	0
Arhgap39	309.500000	192	427	0
Trim44	309.000000	205	413	0
Dhrs4	308.500000	165	452	0
Pus3	308.000000	150	466	0
Ddx25	308.000000	150	466	0
Tm2d2	307.500000	152	463	0
Slc22a23	307.500000	159	456	0
Scpep1	307.500000	155	460	0
Pmaip1	307.500000	195	420	0
Dock9	307.500000	153	462	0
Dnpep	307.500000	268	347	0
Atp13a2	307.500000	144	471	0
Angptl6	307.500000	108	507	0
Adam9	307.500000	152	463	0
Topbp1	307.000000	139	475	0
Opa3	307.000000	178	436	0
Rprml	306.500000	118	495	0
Rasl10a	306.500000	192	421	0
Osbp2	306.500000	177	436	0
Nbeal2	306.500000	163	450	0
Ccdc12	306.500000	163	450	0
Akap8	306.500000	237	376	0
Ctsd	306.000000	158	454	0
Hbs1l	305.500000	170	441	0
Decr2	305.500000	0	611	0
Cd99l2	305.500000	152	459	0
Pfkfb3	305.000000	130	480	0
Cdkn1c	304.000000	209	399	0
Map1s	303.000000	177	429	0
Ttc7	302.500000	173	432	0
Tsg101	302.500000	169	436	0
Myo1d	302.500000	169	436	0
Rrn3	302.000000	196	408	0
Rbm4b	302.000000	0	604	0
Cep162	302.000000	183	421	0
Ttc13	301.500000	158	445	0
Tet1	301.500000	150	453	0
Btbd7	301.500000	132	471	0
B4galt5	301.500000	153	450	0
Arv1	301.500000	158	445	0
Zfp36l2	301.000000	238	364	0
Cr2	301.000000	178	424	0
Cpt1a	301.000000	173	429	0
Cecr2	301.000000	198	404	0
Tmem144	300.500000	140	461	0
Slc26a8	300.500000	184	417	0
Mapk14	300.500000	184	417	0
Larp4b	300.500000	181	420	0
C87436	300.000000	120	480	0
Nanp	299.500000	155	444	0
Hexa	299.500000	139	460	0
Edf1	299.500000	237	362	0
Ctdp1	299.500000	230	369	0
Rab8a	298.000000	208	388	0
Morf4l1	298.000000	0	596	0
Immt	298.000000	202	394	0
Tufm	297.000000	179	415	0
Pbx2	297.000000	191	403	0
Kdm5c	297.000000	166	428	0
Gpsm3	297.000000	191	403	0
Nedd9	296.500000	168	425	0
Rab31	296.000000	227	365	0
Azin1	296.000000	145	447	0
Vav2	294.500000	221	368	0
Sec23ip	294.500000	147	442	0
Mcmbp	294.500000	147	442	0
Slc25a33	294.000000	201	387	0
Ppp1r3e	294.000000	144	444	0
Nup50	294.000000	133	455	0
Zfx	293.000000	162	424	0
Coq10b	293.000000	153	433	0
Rb1	292.500000	152	433	0
Ercc2	292.500000	173	412	0
Abca3	292.500000	178	407	0
Abca17	292.500000	178	407	0
Plekhf2	292.000000	125	459	0
Zfyve9	291.500000	139	444	0
Trappc6a	291.500000	268	315	0
Bloc1s3	291.500000	268	315	0
Rogdi	290.500000	134	447	0
N4bp3	290.000000	170	410	0
Calr	290.000000	191	389	0
Hif3a	289.000000	138	440	0
Klhl20	288.500000	162	415	0
Stag3	288.000000	167	409	0
Rab5if	288.000000	132	444	0
Ptprj	288.000000	197	379	0
Gpc2	288.000000	167	409	0
Dgkg	287.500000	163	412	0
Prps1l3	286.500000	165	408	0
Mipol1	286.500000	165	408	0
Dhx40	286.500000	112	461	0
Chchd3	285.500000	0	571	0
Wdr36	285.000000	165	405	0
Tada2a	285.000000	176	394	0
Fgfrl1	285.000000	157	413	0
Bag6	285.000000	0	570	0
Apom	285.000000	0	570	0
Ulk3	284.500000	100	469	0
Trim65	284.500000	140	429	0
Rgmb	284.500000	177	392	0
Lrp11	284.500000	198	371	0
Pdss1	284.000000	150	418	0
Clcn3	284.000000	135	433	0
Cdc73	284.000000	98	470	0
Tppp	282.500000	193	372	0
Pcyt2	282.500000	125	440	0
Bmf	282.000000	148	416	0
Armh3	282.000000	113	451	0
Ydjc	281.500000	304	259	0
Flvcr2	281.500000	163	400	0
Fbrsl1	281.500000	127	436	0
Ccdc116	281.500000	304	259	0
Sbk1	281.000000	175	387	0
Prr5l	281.000000	207	355	0
Mef2d	281.000000	155	407	0
Commd9	281.000000	207	355	0
Socs2	280.500000	211	350	0
Limk2	279.500000	0	559	0
Tent4b	279.000000	114	444	0
Herpud1	278.500000	152	405	0
Vsig10l	277.500000	162	393	0
Kri1	277.500000	149	406	0
Cdkn2d	277.500000	149	406	0
Sap18b	277.000000	179	375	0
Sap18	277.000000	179	375	0
Plxnd1	277.000000	101	453	0
Ppfia4	276.500000	139	414	0
Gbp9	276.500000	138	415	0
Mex3c	275.500000	120	431	0
Maml3	275.000000	149	401	0
Zswim7	274.500000	124	425	0
Ttc19	274.500000	124	425	0
Pds5b	274.500000	179	370	0
Dr1	274.500000	106	443	0
Tsacc	274.000000	135	413	0
Ripor2	274.000000	161	387	0
Prkce	274.000000	158	390	0
Fabp3	274.000000	99	449	0
Cct3	274.000000	135	413	0
Wdr34	273.500000	229	318	0
Tmem219	273.500000	145	402	0
Tuba1b	273.000000	185	361	0
Mrps18c	273.000000	170	376	0
Helq	273.000000	170	376	0
Eif4g1	273.000000	201	345	0
Arid5a	273.000000	136	410	0
Rnf187	272.000000	148	396	0
Zfp839	271.000000	105	437	0
Reep5	271.000000	115	427	0
Papola	271.000000	142	400	0
Elmo1	271.000000	117	425	0
Sec62	270.500000	118	423	0
Map2k6	270.500000	167	374	0
Zpbp2	270.000000	151	389	0
Ikzf3	270.000000	151	389	0
Qsox2	269.500000	143	396	0
Prcp	269.000000	168	370	0
Fam102a	269.000000	135	403	0
Ddias	269.000000	168	370	0
Zfat	267.500000	177	358	0
Sympk	267.500000	147	388	0
Foxa3	267.500000	147	388	0
Cstf2	267.500000	0	535	0
Ass1	267.500000	141	394	0
Selenof	267.000000	90	444	0
Hs2st1	267.000000	90	444	0
Fank1	267.000000	159	375	0
Dhx32	267.000000	159	375	0
Chd9	266.500000	180	353	0
Bod1l	266.500000	218	315	0
Zfp764	266.000000	143	389	0
Susd6	266.000000	165	367	0
Gopc	265.500000	147	384	0
Usp28	265.000000	129	401	0
Slc29a1	265.000000	151	379	0
S100a6	265.000000	106	424	0
S100a5	265.000000	106	424	0
Prkd3	264.500000	136	393	0
Mtbp	264.500000	187	342	0
Mrpl13	264.500000	187	342	0
Fmc1	264.500000	150	379	0
Zbtb14	264.000000	143	385	0
Pgrmc2	264.000000	117	411	0
Gtf2a2	263.000000	124	402	0
Nup107	262.500000	211	314	0
Kmt2e	261.500000	131	392	0
Clcn7	261.500000	137	386	0
Bzw1	261.000000	193	329	0
Arhgap17	261.000000	115	407	0
Tigd2	260.500000	132	389	0
Leng1	260.500000	166	355	0
Bzw2	260.500000	175	346	0
Ankmy2	260.500000	175	346	0
Gmeb2	260.000000	0	520	0
Selenow	259.000000	0	518	0
Tubb5	258.500000	140	377	0
Nfrkb	258.500000	125	392	0
Mdc1	258.500000	140	377	0
Ercc6l2	258.500000	200	317	0
Cdca4	258.500000	127	390	0
Atxn7l2	258.500000	147	370	0
Msl2	258.000000	197	319	0
Tfg	257.500000	130	385	0
Spcs3	257.000000	145	369	0
Cse1l	257.000000	146	368	0
Cers5	257.000000	120	394	0
Tmem69	256.500000	120	393	0
Gpbp1l1	256.500000	120	393	0
Dolpp1	255.500000	163	348	0
Triap1	254.500000	159	350	0
Gatc	254.500000	159	350	0
Sap30bp	251.500000	0	503	0
Recql5	251.500000	0	503	0
Plac8	251.500000	148	355	0
Cmtm6	251.500000	139	364	0
Tut4	251.000000	134	368	0
Naca	251.000000	147	355	0
Eed	251.000000	185	317	0
Zfp710	250.500000	132	369	0
Yaf2	250.500000	152	349	0
Commd3	250.500000	127	374	0
Bmi1	250.500000	127	374	0
Lipo3	250.000000	132	368	0
Klhl25	250.000000	0	500	0
Stub1	249.500000	127	372	0
Rhbdl1	249.500000	127	372	0
Jmjd8	249.500000	127	372	0
Tbl1x	249.000000	132	366	0
Sstr2	249.000000	145	353	0
Il31ra	248.500000	167	330	0
Farsa	248.500000	165	332	0
Ube2k	248.000000	0	496	0
Bdh1	248.000000	135	361	0
Taf1d	247.500000	0	495	0
Dhx16	247.500000	171	324	0
4931406C07Rik	247.500000	0	495	0
Zfp296	246.500000	146	347	0
Uchl5	246.500000	135	358	0
Ro60	246.500000	135	358	0
Gemin7	246.500000	146	347	0
Denr	246.500000	152	341	0
Zfp91	246.000000	178	314	0
Zdhhc3	246.000000	120	372	0
Lpxn	246.000000	178	314	0
Exosc7	246.000000	120	372	0
Ddi2	245.500000	132	359	0
Atrnl1	245.500000	170	321	0
Tmem170b	245.000000	0	490	0
Styx	244.500000	138	351	0
Lcor	244.000000	0	488	0
Lamtor5	243.500000	124	363	0
Cd47	243.500000	143	344	0
Slc26a6	243.000000	145	341	0
Arhgef18	243.000000	110	376	0
Tmem11	242.500000	175	310	0
Evx2	242.000000	140	344	0
Bri3	242.000000	183	301	0
Lap3	241.500000	101	382	0
Zc3h4	241.000000	0	482	0
Pcgf1	241.000000	117	365	0
Cln5	241.000000	161	321	0
Polr2b	240.500000	121	360	0
Noa1	240.500000	121	360	0
Mmp11	240.500000	121	360	0
Coq9	240.500000	187	294	0
Ciapin1	240.500000	187	294	0
Chchd10	240.500000	121	360	0
Tor4a	239.500000	175	304	0
Smim4	239.000000	206	272	0
Phox2a	239.000000	0	478	0
Nt5dc2	239.000000	206	272	0
Ndufaf5	239.000000	0	478	0
Esf1	239.000000	0	478	0
Ubap2	238.500000	134	343	0
Tigd5	238.500000	0	477	0
Thoc1	238.500000	139	338	0
Selenos	238.500000	143	334	0
Eef1d	238.500000	0	477	0
Sprtn	238.000000	0	476	0
Rraga	238.000000	223	253	0
Oasl1	238.000000	120	356	0
Exoc8	238.000000	0	476	0
Carhsp1	237.500000	0	475	0
Slc39a9	237.000000	199	275	0
Rpl34-ps1	237.000000	183	291	0
Rpl34	237.000000	183	291	0
Letmd1	237.000000	157	317	0
Erh	237.000000	199	275	0
Ccne2	237.000000	111	363	0
Rcl1	236.500000	0	473	0
Hspa8	236.500000	120	353	0
Gramd4	236.000000	218	254	0
Trim59	235.000000	153	317	0
Tatdn2	234.500000	100	369	0
Asah1	234.500000	0	469	0
Wdr89	234.000000	96	372	0
Zeb1	233.500000	152	315	0
Slc1a5	233.000000	145	321	0
Hdac5	233.000000	124	342	0
Kbtbd7	232.500000	0	465	0
Elp6	232.000000	153	311	0
Ino80	231.500000	0	463	0
Ypel5	231.000000	152	310	0
Eif1b	230.500000	149	312	0
Rccd1	230.000000	183	277	0
Chd8	230.000000	177	283	0
Xpc	229.500000	190	269	0
Lsm3	229.500000	190	269	0
Irs2	229.500000	0	459	0
Eaf2	229.500000	133	326	0
Bicdl1	229.500000	0	459	0
Sgms1	228.500000	165	292	0
Atg10	228.500000	169	288	0
Vcp	228.000000	115	341	0
Kif17	228.000000	107	349	0
Carnmt1	228.000000	138	318	0
Zc3h11a	227.500000	0	455	0
Zbed6	227.500000	0	455	0
Fut8	227.500000	134	321	0
Slc37a3	226.500000	145	308	0
Sin3a	226.500000	115	338	0
Rab19	226.500000	145	308	0
Nfkb1	226.000000	0	452	0
Ccdc88a	226.000000	150	302	0
Tssk1	225.500000	143	308	0
Samm50	225.500000	129	322	0
Prss22	225.500000	163	288	0
Hps6	225.500000	0	451	0
Fnbp1	225.500000	0	451	0
Dgcr2	225.500000	143	308	0
Cabin1	225.500000	106	345	0
Eno1	225.000000	0	450	0
Arhgef1	225.000000	146	304	0
Tac4	224.000000	97	351	0
Tex9	223.500000	0	447	0
Pcnx4	223.500000	0	447	0
Epc1	223.500000	0	447	0
4921507P07Rik	223.500000	0	447	0
Hspa9	223.000000	155	291	0
Cand1	222.500000	165	280	0
Adipor2	222.500000	107	338	0
Isl2	222.000000	0	444	0
Usp3	221.500000	117	326	0
Ube3c	221.500000	165	278	0
Sox12	221.500000	165	278	0
Vash2	221.000000	0	442	0
Smap1	220.500000	87	354	0
Rabgef1	220.500000	0	441	0
Josd1	220.500000	142	299	0
Gtpbp1	220.500000	142	299	0
Flcn	220.500000	0	441	0
Nckipsd	220.000000	139	301	0
Naa50	220.000000	0	440	0
Dusp1	220.000000	147	293	0
Cxxc5	220.000000	99	341	0
Atp6v1a	220.000000	0	440	0
Cd79b	219.500000	0	439	0
Adipor1	219.000000	131	307	0
Dhrs7b	218.500000	151	286	0
Zfp865	218.000000	131	305	0
Zfp524	218.000000	131	305	0
Rab32	218.000000	142	294	0
Fiz1	218.000000	131	305	0
Septin9	217.500000	168	267	0
Haus4	217.500000	0	435	0
Zmynd12	217.000000	150	284	0
Wdr19	217.000000	0	434	0
Ppcs	217.000000	150	284	0
Taf15	216.000000	0	432	0
Wdr81	215.500000	0	431	0
Khdrbs1	215.000000	113	317	0
Erich4	215.000000	173	257	0
Dmac2	215.000000	173	257	0
Ddx56	215.000000	145	285	0
Tmf1	214.000000	175	253	0
Znrf4	213.500000	173	254	0
Ube4b	213.000000	157	269	0
Ddx59	212.500000	127	298	0
Wdr41	212.000000	122	302	0
Tifa	212.000000	0	424	0
Rps6ka4	211.500000	0	423	0
Rad50	211.500000	160	263	0
Adrm1	211.500000	154	269	0
Saxo2	211.000000	199	223	0
Rassf1	211.000000	115	307	0
Pim2	211.000000	114	308	0
Efl1	211.000000	199	223	0
Cops7a	210.500000	117	304	0
Ccdc91	210.500000	141	280	0
Vars	209.500000	181	238	0
Pigw	209.500000	77	342	0
Myo19	209.500000	77	342	0
Ipo4	209.500000	123	296	0
Hnrnpdl	209.500000	0	419	0
Enoph1	209.500000	0	419	0
D17H6S56E-5	209.500000	181	238	0
Arpc2	209.500000	0	419	0
Arrdc1	209.000000	145	273	0
Usp8	208.500000	0	417	0
Ktn1	208.500000	103	314	0
Psmd7	208.000000	0	416	0
Eif2b3	208.000000	128	288	0
Cdk20	208.000000	99	317	0
Tgfbr3	207.000000	127	287	0
Fryl	207.000000	0	414	0
Eif3e	207.000000	131	283	0
Hey1	206.500000	0	413	0
Josd2	205.000000	122	288	0
Jade3	205.000000	0	410	0
Aspdh	205.000000	122	288	0
Zbtb46	204.500000	0	409	0
Wiz	204.500000	180	229	0
Tmbim6	204.500000	0	409	0
Fut7	204.500000	0	409	0
Abca2	204.500000	0	409	0
Mansc4	204.000000	120	288	0
Klhl42	204.000000	120	288	0
Srek1ip1	203.000000	0	406	0
Prkag2	203.000000	0	406	0
Neu1	203.000000	0	406	0
Cwc27	203.000000	0	406	0
Ap5b1	203.000000	90	316	0
Actl10	203.000000	168	238	0
1700003F12Rik	203.000000	168	238	0
Rab28	202.500000	0	405	0
Ankrd26	202.000000	0	404	0
Fasn	201.500000	124	279	0
Egr1	201.500000	0	403	0
Rmnd1	201.000000	0	402	0
Armt1	201.000000	0	402	0
2610507B11Rik	201.000000	98	304	0
Ing1	200.500000	163	238	0
Gnb1l	200.500000	0	401	0
Ssr1	200.000000	0	400	0
Rasa3	200.000000	182	218	0
Usp39	199.500000	0	399	0
Ubtd2	199.500000	0	399	0
Tmem191c	199.500000	142	257	0
Srsf2	199.500000	130	269	0
Slc25a46	199.500000	0	399	0
Mfsd11	199.500000	130	269	0
Lsm1	199.500000	152	247	0
Hoxa7	199.500000	131	268	0
Hoxa3	199.500000	131	268	0
Bag4	199.500000	152	247	0
Atp6v1e1	199.500000	0	399	0
0610030E20Rik	199.500000	0	399	0
Usp22	199.000000	0	398	0
Setd5	199.000000	160	238	0
Trim37	198.500000	0	397	0
Ptp4a1	198.500000	121	276	0
Csnk1g2	198.500000	0	397	0
Hmgb1	198.000000	104	292	0
Mrgbp	197.500000	0	395	0
Emilin2	197.500000	0	395	0
Dlgap4	197.000000	139	255	0
Tm7sf2	196.500000	141	252	0
Lrrc42	196.500000	107	286	0
Hspb11	196.500000	107	286	0
Tnpo2	196.000000	0	392	0
Rnf138	196.000000	0	392	0
Crocc	196.000000	134	258	0
Irf1	195.500000	153	238	0
Asb7	195.500000	113	278	0
Tmem104	195.000000	159	231	0
Nat9	195.000000	159	231	0
Hsbp1	195.000000	110	280	0
Cebpb	195.000000	0	390	0
Vamp8	194.500000	0	389	0
Nmral1	194.500000	131	258	0
Slc16a1	194.000000	127	261	0
Ccdc86	194.000000	0	388	0
Snx3	193.500000	112	275	0
Msra	193.500000	114	273	0
Dock3	193.500000	131	256	0
Pard6a	193.000000	0	386	0
Ccny	193.000000	85	301	0
Btbd19	193.000000	0	386	0
Acd	193.000000	0	386	0
Prr12	192.500000	142	243	0
Mysm1	192.500000	0	385	0
Dtnb	192.500000	0	385	0
Stau1	192.000000	153	231	0
Snrpa	192.000000	143	241	0
Pcnx3	192.000000	0	384	0
Map3k11	192.000000	0	384	0
BC024978	192.000000	143	241	0
Stip1	191.500000	147	236	0
Pold2	191.500000	137	246	0
Cpsf6	191.500000	145	238	0
Fam53b	191.000000	0	382	0
Capza1	190.500000	0	381	0
Atl3	190.500000	0	381	0
Abhd14b	190.500000	118	263	0
Abhd14a	190.500000	118	263	0
Rps19	190.000000	125	255	0
Arhgef4	190.000000	125	255	0
Rab3gap2	189.500000	0	379	0
Prdm4	189.500000	114	265	0
Xpo6	189.000000	0	378	0
Rab3il1	189.000000	117	261	0
Tmem51	188.500000	0	377	0
Rnf145	188.500000	95	282	0
Zfp660	188.000000	178	198	0
Gpr62	188.000000	142	234	0
Vps4b	187.500000	117	258	0
Usp20	187.500000	0	375	0
Sec24c	187.500000	0	375	0
Pmf1	187.500000	0	375	0
Phospho1	187.500000	0	375	0
Pgk1	187.500000	115	260	0
Nt5c3	187.500000	0	375	0
Nolc1	187.500000	129	246	0
Crppa	187.500000	0	375	0
BC005624	187.500000	0	375	0
Akna	187.000000	0	374	0
Zfp28	186.500000	0	373	0
Ppp1r12a	186.500000	0	373	0
Zcchc24	186.000000	0	372	0
Hlx	186.000000	0	372	0
Gkap1	186.000000	137	235	0
Meig1	185.500000	0	371	0
Dclre1c	185.500000	0	371	0
Zfp526	184.500000	0	369	0
Tnpo1	184.500000	118	251	0
Metap1	184.500000	133	236	0
Dedd2	184.500000	0	369	0
Cyp27a1	184.500000	0	369	0
Afg3l2	184.500000	0	369	0
Zdhhc12	184.000000	0	368	0
Usp45	184.000000	0	368	0
Myl12a	184.000000	0	368	0
Ifi47	183.500000	0	367	0
Gas2l1	183.500000	0	367	0
St8sia4	183.000000	0	366	0
Slc26a10	183.000000	0	366	0
Gpr82	183.000000	117	249	0
Oxa1l	182.500000	0	365	0
Mob1b	182.500000	0	365	0
Cxcr3	182.500000	0	365	0
Thumpd3	182.000000	92	272	0
Syncrip	182.000000	0	364	0
Nkpd1	182.000000	104	260	0
Acp6	182.000000	131	233	0
Mpp5	181.500000	0	363	0
Samd9l	181.000000	0	362	0
Ptcd2	181.000000	0	362	0
Nedd8	181.000000	0	362	0
Mrps27	181.000000	0	362	0
Gmpr2	181.000000	0	362	0
Lzts2	180.500000	160	201	0
Cdv3	180.500000	139	222	0
Ptprf	180.000000	0	360	0
Ndel1	179.500000	0	359	0
Gna13	179.500000	0	359	0
Creb3l2	179.500000	112	247	0
Abtb1	179.500000	139	220	0
Rgs9bp	178.500000	0	357	0
Nckap5l	178.500000	0	357	0
Ankrd27	178.500000	0	357	0
Specc1l	177.500000	0	355	0
Pex12	177.500000	0	355	0
Nkrf	177.500000	0	355	0
Khk	177.500000	0	355	0
Kank3	177.500000	169	186	0
Bola1	177.500000	0	355	0
Ap2b1	177.500000	0	355	0
Aamp	177.500000	0	355	0
Vps16	177.000000	0	354	0
Tssc4	177.000000	0	354	0
Rps2	177.000000	115	239	0
Rnf151	177.000000	115	239	0
Rasa1	177.000000	107	247	0
Pced1a	177.000000	0	354	0
Paip1	177.000000	0	354	0
Ndufb10	177.000000	115	239	0
Cstb	176.000000	0	352	0
Bhlha15	176.000000	0	352	0
Atad1	176.000000	0	352	0
Fli1	175.500000	0	351	0
Pigs	175.000000	0	350	0
Aldoc	175.000000	0	350	0
Rpl36al	174.500000	143	206	0
Prkd2	174.500000	0	349	0
Ncbp2	174.500000	0	349	0
Myo6	174.500000	0	349	0
Mgat2	174.500000	143	206	0
Dazap2	174.500000	132	217	0
0610012G03Rik	174.500000	0	349	0
Xpr1	174.000000	0	348	0
Mrpl37	173.500000	0	347	0
Cyb5rl	173.500000	0	347	0
Zfp512	173.000000	112	234	0
Hdac7	173.000000	0	346	0
Ccdc171	173.000000	136	210	0
Atf2	173.000000	117	229	0
Usp42	172.500000	0	345	0
Rabgap1l	172.500000	0	345	0
Slc25a28	172.000000	0	344	0
Otud5	172.000000	0	344	0
Mbtps1	172.000000	0	344	0
Agk	172.000000	0	344	0
Adgrl1	172.000000	0	344	0
Nfix	171.500000	78	265	0
Gm3448	171.500000	0	343	0
Gm3417	171.500000	0	343	0
9030025P20Rik	171.500000	0	343	0
Stambpl1	171.000000	0	342	0
Scand1	171.000000	0	342	0
Immp2l	171.000000	0	342	0
Ier2	171.000000	0	342	0
Dhrs3	171.000000	0	342	0
Cnbd2	171.000000	0	342	0
Zfp821	170.500000	0	341	0
Ppp4r1	170.500000	95	246	0
Matk	170.500000	0	341	0
Acvr2a	170.500000	0	341	0
Snx5	170.000000	107	233	0
Rasgef1c	170.000000	0	340	0
Mgme1	170.000000	107	233	0
Map4k1	170.000000	0	340	0
Eif3k	170.000000	0	340	0
Snap47	169.500000	111	228	0
Rnf220	169.500000	130	209	0
Jmjd4	169.500000	111	228	0
Atrn	169.500000	115	224	0
Pla2g12a	169.000000	0	338	0
Traf3ip1	168.500000	0	337	0
Rab33b	168.500000	124	213	0
Fam13b	168.000000	0	336	0
Dek	168.000000	0	336	0
Trpc4ap	167.500000	119	216	0
Phf8	167.500000	0	335	0
Prc1	167.000000	0	334	0
Nprl3	166.500000	109	224	0
Wdr59	165.500000	0	331	0
Sowahc	165.500000	144	187	0
Septin10	165.500000	144	187	0
Lbr	165.000000	0	330	0
Gfi1b	165.000000	0	330	0
Aprt	165.000000	139	191	0
Thra	164.500000	0	329	0
Ppfibp2	164.500000	0	329	0
Fzr1	164.500000	0	329	0
Twnk	164.000000	113	215	0
Tmem106c	164.000000	131	197	0
Mrpl43	164.000000	113	215	0
Trir	163.500000	0	327	0
Tmem87b	163.500000	0	327	0
Slc30a3	163.500000	0	327	0
Get3	163.500000	0	327	0
Pik3ap1	163.000000	0	326	0
Iqcb1	163.000000	0	326	0
Hexb	163.000000	0	326	0
Dync1li1	163.000000	0	326	0
Wwp2	162.500000	0	325	0
Bcl11a	162.500000	0	325	0
Tsnax	162.000000	0	324	0
Mien1	162.000000	0	324	0
Zc3h12d	161.500000	0	323	0
Septin7	161.500000	143	180	0
Glt1d1	161.500000	0	323	0
Il3ra	161.000000	0	322	0
Foxo6	161.000000	0	322	0
Slc44a2	160.500000	0	321	0
Ap1m2	160.500000	0	321	0
Akr1b10	160.500000	0	321	0
Sart1	160.000000	0	320	0
Trp53bp2	159.500000	0	319	0
Trim11	159.500000	0	319	0
Fibp	159.500000	0	319	0
Ccdc85b	159.500000	0	319	0
Mtfmt	159.000000	0	318	0
Rab10	158.500000	0	317	0
Lsm14a	158.500000	0	317	0
Lmcd1	158.500000	0	317	0
Prpf38b	157.500000	0	315	0
Npm1	157.500000	93	222	0
Btla	157.500000	0	315	0
Smyd5	157.000000	139	175	0
Pqlc3	156.500000	0	313	0
Mtpn	156.500000	0	313	0
Zfp800	156.000000	0	312	0
Naf1	156.000000	0	312	0
Lrrc24	156.000000	0	312	0
C030006K11Rik	156.000000	0	312	0
Actn2	156.000000	115	197	0
Zfp672	155.500000	0	311	0
Zfp384	155.500000	0	311	0
Zfp3	155.500000	0	311	0
Tmem131l	155.500000	123	188	0
Tbc1d1	155.500000	114	197	0
Sgk3	155.500000	75	236	0
Rab34	155.500000	0	311	0
Proca1	155.500000	0	311	0
Gse1	155.500000	0	311	0
Fkbp11	155.500000	0	311	0
Tom1l2	154.500000	122	187	0
Eif2b5	154.500000	0	309	0
Drc3	154.500000	122	187	0
Trim33	154.000000	0	308	0
Kat5	154.000000	0	308	0
Sacm1l	153.500000	0	307	0
Arhgap26	153.500000	0	307	0
Usp15	153.000000	0	306	0
Nmt2	153.000000	0	306	0
Tob2	152.500000	0	305	0
Timm8b	152.500000	0	305	0
Sdhd	152.500000	0	305	0
Lrrc51	152.500000	0	305	0
Hsp90ab1	152.500000	0	305	0
Dixdc1	152.500000	0	305	0
Pfkl	152.000000	0	304	0
Mapkapk3	152.000000	86	218	0
Map3k1	152.000000	0	304	0
Dhx35	152.000000	0	304	0
Arpc3	152.000000	0	304	0
Sirt2	151.500000	113	190	0
Plcl1	151.500000	0	303	0
Nfkbib	151.500000	113	190	0
Arf6	151.500000	0	303	0
Sema5a	151.000000	108	194	0
Smc4	150.500000	0	301	0
Ift80	150.500000	0	301	0
Tspyl2	150.000000	0	300	0
Nbn	150.000000	0	300	0
Ivns1abp	150.000000	0	300	0
Gpd2	150.000000	0	300	0
Epcam	150.000000	0	300	0
Arsg	150.000000	144	156	0
Sypl	149.500000	0	299	0
Slc16a6	149.000000	144	154	0
Erap1	149.000000	0	298	0
Cdkn2aip	149.000000	0	298	0
Tm9sf3	148.500000	0	297	0
Ap1g1	148.500000	111	186	0
Trim25	148.000000	0	296	0
Tcte3	148.000000	0	296	0
Hmgb3	148.000000	0	296	0
Gm3435	148.000000	0	296	0
Smyd4	147.500000	0	295	0
Rpa1	147.500000	0	295	0
Ptpn1	147.500000	0	295	0
Psmb2	147.500000	97	198	0
Msh6	147.500000	0	295	0
Larp1b	147.500000	0	295	0
Dlg1	147.500000	0	295	0
Bex3	147.500000	0	295	0
Atp1b3	147.500000	0	295	0
Slc15a3	147.000000	0	294	0
Por	147.000000	0	294	0
Inka1	147.000000	0	294	0
Fam120a	147.000000	0	294	0
Capn15	147.000000	0	294	0
Ugcg	146.500000	0	293	0
Slc30a4	146.500000	0	293	0
Myh9	146.500000	0	293	0
Dsn1	146.500000	0	293	0
Abcb1b	146.500000	0	293	0
Wdr66	146.000000	0	292	0
Rasl2-9	146.000000	0	292	0
Tiparp	145.500000	0	291	0
Noc3l	145.500000	0	291	0
Acbd6	145.500000	0	291	0
Slc7a1	145.000000	0	290	0
Slc17a7	145.000000	0	290	0
Man2b2	145.000000	0	290	0
Topors	144.500000	0	289	0
Smim27	144.500000	0	289	0
Sf3a2	144.500000	0	289	0
Plekhj1	144.500000	0	289	0
Mex3b	144.500000	0	289	0
Irgc1	144.500000	0	289	0
Cspp1	144.500000	0	289	0
Cops5	144.500000	0	289	0
Sae1	144.000000	0	288	0
Mccc2	144.000000	0	288	0
Kbtbd2	144.000000	0	288	0
Etfbkmt	144.000000	0	288	0
Dusp7	144.000000	0	288	0
Arhgef3	144.000000	0	288	0
Abtb2	144.000000	0	288	0
Zfp438	143.500000	0	287	0
Rrm2b	143.500000	0	287	0
Qtrt1	143.500000	0	287	0
Plcg1	143.500000	0	287	0
Mief2	143.500000	0	287	0
Il1r2	143.500000	0	287	0
Flii	143.500000	0	287	0
Elovl7	143.500000	0	287	0
Dtx1	143.500000	81	206	0
Drd1	143.500000	0	287	0
Zbtb44	143.000000	0	286	0
Tex14	143.000000	0	286	0
Rad51c	143.000000	0	286	0
Mios	143.000000	0	286	0
Lnpk	143.000000	0	286	0
Coa8	143.000000	120	166	0
Bag5	143.000000	120	166	0
Ermard	142.500000	0	285	0
Dbnl	142.500000	0	285	0
Qk	142.000000	0	284	0
Chmp2b	142.000000	0	284	0
Sephs1	141.500000	0	283	0
Nudt3	141.500000	0	283	0
Kif16b	141.500000	0	283	0
Fam117b	141.500000	0	283	0
Dnase1l3	141.500000	0	283	0
Cdk9	141.500000	0	283	0
Zbtb7a	141.000000	0	282	0
Hnrnpd	141.000000	0	282	0
Gar1	141.000000	0	282	0
Ccnt2	141.000000	0	282	0
Sumf1	140.500000	0	281	0
Ropn1l	140.500000	0	281	0
Mars1	140.500000	0	281	0
Chmp3	140.500000	0	281	0
Wfs1	140.000000	88	192	0
Gm5617	140.000000	0	280	0
Api5	140.000000	0	280	0
Zpr1	139.500000	0	279	0
Apoa5	139.500000	0	279	0
Twsg1	139.000000	0	278	0
Tesk1	139.000000	0	278	0
Smndc1	139.000000	0	278	0
Nxpe3	139.000000	0	278	0
Itsn2	139.000000	0	278	0
Dpy30	139.000000	0	278	0
Snx8	138.500000	99	178	0
Anp32e	138.500000	0	277	0
2310061I04Rik	138.500000	0	277	0
Vps35	138.000000	0	276	0
Traf4	138.000000	0	276	0
Polr3b	138.000000	0	276	0
Orc6	138.000000	0	276	0
Spg21	137.500000	0	275	0
Sdha	137.500000	0	275	0
Sdc3	137.500000	0	275	0
Rimbp3	137.500000	0	275	0
Ralgapb	137.500000	0	275	0
Ptprcap	137.500000	0	275	0
Pip5kl1	137.500000	0	275	0
Mob3b	137.500000	0	275	0
Map2k5	137.500000	0	275	0
Dpm2	137.500000	0	275	0
Cplx2	137.500000	0	275	0
Ccdc127	137.500000	0	275	0
Thbd	137.000000	0	274	0
Snx4	137.000000	0	274	0
Elmo2	137.000000	0	274	0
Eif5a	136.500000	0	273	0
Ap1m1	136.500000	0	273	0
Taldo1	136.000000	103	169	0
Nup210	136.000000	0	272	0
Hdac2	136.000000	0	272	0
Zfp869	135.500000	92	179	0
Zbtb10	135.500000	0	271	0
Vps13a	135.500000	0	271	0
Tex30	135.500000	0	271	0
Spring1	135.500000	0	271	0
Rnft2	135.500000	0	271	0
Orc2	135.500000	0	271	0
Marchf7	135.500000	0	271	0
Ildr1	135.500000	0	271	0
G3bp2	135.500000	0	271	0
Exosc3	135.500000	0	271	0
Vsir	135.000000	0	270	0
Btbd9	135.000000	0	270	0
Trim3	134.500000	0	269	0
Traf3	134.500000	0	269	0
Tent5d	134.500000	0	269	0
Rnpc3	134.500000	141	128	0
H4c11	134.500000	0	269	0
2610002M06Rik	134.500000	0	269	0
Vps8	134.000000	0	268	0
Slc39a7	134.000000	0	268	0
Rxrb	134.000000	0	268	0
Ring1	134.000000	0	268	0
H2-Ke6	134.000000	0	268	0
Tex22	133.500000	0	267	0
Rpf2	133.500000	0	267	0
Actrt3	133.500000	0	267	0
Tmem258	133.000000	0	266	0
Selenov	133.000000	0	266	0
Rap1gds1	133.000000	0	266	0
Lsm11	133.000000	0	266	0
Hectd1	133.000000	0	266	0
Fen1	133.000000	0	266	0
Vezt	132.500000	0	265	0
Trmt2a	132.500000	0	265	0
Spata5l1	132.500000	0	265	0
Slc35e2	132.500000	0	265	0
Rnf2	132.500000	0	265	0
Ranbp1	132.500000	0	265	0
Plekha2	132.500000	0	265	0
Fmr1	132.500000	0	265	0
Fgd6	132.500000	0	265	0
Ercc6l	132.500000	0	265	0
Car11	132.500000	0	265	0
Adh5	132.500000	0	265	0
Rundc3b	132.000000	0	264	0
H2az1	132.000000	0	264	0
Dnajb14	132.000000	0	264	0
2300009A05Rik	132.000000	0	264	0
Scamp3	131.500000	0	263	0
Ralgds	131.500000	0	263	0
Ago3	131.500000	0	263	0
Ttll12	131.000000	0	262	0
Sgo1	131.000000	0	262	0
Ndufaf4	131.000000	0	262	0
Mogs	131.000000	0	262	0
Klf13	131.000000	0	262	0
Cnot6l	131.000000	0	262	0
Acot7	131.000000	134	128	0
Slc35a1	130.500000	0	261	0
Osbpl5	130.500000	0	261	0
Mknk1	130.500000	0	261	0
Fbxo10	130.500000	0	261	0
Dnaic2	130.500000	0	261	0
Zfp957	130.000000	0	260	0
Gtdc1	130.000000	0	260	0
Endod1	130.000000	0	260	0
Eif5	129.500000	0	259	0
Zfp639	129.000000	0	258	0
Zfp608	129.000000	0	258	0
Tnpo3	129.000000	0	258	0
Rgs2	129.000000	0	258	0
Lactb2	129.000000	0	258	0
Irf8	129.000000	0	258	0
H4c12	129.000000	0	258	0
H2bc15	129.000000	0	258	0
H2ac15	129.000000	0	258	0
Armc9	129.000000	0	258	0
Ankrd37	129.000000	0	258	0
Wdfy2	128.500000	0	257	0
Snupn	128.500000	0	257	0
Sdf2l1	128.500000	0	257	0
Rfx1	128.500000	0	257	0
Rasgrp1	128.500000	0	257	0
Prnd	128.500000	0	257	0
Ndrg4	128.500000	0	257	0
Zfyve26	128.000000	0	256	0
Tmem205	128.000000	0	256	0
Tcof1	128.000000	0	256	0
Tcn2	128.000000	0	256	0
Rad51b	128.000000	0	256	0
Ogfrl1	128.000000	0	256	0
Insr	128.000000	0	256	0
Efna3	128.000000	0	256	0
Chka	128.000000	0	256	0
Ccdc159	128.000000	0	256	0
Abhd11	128.000000	0	256	0
Meiob	127.500000	0	255	0
Kdm2a	127.500000	0	255	0
Hibch	127.500000	0	255	0
Noct	127.000000	0	254	0
Dut	127.000000	0	254	0
Camsap1	127.000000	0	254	0
BC029722	127.000000	0	254	0
4931428F04Rik	127.000000	0	254	0
Ube2n	126.500000	115	138	0
Tnfrsf13c	126.500000	0	253	0
Tial1	126.500000	0	253	0
Nap1l4	126.500000	0	253	0
Micu2	126.500000	0	253	0
Isoc1	126.500000	0	253	0
Smyd3	126.000000	0	252	0
Six5	126.000000	102	150	0
Rexo5	126.000000	0	252	0
Rassf2	126.000000	0	252	0
Mpv17l2	126.000000	0	252	0
Ifi30	126.000000	0	252	0
Eri2	126.000000	0	252	0
Ski	125.500000	0	251	0
Grb10	125.500000	0	251	0
Scly	125.000000	0	250	0
Map1lc3b	125.000000	0	250	0
Iqch	125.000000	0	250	0
Hsd17b12	125.000000	0	250	0
Donson	125.000000	0	250	0
Chchd6	125.000000	0	250	0
Atxn2l	125.000000	0	250	0
Aagab	125.000000	0	250	0
Tmem116	124.500000	95	154	0
Slc14a1	124.500000	0	249	0
Sdcbp	124.500000	0	249	0
Lin52	124.500000	0	249	0
Erp29	124.500000	95	154	0
Aldh6a1	124.500000	0	249	0
Srsf10	124.000000	0	248	0
Slc4a7	124.000000	0	248	0
Sema6c	124.000000	0	248	0
Pnma1	124.000000	0	248	0
Gsk3a	124.000000	0	248	0
Cfap97	124.000000	0	248	0
Arsa	123.500000	0	247	0
Zfp707	123.000000	0	246	0
Umps	123.000000	0	246	0
Srsf1	123.000000	0	246	0
Srebf2	123.000000	112	134	0
Sf3b1	123.000000	81	165	0
Panx1	123.000000	61	185	0
Ilkap	123.000000	0	246	0
Cnpy2	123.000000	0	246	0
Slc6a6	122.500000	0	245	0
Jakmip1	122.500000	0	245	0
H4c4	122.500000	0	245	0
H2bc6	122.500000	0	245	0
Etv1	122.500000	0	245	0
Dnajc1	122.500000	0	245	0
Ppm1l	122.000000	0	244	0
Patl1	122.000000	0	244	0
Klf16	122.000000	0	244	0
Fcmr	122.000000	0	244	0
Atg12	122.000000	0	244	0
Arrdc2	122.000000	0	244	0
Ap3s1	122.000000	0	244	0
Znrf2	121.500000	0	243	0
Wnk1	121.500000	0	243	0
Kremen2	121.500000	0	243	0
Ing3	121.500000	0	243	0
H2-Ea	121.500000	0	243	0
Atoh1	121.500000	0	243	0
Tfb2m	121.000000	0	242	0
Nde1	121.000000	0	242	0
Marf1	121.000000	0	242	0
Ift88	121.000000	0	242	0
Glrx3	121.000000	0	242	0
Cnst	121.000000	0	242	0
Apba1	121.000000	0	242	0
Usp49	120.500000	0	241	0
Rcor2	120.500000	0	241	0
Rasgrp2	120.500000	0	241	0
Neurog2	120.500000	0	241	0
Mtfr1l	120.500000	0	241	0
Etv3	120.500000	0	241	0
Dnmt3b	120.500000	0	241	0
Ddx3x	120.500000	0	241	0
Cbfa2t2	120.500000	0	241	0
Ascl4	120.500000	0	241	0
Lef1	120.000000	0	240	0
Ikbip	120.000000	0	240	0
Apaf1	120.000000	0	240	0
Vkorc1l1	119.500000	108	131	0
Tmem251	119.500000	0	239	0
Smim8	119.500000	0	239	0
Ptpdc1	119.500000	0	239	0
Moap1	119.500000	0	239	0
Ccnl1	119.500000	0	239	0
Siah2	119.000000	0	238	0
Zfyve21	118.500000	0	237	0
Zfp622	118.500000	0	237	0
Zfp106	118.500000	0	237	0
Xrcc3	118.500000	0	237	0
Snap23	118.500000	0	237	0
Sft2d3	118.500000	0	237	0
Grk6	118.500000	0	237	0
Fam118a	118.500000	0	237	0
Cdyl	118.500000	0	237	0
Agfg2	118.500000	0	237	0
Hpgds	118.000000	0	236	0
H4c9	118.000000	0	236	0
H2bc11	118.000000	0	236	0
H2ac11	118.000000	0	236	0
B3glct	118.000000	0	236	0
Wdr60	117.500000	0	235	0
Rest	117.500000	0	235	0
Ptms	117.500000	0	235	0
Pip4k2c	117.500000	0	235	0
Lpin1	117.500000	0	235	0
Krr1	117.500000	0	235	0
Crbn	117.500000	0	235	0
Bex2	117.500000	0	235	0
Zfp553	117.000000	0	234	0
Slc35a4	117.000000	0	234	0
Seh1l	117.000000	0	234	0
Gdi2	117.000000	0	234	0
Apbb3	117.000000	0	234	0
Rpl12	116.500000	0	233	0
Lrsam1	116.500000	0	233	0
Fam76a	116.500000	0	233	0
Igf1r	116.000000	0	232	0
Drosha	116.000000	0	232	0
Arsb	116.000000	0	232	0
6030458C11Rik	116.000000	0	232	0
Susd1	115.500000	0	231	0
Ssbp1	115.500000	0	231	0
Mcidas	115.500000	0	231	0
Lima1	115.500000	0	231	0
Fem1b	115.500000	0	231	0
Tmem250-ps	115.000000	0	230	0
Sap30	115.000000	0	230	0
Otud6b	115.000000	0	230	0
N6amt1	115.000000	0	230	0
Mrpl40	115.000000	0	230	0
Map3k2	115.000000	0	230	0
Lrch1	115.000000	0	230	0
Ift27	115.000000	0	230	0
Hira	115.000000	0	230	0
Dmac1	115.000000	0	230	0
Ddx5	115.000000	0	230	0
Cep95	115.000000	0	230	0
U2surp	114.500000	0	229	0
Ncapg2	114.500000	101	128	0
Eif4b	114.500000	0	229	0
Celf2	114.500000	0	229	0
Taf12	114.000000	0	228	0
Rprd2	114.000000	0	228	0
Mrps33	114.000000	0	228	0
Mrln	114.000000	0	228	0
Zbtb22	113.500000	0	227	0
Tecpr1	113.500000	0	227	0
Tapbp	113.500000	0	227	0
Mrps28	113.500000	0	227	0
Dyrk1a	113.500000	0	227	0
Wtap	113.000000	0	226	0
Itprip	113.000000	0	226	0
Dnajc27	113.000000	0	226	0
Cd83	113.000000	0	226	0
Tfrc	112.500000	97	128	0
Slc3a2	112.500000	0	225	0
Rnf4	112.500000	0	225	0
Prkaca	112.500000	0	225	0
Nck1	112.500000	0	225	0
Crip2	112.500000	63	162	0
Ndufab1	112.000000	0	224	0
Churc1	112.000000	0	224	0
Bfsp2	112.000000	0	224	0
Gga1	111.500000	0	223	0
Cdk11b	111.500000	0	223	0
Birc6	111.500000	0	223	0
Ago2	111.500000	0	223	0
Adarb1	111.500000	0	223	0
Zbtb45	111.000000	0	222	0
Prkci	111.000000	0	222	0
Ppp1r8	111.000000	0	222	0
Polg	111.000000	0	222	0
Pelo	111.000000	0	222	0
Mast2	111.000000	0	222	0
Fam117a	111.000000	0	222	0
Exosc5	111.000000	0	222	0
Bmp2k	111.000000	0	222	0
Bckdha	111.000000	0	222	0
Tbccd1	110.500000	0	221	0
Rasd2	110.500000	0	221	0
Dnajb11	110.500000	0	221	0
Plekho2	110.000000	0	220	0
Pif1	110.000000	0	220	0
Mga	110.000000	0	220	0
Map3k12	110.000000	0	220	0
Fbxo6	110.000000	0	220	0
Esco1	110.000000	0	220	0
Alg8	110.000000	0	220	0
Zeb2	109.500000	0	219	0
Stxbp1	109.500000	0	219	0
Prr7	109.500000	0	219	0
Polr3d	109.500000	0	219	0
Laptm4a	109.500000	0	219	0
Fam98a	109.500000	0	219	0
E2f8	109.500000	0	219	0
Dap	109.500000	0	219	0
Tusc2	109.000000	0	218	0
Cpox	109.000000	0	218	0
Cnot8	109.000000	0	218	0
Ccdc134	109.000000	0	218	0
Pum1	108.500000	0	217	0
Eif3j2	108.500000	0	217	0
Eif3j1	108.500000	0	217	0
B9d1	108.500000	0	217	0
Abhd17b	108.500000	0	217	0
1110059E24Rik	108.500000	0	217	0
Tubg1	108.000000	0	216	0
Tprkb	108.000000	0	216	0
Retreg3	108.000000	0	216	0
Ptgr2	108.000000	0	216	0
Nat8f1	108.000000	0	216	0
Mat2b	108.000000	0	216	0
Ep400	108.000000	0	216	0
Dcaf5	108.000000	0	216	0
Cnmd	108.000000	0	216	0
Abcc5	108.000000	0	216	0
Ncoa4	107.500000	0	215	0
Utp18	107.000000	0	214	0
Ptpn6	107.000000	0	214	0
Pim3	107.000000	73	141	0
Oard1	107.000000	0	214	0
Nfya	107.000000	0	214	0
Mfsd14a	107.000000	0	214	0
Mbtd1	107.000000	0	214	0
Grcc10	107.000000	0	214	0
Rufy2	106.500000	0	213	0
Blm	106.500000	0	213	0
Smarca2	106.000000	0	212	0
Sbno2	106.000000	0	212	0
Ndc1	106.000000	0	212	0
Kansl2	106.000000	0	212	0
Ifrd1	106.000000	0	212	0
Gbe1	106.000000	0	212	0
Esrp1	106.000000	0	212	0
Zfand5	105.500000	0	211	0
Wbp2	105.500000	0	211	0
Rreb1	105.500000	0	211	0
Rev3l	105.500000	0	211	0
Noc2l	105.500000	0	211	0
Klhl17	105.500000	0	211	0
Heatr3	105.500000	0	211	0
Vamp2	105.000000	0	210	0
Thop1	105.000000	0	210	0
Tctex1d2	105.000000	0	210	0
Suv39h1	105.000000	0	210	0
Srsf4	105.000000	0	210	0
Spdye4b	105.000000	0	210	0
Slc39a10	105.000000	0	210	0
Rbak	105.000000	0	210	0
Pcyt1b	105.000000	0	210	0
Msantd2	105.000000	0	210	0
Mfsd4a	105.000000	0	210	0
Med31	105.000000	0	210	0
Gtf2f1	105.000000	0	210	0
Erbb3	105.000000	0	210	0
Dph6	105.000000	0	210	0
Cerk	105.000000	0	210	0
Ccnd1	105.000000	0	210	0
Agbl3	105.000000	0	210	0
4930563E22Rik	105.000000	0	210	0
Wdr61	104.500000	0	209	0
Sinhcaf	104.500000	0	209	0
Sike1	104.500000	0	209	0
Mlx	104.500000	0	209	0
Klf2	104.500000	0	209	0
Glrx2	104.500000	0	209	0
Gan	104.500000	0	209	0
Fkbp3	104.500000	0	209	0
Fancm	104.500000	0	209	0
Fam53a	104.500000	0	209	0
Dcaf11	104.500000	0	209	0
Coasy	104.500000	0	209	0
Ankrd11	104.500000	0	209	0
Wipf2	104.000000	0	208	0
Rmnd5b	104.000000	0	208	0
Mrpl30	104.000000	0	208	0
Mitd1	104.000000	0	208	0
Loxl3	104.000000	0	208	0
Dok1	104.000000	0	208	0
Vti1b	103.500000	0	207	0
Usp37	103.500000	0	207	0
Siah1b	103.500000	0	207	0
Sgpl1	103.500000	0	207	0
Sec22b	103.500000	0	207	0
Pdhb	103.500000	0	207	0
Mrpl27	103.500000	0	207	0
Lman2	103.500000	0	207	0
Eme1	103.500000	0	207	0
Cnot9	103.500000	0	207	0
Chst10	103.500000	0	207	0
Btg1	103.500000	0	207	0
Acap1	103.500000	0	207	0
Xpo1	103.000000	0	206	0
Tpr	103.000000	0	206	0
Stk25	103.000000	0	206	0
Rubcn	103.000000	0	206	0
Retreg1	103.000000	0	206	0
Pitpnm1	103.000000	0	206	0
Nop2	103.000000	0	206	0
Ifnar1	103.000000	0	206	0
Gtf3a	103.000000	0	206	0
Fyttd1	103.000000	0	206	0
Entpd7	103.000000	0	206	0
Cdk2ap2	103.000000	0	206	0
Spata25	102.500000	0	205	0
Lpin2	102.500000	0	205	0
Dusp6	102.500000	0	205	0
Ube3a	102.000000	0	204	0
Klc3	102.000000	0	204	0
Hand1	102.000000	0	204	0
Tbc1d20	101.500000	0	203	0
Polr3g	101.500000	0	203	0
Mrpl2	101.500000	0	203	0
Mblac2	101.500000	0	203	0
Klc4	101.500000	0	203	0
Ep300	101.500000	0	203	0
Cul7	101.500000	0	203	0
Cisd3	101.500000	0	203	0
Tfap4	101.000000	0	202	0
Strn3	101.000000	0	202	0
Rpl23	101.000000	0	202	0
Pak2	101.000000	121	81	0
Ogfod2	101.000000	0	202	0
Hmg20b	101.000000	0	202	0
Fubp1	101.000000	0	202	0
Dnajb4	101.000000	0	202	0
Cdc34	101.000000	0	202	0
Asns	101.000000	0	202	0
Arl6ip4	101.000000	0	202	0
Ap4s1	101.000000	0	202	0
Zfp623	100.500000	0	201	0
Tmem126a	100.500000	0	201	0
Tbkbp1	100.500000	0	201	0
Pdik1l	100.500000	0	201	0
Pdcd6ip	100.500000	0	201	0
Kif19a	100.500000	0	201	0
Fam241a	100.500000	0	201	0
Dkc1	100.500000	0	201	0
Colgalt1	100.500000	0	201	0
Chordc1	100.500000	0	201	0
Atl2	100.500000	0	201	0
Zfp367	100.000000	0	200	0
Pdhx	100.000000	127	73	0
Mdm2	100.000000	0	200	0
Il10rb	100.000000	0	200	0
Apip	100.000000	127	73	0
2310057M21Rik	100.000000	0	200	0
Sub1	99.500000	0	199	0
Polr2m	99.500000	0	199	0
C2cd5	99.500000	0	199	0
Atp1b1	99.500000	0	199	0
Zfp90	99.000000	0	198	0
Zfp566	99.000000	0	198	0
Zfp260	99.000000	0	198	0
Zdhhc13	99.000000	0	198	0
Wdr31	99.000000	0	198	0
Ube2z	99.000000	0	198	0
Tmem201	99.000000	0	198	0
Tm9sf2	99.000000	0	198	0
Sik1	99.000000	0	198	0
Rpl22l1	99.000000	0	198	0
Ogdhl	99.000000	0	198	0
Narf	99.000000	0	198	0
Mgmt	99.000000	0	198	0
Mapre2	99.000000	0	198	0
Lipe	99.000000	0	198	0
Igsf5	99.000000	0	198	0
Hyal2	99.000000	0	198	0
Hlf	99.000000	0	198	0
Gm10710	99.000000	0	198	0
Ecpas	99.000000	0	198	0
Dchs2	99.000000	0	198	0
Cox20	99.000000	0	198	0
Cfap410	99.000000	0	198	0
Brd7	99.000000	0	198	0
Abca5	99.000000	0	198	0
Zscan18	98.500000	0	197	0
Zfp746	98.500000	0	197	0
Urod	98.500000	0	197	0
Ssbp3	98.500000	0	197	0
Spsb3	98.500000	0	197	0
Spryd7	98.500000	0	197	0
Rcbtb2	98.500000	0	197	0
Nubp2	98.500000	0	197	0
Hectd3	98.500000	0	197	0
Dnajc12	98.500000	0	197	0
Wdsub1	98.000000	0	196	0
Wdr1	98.000000	0	196	0
Unk	98.000000	0	196	0
Tmem97	98.000000	0	196	0
Tmem64	98.000000	0	196	0
Phc2	98.000000	0	196	0
Pcid2	98.000000	0	196	0
Pacs1	98.000000	0	196	0
Nek2	98.000000	0	196	0
Napepld	98.000000	0	196	0
Lta	98.000000	0	196	0
Cul4a	98.000000	0	196	0
Tmem143	97.500000	0	195	0
Syngr4	97.500000	0	195	0
Pan3	97.500000	0	195	0
Cct5	97.500000	0	195	0
Atpsckmt	97.500000	0	195	0
Zfp729a	97.000000	0	194	0
Tpt1	97.000000	0	194	0
Tpst2	97.000000	0	194	0
Socs5	97.000000	0	194	0
Mettl23	97.000000	0	194	0
Keap1	97.000000	0	194	0
Gm2237	97.000000	0	194	0
Tmem8b	96.500000	0	193	0
Ppp1r12b	96.500000	0	193	0
Pdcd2	96.500000	0	193	0
Nfyc	96.500000	0	193	0
Msi2	96.500000	0	193	0
Hdac10	96.500000	0	193	0
Filip1l	96.500000	0	193	0
Fam221b	96.500000	0	193	0
Art2b	96.500000	0	193	0
Tfdp2	96.000000	0	192	0
Syt14	96.000000	0	192	0
Spin1	96.000000	0	192	0
Sod1	96.000000	0	192	0
Ptbp3	96.000000	0	192	0
Psma5	96.000000	0	192	0
Ppp2r5a	96.000000	0	192	0
Lsg1	96.000000	0	192	0
Itpa	96.000000	0	192	0
Ddrgk1	96.000000	0	192	0
Arhgef2	96.000000	0	192	0
Spata2	95.500000	0	191	0
Spast	95.500000	0	191	0
Safb2	95.500000	76	115	0
Safb	95.500000	76	115	0
Rnf114	95.500000	0	191	0
Rgs16	95.500000	0	191	0
Rab6a	95.500000	0	191	0
Pitpnm2	95.500000	0	191	0
H4c6	95.500000	0	191	0
H1f3	95.500000	0	191	0
Gpkow	95.500000	0	191	0
Gm527	95.500000	0	191	0
Galnt1	95.500000	0	191	0
Fadd	95.500000	0	191	0
Aebp2	95.500000	0	191	0
Tyw1	95.000000	0	190	0
Tnfrsf12a	95.000000	0	190	0
Thoc6	95.000000	0	190	0
Sbds	95.000000	0	190	0
Rnf130	95.000000	0	190	0
Prpf4b	95.000000	0	190	0
Ly6g6f	95.000000	0	190	0
Hcfc1r1	95.000000	0	190	0
Dot1l	95.000000	0	190	0
Dohh	95.000000	0	190	0
Abhd16a	95.000000	0	190	0
Nr3c1	94.500000	0	189	0
H4c2	94.500000	0	189	0
H4c1	94.500000	0	189	0
H3f3a	94.500000	0	189	0
H3c2	94.500000	0	189	0
Fam78a	94.500000	0	189	0
Arl6	94.500000	0	189	0
Zfand2b	94.000000	0	188	0
Tarbp1	94.000000	0	188	0
Tacc1	94.000000	0	188	0
Sp3	94.000000	0	188	0
Gjc1	94.000000	0	188	0
Dtwd2	94.000000	0	188	0
Ccdc166	94.000000	0	188	0
Zbtb7b	93.500000	0	187	0
Tmem222	93.500000	0	187	0
Snx13	93.500000	0	187	0
Riox2	93.500000	0	187	0
Mknk2	93.500000	0	187	0
Mcur1	93.500000	0	187	0
Mcoln2	93.500000	0	187	0
Zfp938	93.000000	0	186	0
Zfp444	93.000000	0	186	0
Yju2	93.000000	0	186	0
Uhrf1bp1	93.000000	0	186	0
Ube2t	93.000000	0	186	0
Trip13	93.000000	0	186	0
Tmem33	93.000000	0	186	0
Tkfc	93.000000	0	186	0
Samsn1	93.000000	0	186	0
Ppm1h	93.000000	0	186	0
Pofut2	93.000000	0	186	0
Pnpla6	93.000000	0	186	0
Plcxd1	93.000000	0	186	0
Phf6	93.000000	0	186	0
Nol11	93.000000	0	186	0
Myo5a	93.000000	0	186	0
Mterf4	93.000000	0	186	0
Mtch1	93.000000	0	186	0
Mettl27	93.000000	0	186	0
Man1a2	93.000000	0	186	0
Ipo8	93.000000	0	186	0
Gtf2ird1	93.000000	0	186	0
Gm3696	93.000000	0	186	0
Frmd4b	93.000000	0	186	0
Eml5	93.000000	0	186	0
Ddb1	93.000000	0	186	0
Csrnp1	93.000000	0	186	0
Calhm6	93.000000	0	186	0
Brd9	93.000000	0	186	0
Bcat2	93.000000	0	186	0
Atp1a3	93.000000	0	186	0
Arl2	93.000000	0	186	0
Zfp142	92.500000	0	185	0
Rbm12b2	92.500000	0	185	0
Pvr	92.500000	0	185	0
Notch1	92.500000	0	185	0
Ncf2	92.500000	0	185	0
Dpy19l1	92.500000	0	185	0
Dctd	92.500000	0	185	0
Bcs1l	92.500000	0	185	0
Adss	92.500000	0	185	0
Ythdc2	92.000000	0	184	0
Taok3	92.000000	0	184	0
Suds3	92.000000	0	184	0
Smg9	92.000000	0	184	0
Slc12a6	92.000000	0	184	0
Prmt7	92.000000	0	184	0
Nutm1	92.000000	0	184	0
Nop10	92.000000	0	184	0
Nkx2-3	92.000000	0	184	0
Necap1	92.000000	0	184	0
Map4k2	92.000000	0	184	0
Macroh2a1	92.000000	0	184	0
Lypla1	92.000000	0	184	0
Gskip	92.000000	0	184	0
Dip2c	92.000000	0	184	0
Cep68	92.000000	0	184	0
Atg2b	92.000000	0	184	0
Zmym5	91.500000	0	183	0
Rab3ip	91.500000	0	183	0
Osgep	91.500000	0	183	0
Nomo1	91.500000	0	183	0
Frmd5	91.500000	0	183	0
Apex1	91.500000	0	183	0
Anapc5	91.500000	0	183	0
Ablim1	91.500000	0	183	0
Abcc6	91.500000	0	183	0
Zfpm1	91.000000	0	182	0
Zbtb43	91.000000	0	182	0
Nktr	91.000000	0	182	0
Etfa	91.000000	0	182	0
Chd1	91.000000	0	182	0
Arf1	91.000000	0	182	0
Abhd10	91.000000	0	182	0
Zbtb9	90.500000	0	181	0
Tpd52	90.500000	0	181	0
Sec24d	90.500000	0	181	0
Scoc	90.500000	0	181	0
Prdx6	90.500000	0	181	0
Gng3	90.500000	0	181	0
Dipk1a	90.500000	0	181	0
Ctdsp1	90.500000	0	181	0
Cpeb4	90.500000	0	181	0
Bscl2	90.500000	0	181	0
Apc	90.500000	0	181	0
Zfp251	90.000000	0	180	0
Slc35c2	90.000000	0	180	0
Sgf29	90.000000	0	180	0
Pik3cd	90.000000	0	180	0
Mfsd4b4	90.000000	0	180	0
Kctd20	90.000000	0	180	0
Id3	90.000000	0	180	0
Slc38a7	89.500000	0	179	0
Rad51ap1	89.500000	0	179	0
Ppp2cb	89.500000	0	179	0
Msh3	89.500000	0	179	0
Limk1	89.500000	0	179	0
Dnaaf2	89.500000	0	179	0
Dmxl2	89.500000	0	179	0
Dhfr	89.500000	0	179	0
D6Wsu163e	89.500000	0	179	0
Slc38a1	89.000000	0	178	0
Slc2a3	89.000000	0	178	0
Rbm15	89.000000	0	178	0
Phf20	89.000000	0	178	0
Lipt1	89.000000	0	178	0
Kcna3	89.000000	0	178	0
Hmx2	89.000000	0	178	0
Gadd45b	89.000000	0	178	0
Ebf3	89.000000	0	178	0
Dvl1	89.000000	0	178	0
Bub3	89.000000	0	178	0
Arhgap30	89.000000	0	178	0
Vmn2r102	88.500000	0	177	0
Trim45	88.500000	0	177	0
Qrich1	88.500000	0	177	0
Prkab2	88.500000	0	177	0
Pacsin2	88.500000	0	177	0
Nanos1	88.500000	0	177	0
Dnaja1	88.500000	0	177	0
Dennd4b	88.500000	0	177	0
Cep135	88.500000	0	177	0
Carm1	88.500000	0	177	0
Bbc3	88.500000	0	177	0
Pip4k2b	88.000000	0	176	0
Pdf	88.000000	0	176	0
Btg3	88.000000	0	176	0
Atp7b	88.000000	0	176	0
Alg11	88.000000	0	176	0
Uqcrq	87.500000	0	175	0
Tpgs2	87.500000	0	175	0
Tmed5	87.500000	0	175	0
Ppp1r10	87.500000	0	175	0
Pitrm1	87.500000	0	175	0
Mrps18b	87.500000	0	175	0
Mcoln3	87.500000	0	175	0
Gdf9	87.500000	0	175	0
Dipk2a	87.500000	0	175	0
Ccdc18	87.500000	0	175	0
Bub1b	87.500000	0	175	0
AW554918	87.500000	0	175	0
Zkscan6	87.000000	0	174	0
Zfp148	87.000000	0	174	0
Wdr45b	87.000000	0	174	0
Txndc11	87.000000	0	174	0
Txn1	87.000000	0	174	0
Tpp2	87.000000	0	174	0
Timm10b	87.000000	0	174	0
Syngr1	87.000000	0	174	0
Srrd	87.000000	0	174	0
Spred1	87.000000	0	174	0
Spg11	87.000000	0	174	0
Sorl1	87.000000	0	174	0
Slc25a26	87.000000	0	174	0
Slc25a1	87.000000	0	174	0
Sirt4	87.000000	0	174	0
Rwdd1	87.000000	0	174	0
Rplp2	87.000000	0	174	0
Pole3	87.000000	0	174	0
Pnrc1	87.000000	0	174	0
Pla2g6	87.000000	0	174	0
Pidd1	87.000000	0	174	0
Phip	87.000000	0	174	0
Parp9	87.000000	0	174	0
Oxt	87.000000	0	174	0
Ostf1	87.000000	0	174	0
Nmrk1	87.000000	0	174	0
Neurl4	87.000000	0	174	0
Mthfd2l	87.000000	0	174	0
Mdn1	87.000000	0	174	0
Lyn	87.000000	0	174	0
Ly6c2	87.000000	0	174	0
Klf9	87.000000	0	174	0
Jmjd1c	87.000000	0	174	0
Iqcc	87.000000	0	174	0
Hps4	87.000000	0	174	0
Gna12	87.000000	0	174	0
Eif1ax	87.000000	0	174	0
Dtx3l	87.000000	0	174	0
Dlx2	87.000000	0	174	0
Dbi	87.000000	0	174	0
Ccdc28b	87.000000	0	174	0
Avp	87.000000	0	174	0
Arhgap29	87.000000	0	174	0
Arfip2	87.000000	0	174	0
Aga	87.000000	0	174	0
4933430I17Rik	87.000000	0	174	0
3110009E18Rik	87.000000	0	174	0
2810408A11Rik	87.000000	0	174	0
Wnt1	86.500000	0	173	0
Tmem268	86.500000	0	173	0
Isy1	86.500000	0	173	0
Hnrnpl	86.500000	0	173	0
Hes7	86.500000	0	173	0
Ecsit	86.500000	0	173	0
Ctsb	86.500000	0	173	0
Cpt1b	86.500000	0	173	0
Chkb	86.500000	0	173	0
Atad3a	86.500000	0	173	0
Strn	86.000000	0	172	0
Nin	86.000000	0	172	0
Hyls1	86.000000	0	172	0
Fra10ac1	86.000000	0	172	0
Dnmt3a	86.000000	0	172	0
Ankrd10	86.000000	0	172	0
Tbc1d12	85.500000	0	171	0
Spout1	85.500000	0	171	0
Pyroxd1	85.500000	0	171	0
Ltb	85.500000	0	171	0
Gtf3c4	85.500000	0	171	0
Gabbr1	85.500000	0	171	0
Ddx31	85.500000	0	171	0
Pdp1	85.000000	0	170	0
Pcgf3	85.000000	0	170	0
H4c17	85.000000	0	170	0
H4bc24	85.000000	0	170	0
H2bc23	85.000000	0	170	0
H2ac24	85.000000	0	170	0
H2ac23	85.000000	0	170	0
Abcf1	85.000000	0	170	0
Wdr12	84.500000	0	169	0
U2af1	84.500000	0	169	0
Stat5b	84.500000	0	169	0
Rnf14	84.500000	0	169	0
Rell2	84.500000	0	169	0
Pcmtd1	84.500000	0	169	0
Kcnn1	84.500000	0	169	0
Hdac3	84.500000	0	169	0
Gramd1b	84.500000	0	169	0
Elovl4	84.500000	0	169	0
Edem1	84.500000	0	169	0
Dgke	84.500000	0	169	0
Carf	84.500000	0	169	0
Ube2q2	84.000000	0	168	0
Smad2	84.000000	0	168	0
Sh3gl1	84.000000	0	168	0
Saysd1	84.000000	0	168	0
Pradc1	84.000000	0	168	0
Gemin4	84.000000	0	168	0
Fut11	84.000000	0	168	0
Dbil5	84.000000	0	168	0
Chaf1a	84.000000	0	168	0
Cct7	84.000000	0	168	0
Tkt	83.500000	0	167	0
Spsb1	83.500000	0	167	0
Mycl	83.500000	0	167	0
Kdm2b	83.500000	0	167	0
Ect2	83.500000	0	167	0
Swap70	83.000000	0	166	0
Hmgb2	83.000000	0	166	0
Atg16l2	83.000000	0	166	0
Atf6	83.000000	0	166	0
Atf4	83.000000	0	166	0
Trmo	82.500000	0	165	0
Tollip	82.500000	0	165	0
Tagln2	82.500000	0	165	0
Sdf4	82.500000	0	165	0
Primpol	82.500000	0	165	0
Nr4a3	82.500000	0	165	0
H4c3	82.500000	0	165	0
H1f6	82.500000	0	165	0
Gtf2e2	82.500000	0	165	0
Casp3	82.500000	0	165	0
Card6	82.500000	0	165	0
B3galt6	82.500000	0	165	0
Ascc3	82.500000	0	165	0
Hspa14	82.000000	0	164	0
Gpbp1	82.000000	0	164	0
Eif4ebp1	82.000000	0	164	0
Cdnf	82.000000	0	164	0
Tstd2	81.500000	0	163	0
Sema4b	81.500000	0	163	0
Rnf24	81.500000	0	163	0
Ncor2	81.500000	0	163	0
Ncbp1	81.500000	0	163	0
Nap1l1	81.500000	0	163	0
Mideas	81.500000	0	163	0
Mef2c	81.500000	0	163	0
Erf	81.500000	0	163	0
Zbtb7c	81.000000	0	162	0
Szrd1	81.000000	0	162	0
Sptb	81.000000	0	162	0
Rock2	81.000000	0	162	0
Rnf38	81.000000	0	162	0
Ptprn2	81.000000	0	162	0
Polr3h	81.000000	0	162	0
Pgghg	81.000000	0	162	0
Pdrg1	81.000000	0	162	0
Nsun4	81.000000	0	162	0
Nim1k	81.000000	0	162	0
Msmo1	81.000000	0	162	0
Mif4gd	81.000000	0	162	0
Memo1	81.000000	0	162	0
Mecr	81.000000	0	162	0
Ly9	81.000000	0	162	0
Kremen1	81.000000	0	162	0
Ifnlr1	81.000000	0	162	0
Heatr5a	81.000000	0	162	0
Gch1	81.000000	0	162	0
Gas8	81.000000	0	162	0
Dusp12	81.000000	0	162	0
Ddit4l	81.000000	0	162	0
Dbndd1	81.000000	0	162	0
Csrp1	81.000000	0	162	0
Clptm1l	81.000000	0	162	0
Cipc	81.000000	0	162	0
Ccdc50	81.000000	0	162	0
Baz1b	81.000000	0	162	0
Ankrd42	81.000000	0	162	0
Adpgk	81.000000	0	162	0
Acsl4	81.000000	0	162	0
Abcd3	81.000000	0	162	0
Zfp593	80.500000	0	161	0
Tmem199	80.500000	0	161	0
Timm13	80.500000	0	161	0
Poldip2	80.500000	0	161	0
Irak3	80.500000	0	161	0
Il1rap	80.500000	0	161	0
Hspa1l	80.500000	0	161	0
Hspa1a	80.500000	0	161	0
Gm30191	80.500000	0	161	0
Zdhhc8	80.000000	0	160	0
Nyx	80.000000	0	160	0
Gapvd1	80.000000	0	160	0
E2f5	80.000000	0	160	0
Sipa1l1	79.500000	0	159	0
Rps12	79.500000	0	159	0
Prxl2c	79.500000	0	159	0
Ppp1r12c	79.500000	0	159	0
Med26	79.500000	0	159	0
Lpar2	79.500000	0	159	0
Dnajb9	79.500000	0	159	0
Ctcf	79.500000	0	159	0
Crem	79.500000	0	159	0
Amz2	79.500000	0	159	0
Vcpip1	79.000000	0	158	0
Trmt11	79.000000	0	158	0
Rnasel	79.000000	0	158	0
Ppp1r21	79.000000	0	158	0
Ppan	79.000000	0	158	0
Plekhm1	79.000000	0	158	0
Pknox1	79.000000	0	158	0
H4c18	79.000000	0	158	0
Fkbp1a	79.000000	0	158	0
Stag1	78.500000	0	157	0
Lmo4	78.500000	0	157	0
Dusp4	78.500000	0	157	0
Arrdc3	78.500000	0	157	0
Slc25a39	78.000000	0	156	0
Rabepk	78.000000	0	156	0
Ppp1cb	78.000000	0	156	0
Hlcs	78.000000	0	156	0
Gne	78.000000	0	156	0
Eif4ebp2	78.000000	0	156	0
Ptch1	77.500000	0	155	0
H4c8	77.500000	0	155	0
H3c8	77.500000	0	155	0
H2ac10	77.500000	0	155	0
Fam91a1	77.500000	0	155	0
Cbx7	77.500000	0	155	0
Aen	77.500000	0	155	0
Wee1	77.000000	0	154	0
Usf2	77.000000	0	154	0
Trim26	77.000000	0	154	0
Slc35e1	77.000000	0	154	0
Ola1	77.000000	0	154	0
N4bp2	77.000000	0	154	0
Heatr4	77.000000	0	154	0
Ext1	77.000000	0	154	0
Dll4	77.000000	0	154	0
Ccni	77.000000	0	154	0
Acot2	77.000000	0	154	0
2010109A12Rik	77.000000	0	154	0
Zfp281	76.500000	0	153	0
Tsr1	76.500000	0	153	0
Sgsm2	76.500000	0	153	0
Sfxn5	76.500000	0	153	0
Setx	76.500000	0	153	0
Rps5	76.500000	0	153	0
Kcnk10	76.500000	0	153	0
Got1	76.500000	0	153	0
Fam193a	76.500000	0	153	0
Dusp22	76.500000	0	153	0
Dnajc21	76.500000	0	153	0
Zmym4	76.000000	0	152	0
Tmem163	76.000000	0	152	0
Kat6a	76.000000	0	152	0
Fam78b	76.000000	0	152	0
Ap1ar	76.000000	0	152	0
Zcchc2	75.500000	0	151	0
Smurf2	75.500000	0	151	0
Scnm1	75.500000	0	151	0
Nvl	75.500000	0	151	0
Nnt	75.500000	0	151	0
Mtx3	75.500000	0	151	0
Lysmd1	75.500000	0	151	0
H2-L	75.500000	0	151	0
H2-D1	75.500000	0	151	0
Calm1	75.500000	0	151	0
Zfp319	75.000000	0	150	0
Zbtb8a	75.000000	0	150	0
Zbtb38	75.000000	0	150	0
Ythdc1	75.000000	0	150	0
Wdr5b	75.000000	0	150	0
Usf1	75.000000	0	150	0
Usb1	75.000000	0	150	0
Tmprss9	75.000000	0	150	0
Tmem200b	75.000000	0	150	0
Tcf25	75.000000	0	150	0
Tcam1	75.000000	0	150	0
Tbcb	75.000000	0	150	0
Smarcd2	75.000000	0	150	0
Serp1	75.000000	0	150	0
Sars	75.000000	0	150	0
Rab9	75.000000	0	150	0
Pxn	75.000000	0	150	0
Polr2i	75.000000	0	150	0
Pias1	75.000000	0	150	0
Ovol3	75.000000	0	150	0
Odf2l	75.000000	0	150	0
Npc2	75.000000	0	150	0
Naa35	75.000000	0	150	0
Mxd1	75.000000	0	150	0
Marcksl1	75.000000	0	150	0
Lysmd3	75.000000	0	150	0
Lonrf1	75.000000	0	150	0
Kif27	75.000000	0	150	0
Kdm3b	75.000000	0	150	0
Isca2	75.000000	0	150	0
Hacd2	75.000000	0	150	0
Gfpt1	75.000000	0	150	0
Gbp3	75.000000	0	150	0
Fbxw7	75.000000	0	150	0
Fbxo25	75.000000	0	150	0
Fam104a	75.000000	0	150	0
Eif3h	75.000000	0	150	0
Eif2a	75.000000	0	150	0
Egfl7	75.000000	0	150	0
Dbndd2	75.000000	0	150	0
D11Wsu47e	75.000000	0	150	0
Ccdc63	75.000000	0	150	0
Ccdc30	75.000000	0	150	0
Cap1	75.000000	0	150	0
Cactin	75.000000	0	150	0
Bsdc1	75.000000	0	150	0
Bard1	75.000000	0	150	0
Acat2	75.000000	0	150	0
4921524J17Rik	75.000000	0	150	0
Vapa	74.500000	0	149	0
Tma7	74.500000	0	149	0
Tamm41	74.500000	149	0	0
Slc25a35	74.500000	0	149	0
Rnf157	74.500000	0	149	0
Rangrf	74.500000	0	149	0
Lyrm4	74.500000	0	149	0
Impa2	74.500000	0	149	0
Igsf8	74.500000	0	149	0
Fars2	74.500000	0	149	0
Ccdc51	74.500000	0	149	0
Zgrf1	74.000000	148	0	0
Zfp738	74.000000	0	148	0
Thrap3	74.000000	0	148	0
Taf2	74.000000	0	148	0
Snx14	74.000000	0	148	0
Slc25a23	74.000000	0	148	0
Sftpc	74.000000	0	148	0
Sec14l1	74.000000	0	148	0
Peli1	74.000000	0	148	0
Pdxp	74.000000	0	148	0
Larp7	74.000000	148	0	0
Jarid2	74.000000	0	148	0
Gxylt1	74.000000	0	148	0
Crb3	74.000000	0	148	0
Bmp1	74.000000	0	148	0
Tmem267	73.500000	0	147	0
Tm7sf3	73.500000	0	147	0
Slc35b2	73.500000	0	147	0
Shcbp1l	73.500000	0	147	0
Secisbp2	73.500000	0	147	0
Pclaf	73.500000	147	0	0
Pabpc4	73.500000	0	147	0
Myl6b	73.500000	0	147	0
Myl6	73.500000	0	147	0
Gnas	73.500000	0	147	0
Ggt7	73.500000	0	147	0
Ezh2	73.500000	0	147	0
Acss2	73.500000	0	147	0
Sipa1	73.000000	0	146	0
Rtn4rl1	73.000000	0	146	0
Dph1	73.000000	0	146	0
Armc8	73.000000	0	146	0
Zfp446	72.500000	0	145	0
Otud1	72.500000	0	145	0
Mbd6	72.500000	0	145	0
Hivep2	72.500000	0	145	0
Ddit3	72.500000	0	145	0
Abhd18	72.500000	0	145	0
Ywhae	72.000000	0	144	0
Xpo5	72.000000	0	144	0
Rbm6	72.000000	0	144	0
Ppib	72.000000	0	144	0
Polh	72.000000	0	144	0
Lst1	72.000000	0	144	0
Ints7	72.000000	0	144	0
Fancc	72.000000	0	144	0
Dtl	72.000000	0	144	0
Htra2	71.500000	0	143	0
Hells	71.500000	0	143	0
Dqx1	71.500000	0	143	0
Cnp	71.500000	0	143	0
Cep97	71.500000	0	143	0
Rnf19a	71.000000	0	142	0
Raly	71.000000	0	142	0
Ppp6c	71.000000	0	142	0
Dennd5a	71.000000	0	142	0
Cxcr5	71.000000	0	142	0
Chd1l	71.000000	0	142	0
Twf2	70.500000	0	141	0
Ppm1m	70.500000	0	141	0
Zbtb18	70.000000	0	140	0
Rbm15b	70.000000	0	140	0
Phf13	70.000000	0	140	0
Med13l	70.000000	0	140	0
Manf	70.000000	0	140	0
Zfp12	69.500000	0	139	0
Trak1	69.500000	0	139	0
Tmem127	69.500000	0	139	0
Tle1	69.500000	0	139	0
Slc35g1	69.500000	0	139	0
Scd2	69.500000	0	139	0
Samhd1	69.500000	0	139	0
Rnf13	69.500000	0	139	0
Ralgapa2	69.500000	0	139	0
Ppp1r3f	69.500000	0	139	0
Pld4	69.500000	0	139	0
Pfkm	69.500000	0	139	0
Pebp1	69.500000	0	139	0
Nrbp2	69.500000	0	139	0
Nfkbil1	69.500000	0	139	0
Nav2	69.500000	0	139	0
Myzap	69.500000	0	139	0
Mllt10	69.500000	0	139	0
Map7	69.500000	0	139	0
Igf2bp1	69.500000	0	139	0
Hnrnpr	69.500000	0	139	0
Hhat	69.500000	0	139	0
Herc2	69.500000	0	139	0
Gm9949	69.500000	0	139	0
Ddx39b	69.500000	0	139	0
Ddx19b	69.500000	0	139	0
Ciao1	69.500000	0	139	0
Auh	69.500000	0	139	0
Atp6v1g2	69.500000	0	139	0
Atic	69.500000	0	139	0
Adrb2	69.500000	0	139	0
Aars	69.500000	0	139	0
Tmem134	69.000000	0	138	0
Slc37a1	69.000000	0	138	0
Nucks1	69.000000	0	138	0
Man1a	69.000000	0	138	0
Kifc1	69.000000	0	138	0
Idnk	69.000000	0	138	0
Aip	69.000000	0	138	0
St6galnac4	68.500000	0	137	0
Ogfod3	68.500000	0	137	0
Hexdc	68.500000	0	137	0
H1f0	68.500000	0	137	0
Gcat	68.500000	0	137	0
Tmem60	68.000000	0	136	0
Styxl1	68.000000	0	136	0
Rps3	68.000000	0	136	0
Phtf2	68.000000	0	136	0
Odf2	68.000000	0	136	0
Nek3	68.000000	0	136	0
Mdh2	68.000000	0	136	0
Fam187a	68.000000	0	136	0
Eftud2	68.000000	0	136	0
Chic2	68.000000	0	136	0
Ccdc103	68.000000	0	136	0
Agfg1	68.000000	0	136	0
5031439G07Rik	68.000000	0	136	0
Zdhhc17	67.500000	0	135	0
Usp10	67.500000	0	135	0
Mcfd2	67.500000	0	135	0
Ldha	67.500000	0	135	0
Fbxo5	67.500000	0	135	0
Dstn	67.500000	0	135	0
Coa7	67.500000	0	135	0
Actr2	67.500000	0	135	0
Zfp473	67.000000	0	134	0
Vrk3	67.000000	0	134	0
Tbc1d24	67.000000	0	134	0
Snx16	67.000000	0	134	0
Rpl7l1	67.000000	0	134	0
Psmg4	67.000000	0	134	0
Pde7b	67.000000	0	134	0
Ntn3	67.000000	0	134	0
Hoxc13	67.000000	0	134	0
Hip1r	67.000000	0	134	0
Foxk2	67.000000	0	134	0
Fcf1	67.000000	0	134	0
Cox18	67.000000	0	134	0
Arel1	67.000000	0	134	0
Tlr6	66.500000	0	133	0
Rbbp7	66.500000	0	133	0
Rasa2	66.500000	0	133	0
Gm3636	66.500000	0	133	0
Camsap2	66.500000	0	133	0
Arhgap27	66.500000	0	133	0
Txndc16	66.000000	0	132	0
Ss18	66.000000	0	132	0
Runx3	66.000000	0	132	0
Mrtfb	66.000000	0	132	0
Kctd6	66.000000	0	132	0
Gpr137c	66.000000	0	132	0
Gdpd5	66.000000	0	132	0
Cdca7	66.000000	0	132	0
Icam5	65.500000	0	131	0
Icam4	65.500000	0	131	0
Akirin1	65.500000	0	131	0
Tpmt	65.000000	0	130	0
Tas1r1	65.000000	0	130	0
Slc35f5	65.000000	0	130	0
Ppargc1b	65.000000	0	130	0
Nol9	65.000000	0	130	0
M6pr	65.000000	0	130	0
Kdm3a	65.000000	0	130	0
Kdm1b	65.000000	0	130	0
Avl9	65.000000	0	130	0
Slc12a9	64.500000	0	129	0
Kxd1	64.500000	0	129	0
Fkbp8	64.500000	0	129	0
8030462N17Rik	64.500000	0	129	0
Zfp472	64.000000	0	128	0
Spry4	64.000000	0	128	0
Sp5	64.000000	0	128	0
Smarca5	64.000000	0	128	0
Sfxn3	64.000000	0	128	0
Sec22a	64.000000	0	128	0
Pop7	64.000000	0	128	0
Pip4p2	64.000000	0	128	0
Pdzd7	64.000000	0	128	0
Otulinl	64.000000	0	128	0
Nr2c2ap	64.000000	0	128	0
Mapk7	64.000000	0	128	0
Mapk1	64.000000	0	128	0
Map4k5	64.000000	0	128	0
Lgals1	64.000000	0	128	0
Kcnab2	64.000000	0	128	0
Isca1	64.000000	0	128	0
Hspb7	64.000000	0	128	0
Hmgcr	64.000000	0	128	0
Gtf2f2	64.000000	0	128	0
Grb2	64.000000	0	128	0
F8a	64.000000	0	128	0
Elovl6	64.000000	0	128	0
Dgat1	64.000000	0	128	0
Dctn6	64.000000	0	128	0
Cplane1	64.000000	0	128	0
Clcnkb	64.000000	0	128	0
Bcap29	64.000000	0	128	0
Atl1	64.000000	0	128	0
Adi1	64.000000	0	128	0
Acot6	64.000000	0	128	0
3425401B19Rik	64.000000	0	128	0
Ubtf	63.500000	0	127	0
Slc25a32	63.500000	0	127	0
Gsk3b	63.500000	0	127	0
Gclm	63.500000	0	127	0
Dcaf13	63.500000	0	127	0
Cep43	63.500000	0	127	0
Zfp949	63.000000	0	126	0
Sos2	63.000000	0	126	0
Slc35b4	63.000000	0	126	0
Slc16a10	63.000000	0	126	0
Shprh	63.000000	0	126	0
Pcbd2	63.000000	0	126	0
Pbld2	63.000000	0	126	0
Micu3	63.000000	0	126	0
Hook2	63.000000	0	126	0
Hnrnph3	63.000000	0	126	0
Glt28d2	63.000000	0	126	0
Dyrk2	63.000000	0	126	0
Chd2	63.000000	0	126	0
Ccar1	63.000000	0	126	0
C330018D20Rik	63.000000	0	126	0
Zfp580	62.500000	0	125	0
Txndc12	62.500000	0	125	0
Sart3	62.500000	0	125	0
Iscu	62.500000	0	125	0
Btf3l4	62.500000	0	125	0
Zfp513	62.000000	0	124	0
Zfp217	62.000000	0	124	0
Napsa	62.000000	0	124	0
Mtdh	62.000000	0	124	0
Cherp	62.000000	0	124	0
Atxn7l3	62.000000	0	124	0
Vps13c	61.500000	0	123	0
Tsc22d4	61.500000	0	123	0
Tnik	61.500000	0	123	0
Timmdc1	61.500000	0	123	0
Ppip5k2	61.500000	0	123	0
Nyap1	61.500000	0	123	0
Gin1	61.500000	0	123	0
Fnip1	61.500000	0	123	0
Bcl7b	61.500000	0	123	0
Wars2	61.000000	0	122	0
Kctd12	61.000000	0	122	0
Hnrnpa1	61.000000	0	122	0
Egr3	61.000000	0	122	0
Cbx5	61.000000	0	122	0
Ssbp2	60.500000	0	121	0
Slc10a7	60.500000	0	121	0
Rbmxl1	60.500000	0	121	0
Mt1	60.500000	0	121	0
Utp4	60.000000	0	120	0
R3hcc1	60.000000	0	120	0
Orai1	60.000000	0	120	0
Fbxo48	60.000000	0	120	0
Derpc	60.000000	0	120	0
Chtf8	60.000000	0	120	0
Sod2	59.500000	0	119	0
Dag1	59.500000	0	119	0
Ppm1e	59.000000	0	118	0
Per3	59.000000	0	118	0
Nol8	59.000000	0	118	0
Fsip1	59.000000	0	118	0
Cenpp	59.000000	0	118	0
Ubac2	58.500000	0	117	0
Tmem165	58.500000	0	117	0
Tlk2	58.500000	0	117	0
Rock1	58.500000	0	117	0
Pdgfb	58.500000	0	117	0
P2rx4	58.500000	0	117	0
Ndufv2	58.500000	0	117	0
Naaa	58.500000	0	117	0
Mlh3	58.500000	0	117	0
Lbh	58.500000	0	117	0
Espl1	58.500000	0	117	0
Dguok	58.500000	0	117	0
Ctsc	58.500000	0	117	0
Cdk8	58.500000	0	117	0
Camk2a	58.500000	0	117	0
Btg2	58.500000	0	117	0
Birc2	58.500000	0	117	0
Armcx3	58.500000	0	117	0
Arhgap9	58.500000	0	117	0
Arhgap20	58.500000	0	117	0
Rgl1	58.000000	0	116	0
Arpc5	58.000000	0	116	0
Anapc11	58.000000	0	116	0
Alyref	58.000000	0	116	0
Sspn	57.500000	0	115	0
Slc35f2	57.500000	0	115	0
Rybp	57.500000	0	115	0
Dus3l	57.500000	0	115	0
Usp14	57.000000	0	114	0
Tecpr2	57.000000	0	114	0
Pkm	57.000000	0	114	0
Ipp	57.000000	0	114	0
Hcn3	57.000000	0	114	0
Hacd3	57.000000	0	114	0
Gm45927	57.000000	0	114	0
Clk2	57.000000	0	114	0
Cinp	57.000000	0	114	0
Ccnb1	57.000000	0	114	0
Zcwpw2	56.500000	0	113	0
Wdr5	56.500000	0	113	0
Nip7	56.500000	0	113	0
Cog8	56.500000	0	113	0
Azi2	56.500000	0	113	0
Sp4	56.000000	0	112	0
Akr1b3	56.000000	0	112	0
Zfp2	55.500000	0	111	0
Shmt2	55.500000	0	111	0
Rhebl1	55.500000	0	111	0
Nfatc1	55.500000	0	111	0
Armc5	55.500000	0	111	0
9130023H24Rik	55.500000	0	111	0
Zfp653	55.000000	0	110	0
Sun2	55.000000	0	110	0
Fzd5	55.000000	0	110	0
Zbtb3	54.500000	0	109	0
Polr2g	54.500000	0	109	0
Mtmr4	54.500000	0	109	0
Gng7	54.500000	0	109	0
Hpf1	54.000000	0	108	0
Bclaf1	54.000000	0	108	0
Arid1b	54.000000	0	108	0
Tnfrsf13b	53.500000	0	107	0
Nr1d1	53.500000	0	107	0
Zswim8	53.000000	0	106	0
Zswim5	53.000000	0	106	0
Uba6	53.000000	0	106	0
Tnks2	53.000000	0	106	0
Slc20a1	53.000000	0	106	0
Rps10	53.000000	0	106	0
Rbm43	53.000000	0	106	0
Polr2j	53.000000	0	106	0
Mthfd1	53.000000	0	106	0
Maz	53.000000	0	106	0
Kifc3	53.000000	0	106	0
Herpud2	53.000000	0	106	0
Gorasp2	53.000000	0	106	0
Doc2a	53.000000	0	106	0
Dnajb5	53.000000	0	106	0
Crcp	53.000000	0	106	0
Chchd1	53.000000	0	106	0
Asl	53.000000	0	106	0
Mgll	52.500000	0	105	0
Hk1	52.500000	0	105	0
Tut1	51.500000	0	103	0
Sptbn1	51.500000	0	103	0
Rab14	51.500000	0	103	0
Dgkz	51.500000	0	103	0
Etnk1	51.000000	0	102	0
LOC114841036	50.500000	0	101	0
Klf3	50.500000	0	101	0
Hmgn1	50.500000	0	101	0
Fkbp2	50.500000	0	101	0
Btrc	50.500000	0	101	0
Xrcc6	50.000000	0	100	0
Tmtc4	50.000000	0	100	0
Snx1	50.000000	0	100	0
Nudt4	50.000000	100	0	0
Lrig2	50.000000	0	100	0
Desi1	50.000000	0	100	0
Ciao2a	50.000000	0	100	0
Gapdh	49.500000	99	0	0
Srrm2	49.000000	0	98	0
Tank	48.500000	0	97	0
Wipi2	47.500000	0	95	0
Tmem198b	47.500000	0	95	0
Ppif	47.500000	0	95	0
Mtg2	47.500000	0	95	0
Haus1	47.500000	0	95	0
Epg5	47.500000	0	95	0
Dnajc14	47.500000	0	95	0
Crk	47.500000	0	95	0
Cenpv	47.500000	0	95	0
S100a3	47.000000	0	94	0
S100a2	47.000000	0	94	0
Kansl1l	47.000000	0	94	0
Gatad1	47.000000	0	94	0
Marcks	46.500000	0	93	0
Dnm2	46.500000	0	93	0
B3gat3	46.500000	0	93	0
Lpcat1	46.000000	0	92	0
Gde1	46.000000	0	92	0
Cntrl	45.500000	0	91	0
Ube2d3	45.000000	0	90	0
Scml4	45.000000	0	90	0
Ramac	45.000000	0	90	0
Ltbp4	45.000000	0	90	0
Cbll1	45.000000	0	90	0
Sil1	44.500000	0	89	0
Rif1	44.500000	0	89	0
Rfx7	44.000000	0	88	0
Dpysl2	44.000000	0	88	0
Rheb	43.500000	0	87	0
Zgpat	42.500000	0	85	0
Tmem63b	42.500000	0	85	0
Pde7a	42.500000	0	85	0
Mrpl14	42.500000	0	85	0
Bcl9	42.500000	0	85	0
Arfrp1	42.500000	0	85	0
Ammecr1l	42.500000	0	85	0
Nr2c2	42.000000	0	84	0
Zxdc	41.000000	0	82	0
Pla2g15	41.000000	0	82	0
Mtrex	40.500000	0	81	0
Dhx29	40.500000	0	81	0
Derl3	39.500000	0	79	0
Fbrs	39.000000	0	78	0
Skil	36.500000	0	73	0
Zfp787	34.500000	0	69	0
Trmt112	34.000000	0	68	0
Prdx5	34.000000	0	68	0
Tspan3	32.500000	0	65	0
Twist1	0.000000	0	0	453
Vegfa	0.000000	0	0	177
