Target_genes	Dlx3|Average	SRX15842786|Epidermis	SRX2350671|Keratinocytes	STRING
Brox	1717.500000	2329	1106	0
Aida	1717.500000	2329	1106	0
Tcstv3	1345.000000	1940	750	0
Cldn34d	846.000000	1383	309	0
Kpna1	780.500000	829	732	0
Il31ra	653.500000	668	639	0
Amelx	562.000000	0	1124	0
Sspn	461.500000	337	586	0
Tmem229b	422.000000	612	232	0
Piwil1	417.000000	542	292	0
Asmt	415.500000	693	138	0
Tmem125	355.500000	455	256	0
Vmn1r2	351.500000	309	394	0
Gm3448	341.500000	98	585	0
Gm3417	341.500000	98	585	0
Rps29	335.500000	0	671	0
Mppe1	325.000000	262	388	0
Pnrc1	318.500000	304	333	0
Dchs2	310.500000	307	314	0
9030025P20Rik	307.500000	98	517	0
Nemf	307.000000	0	614	0
Gpx1	303.000000	305	301	0
Sdr16c6	300.500000	469	132	0
Tcte3	292.500000	0	585	0
Sppl3	292.500000	483	102	0
Gm3435	292.500000	0	585	0
Ermard	292.000000	0	584	0
Tsc22d1	288.500000	296	281	0
Nras	287.000000	261	313	0
Klf3	272.000000	318	226	0
Dyrk1b	265.000000	385	145	0
Oasl1	264.000000	528	0	0
Clk4	263.500000	291	236	0
BC049762	263.500000	291	236	0
Wipi2	258.500000	0	517	0
Rfx5	254.000000	396	112	0
Hspb1	250.000000	500	0	0
Marchf9	244.000000	104	384	0
Cdk4	244.000000	104	384	0
Fry	243.500000	156	331	0
Fam162a	243.000000	486	0	0
Ccdc58	243.000000	486	0	0
Thap12	242.500000	0	485	0
Malt1	242.500000	0	485	0
Ubb	241.000000	384	98	0
Cyth1	240.000000	0	480	0
Nup50	238.500000	0	477	0
Etv3	237.000000	302	172	0
Gchfr	236.000000	295	177	0
Pnrc2	232.500000	300	165	0
Efcab6	232.500000	465	0	0
Rnf149	223.000000	0	446	0
Pnpla1	222.500000	445	0	0
Spen	221.500000	0	443	0
Birc5	220.500000	0	441	0
Agps	220.500000	0	441	0
Ddit4	220.000000	254	186	0
Derl1	219.000000	438	0	0
Tmem95	216.500000	118	315	0
Kctd11	216.500000	118	315	0
Gm2a	215.000000	324	106	0
Chd2	207.000000	134	280	0
Clpx	206.500000	0	413	0
Xpo5	206.000000	0	412	0
Polh	206.000000	0	412	0
Kifap3	202.500000	0	405	0
Rcl1	196.500000	120	273	0
Runx1	195.000000	390	0	0
Metrnl	194.500000	232	157	0
Rasgef1b	193.500000	177	210	0
Dpf2	192.500000	0	385	0
Vmn1r238	192.000000	167	217	0
Nfil3	192.000000	255	129	0
Grb2	192.000000	0	384	0
Rcc2	191.500000	254	129	0
Bscl2	191.500000	233	150	0
Tas2r135	191.000000	382	0	0
Pdcd4	190.500000	88	293	0
Zc3hav1	190.000000	216	164	0
Krt8	189.500000	111	268	0
Adss	188.000000	0	376	0
Jund	187.500000	202	173	0
Iqcn	187.500000	202	173	0
Fam177a2	187.000000	0	374	0
Fam177a	187.000000	0	374	0
Ttc9c	186.500000	235	138	0
Rasip1	186.500000	0	373	0
Izumo1	186.500000	0	373	0
Hnrnpul2	186.500000	235	138	0
Arhgap30	185.000000	169	201	0
Tcf3	184.000000	150	218	0
Anxa9	184.000000	154	214	0
Rps6ka5	183.500000	119	248	0
Perp	183.000000	187	179	0
Map1s	182.000000	126	238	0
Ptk2	181.500000	0	363	0
Ehmt1	181.500000	0	363	0
Spag9	179.500000	84	275	0
Cers2	179.500000	154	205	0
Vcp	177.500000	176	179	0
Igsf23	177.500000	126	229	0
Hs6st1	175.000000	0	350	0
Sugp2	173.500000	0	347	0
Morc3	173.500000	0	347	0
Armc6	173.500000	0	347	0
Tmem139	172.500000	110	235	0
Sde2	172.500000	0	345	0
Mrps33	172.500000	102	243	0
Wdr18	171.000000	0	342	0
Lrrc36	170.000000	340	0	0
Zswim1	169.500000	0	339	0
Mknk1	169.000000	0	338	0
Fam227b	168.500000	0	337	0
Dtwd1	168.500000	0	337	0
Spty2d1	167.500000	177	158	0
Pgam1	167.500000	0	335	0
Ypel2	167.000000	152	182	0
Lipm	167.000000	134	200	0
Get1	163.500000	0	327	0
Prkdc	163.000000	0	326	0
Cc2d1a	163.000000	111	215	0
4930432K21Rik	163.000000	111	215	0
Hnrnpc	161.500000	140	183	0
Arl8b	161.000000	0	322	0
Hsf1	160.500000	0	321	0
Bop1	160.500000	0	321	0
Aadacl2fm1	160.000000	320	0	0
Tmem170b	158.000000	0	316	0
Triobp	157.000000	165	149	0
Per1	157.000000	129	185	0
Gm10710	157.000000	0	314	0
Sesn3	156.000000	129	183	0
Ndufa9	156.000000	0	312	0
Nanos2	156.000000	0	312	0
Mypop	156.000000	0	312	0
Akap3	156.000000	0	312	0
Zfp639	155.500000	0	311	0
Tmem65	155.500000	147	164	0
Plcxd2	154.000000	181	127	0
Dhcr7	154.000000	98	210	0
Ccnt2	153.500000	0	307	0
Osbpl9	153.000000	178	128	0
Slc7a11	152.500000	305	0	0
Ppp6r1	152.500000	0	305	0
Alkbh5	152.500000	93	212	0
Usp37	151.500000	0	303	0
Ovol1	151.500000	170	133	0
Oser1	151.500000	0	303	0
Cnot9	151.500000	0	303	0
Wfdc15a	151.000000	302	0	0
Wfdc12	151.000000	302	0	0
Slc26a8	151.000000	155	147	0
Mapk14	151.000000	155	147	0
Cebpa	151.000000	128	174	0
Specc1l	150.500000	0	301	0
Mis18a	150.500000	0	301	0
Cdk17	150.500000	131	170	0
Atf3	150.500000	86	215	0
Txnl4a	149.500000	0	299	0
Snrpc	149.500000	0	299	0
Sec61a1	149.500000	0	299	0
Ifna13	149.500000	163	136	0
Gm16286	149.500000	0	299	0
Skint5	149.000000	298	0	0
Ehd1	148.000000	84	212	0
Crtc1	148.000000	0	296	0
Ssbp2	147.500000	0	295	0
Slc18a1	147.000000	0	294	0
Rreb1	147.000000	294	0	0
Msl2	147.000000	0	294	0
Erlin2	147.000000	0	294	0
Atp6v1b2	147.000000	0	294	0
Ap5b1	147.000000	151	143	0
Gorasp2	146.500000	0	293	0
Fam118a	146.000000	0	292	0
Akap8	146.000000	0	292	0
Kbtbd7	145.000000	89	201	0
Abhd6	145.000000	290	0	0
Pttg1ip	144.500000	0	289	0
Mex3d	144.000000	0	288	0
Usp12	143.500000	0	287	0
P4ha1	143.500000	0	287	0
Zfp473	143.000000	0	286	0
Vrk3	143.000000	0	286	0
Hif1a	143.000000	286	0	0
Zfp750	142.500000	190	95	0
Ubc	142.500000	0	285	0
Them4	142.500000	0	285	0
Rock1	142.500000	0	285	0
Magi1	142.500000	0	285	0
Ccl20	142.500000	285	0	0
Trappc9	142.000000	0	284	0
Tmprss11e	142.000000	155	129	0
Hbp1	142.000000	0	284	0
Arrdc3	142.000000	175	109	0
Ttc23	141.500000	146	137	0
Trp53inp1	141.000000	0	282	0
Bmpr2	141.000000	163	119	0
Tob2	140.500000	146	135	0
Rabggtb	140.500000	0	281	0
Gopc	140.500000	167	114	0
Gale	140.500000	0	281	0
Tmtc3	140.000000	0	280	0
Cep290	140.000000	0	280	0
Arhgap32	140.000000	152	128	0
Il10rb	139.500000	279	0	0
Hook2	139.000000	122	156	0
Ppp1cb	138.500000	0	277	0
Ifrd2	138.500000	0	277	0
Hspa14	138.500000	126	151	0
Gtf2a1	138.500000	0	277	0
Gpcpd1	138.500000	202	75	0
Gatad2a	138.500000	185	92	0
Cdnf	138.500000	126	151	0
9130008F23Rik	138.500000	123	154	0
Chordc1	138.000000	0	276	0
Uvssa	137.500000	0	275	0
Ubr4	137.000000	0	274	0
Dync1li1	137.000000	0	274	0
Zfp821	136.500000	107	166	0
Stam2	136.500000	273	0	0
Mbd3	136.500000	0	273	0
Klhl9	136.500000	0	273	0
Ist1	136.500000	107	166	0
Stat3	136.000000	0	272	0
Picalm	136.000000	0	272	0
Otud6b	136.000000	90	182	0
Nme1	135.500000	0	271	0
Lmbrd1	135.500000	171	100	0
Cic	135.500000	101	170	0
Srrm1	135.000000	0	270	0
Agpat5	135.000000	0	270	0
Zfp664	134.500000	0	269	0
Sec24c	134.500000	0	269	0
Hsdl2	134.500000	0	269	0
Hibch	134.500000	0	269	0
Ccdc92	134.500000	0	269	0
Ncapg2	134.000000	0	268	0
Mapk3	133.500000	0	267	0
Gm960	133.500000	0	267	0
Cct8	133.500000	0	267	0
Trak1	133.000000	150	116	0
Mrpl48	133.000000	266	0	0
Cdc42bpb	133.000000	0	266	0
Tppp	132.000000	0	264	0
Inpp5k	132.000000	0	264	0
Crebrf	132.000000	147	117	0
2610507B11Rik	132.000000	0	264	0
Zxdc	131.500000	0	263	0
Vmn2r4	131.500000	263	0	0
Gm10639	131.500000	263	0	0
Kifc3	131.000000	116	146	0
Rdh12	130.500000	261	0	0
Mob1b	130.500000	261	0	0
Actr3	130.500000	0	261	0
Actn4	130.500000	0	261	0
Susd6	130.000000	0	260	0
Smg9	130.000000	0	260	0
Depdc5	130.000000	0	260	0
Cenpu	130.000000	0	260	0
Tiparp	129.500000	259	0	0
Rsrp1	129.500000	0	259	0
Ddx42	129.500000	0	259	0
Copg1	129.500000	0	259	0
Ccdc47	129.500000	0	259	0
Birc6	129.500000	0	259	0
2300009A05Rik	129.500000	0	259	0
Mtch2	129.000000	0	258	0
Hsp90aa1	129.000000	0	258	0
Bnip3l	129.000000	152	106	0
Wdfy2	128.500000	0	257	0
Nudt13	128.000000	106	150	0
Ncstn	128.000000	256	0	0
Copa	128.000000	256	0	0
Phlda1	127.500000	0	255	0
Septin2	127.000000	0	254	0
Hdlbp	127.000000	0	254	0
Usp32	126.500000	0	253	0
Metap1	126.500000	0	253	0
Flywch1	126.500000	0	253	0
Cdh12	126.500000	253	0	0
Tollip	126.000000	0	252	0
Erlin1	125.500000	144	107	0
Spg7	125.000000	0	250	0
Rbx1	125.000000	0	250	0
Yars	124.500000	0	249	0
Srd5a3	124.500000	249	0	0
S100pbp	124.500000	0	249	0
Mrpl45	124.500000	0	249	0
Gpd1l	124.500000	0	249	0
Fam135a	124.000000	0	248	0
Dyrk3	124.000000	118	130	0
Dvl1	124.000000	0	248	0
Cep295	124.000000	0	248	0
Cep170	124.000000	133	115	0
Cc2d1b	124.000000	0	248	0
Smarca4	123.500000	0	247	0
Slc3a2	123.000000	0	246	0
Sdha	123.000000	0	246	0
Psma2	123.000000	0	246	0
Pdgfa	123.000000	0	246	0
Mrpl32	123.000000	0	246	0
Cpe	123.000000	246	0	0
Ccdc127	123.000000	0	246	0
Akap1	123.000000	0	246	0
Tfrc	122.500000	0	245	0
Hdac5	122.000000	0	244	0
Slc7a1	121.500000	0	243	0
Skp2	121.500000	0	243	0
Nup93	121.500000	0	243	0
Lmbrd2	121.500000	0	243	0
Hes1	121.500000	0	243	0
Gmcl1	121.500000	0	243	0
Dsc1	121.500000	162	81	0
Uchl5	121.000000	0	242	0
Ro60	121.000000	0	242	0
Pld4	121.000000	242	0	0
Rad23b	120.500000	0	241	0
Mief1	120.500000	0	241	0
Lix1	120.500000	0	241	0
Cdk11b	120.500000	92	149	0
Abhd11	120.500000	0	241	0
0610009B22Rik	120.500000	0	241	0
Tyw1	120.000000	0	240	0
Tbc1d15	120.000000	0	240	0
Sbds	120.000000	0	240	0
Mycbp	120.000000	0	240	0
Zfand6	119.500000	0	239	0
Slc33a1	119.500000	80	159	0
Npm2	119.500000	0	239	0
Hr	119.500000	0	239	0
Arid3a	119.500000	0	239	0
Sdf4	119.000000	0	238	0
Naa35	119.000000	0	238	0
Dynlt1b	119.000000	0	238	0
B3galt6	119.000000	0	238	0
Pkmyt1	118.500000	0	237	0
Pitpnb	118.500000	0	237	0
Lsm14b	118.500000	0	237	0
Lipk	118.500000	237	0	0
Them5	118.000000	236	0	0
Rab3ip	118.000000	0	236	0
Ccna2	118.000000	0	236	0
Ranbp3	117.500000	0	235	0
Notch1	117.500000	0	235	0
Mrpl10	117.500000	0	235	0
Lrrc46	117.500000	0	235	0
Fam98a	117.500000	0	235	0
Csf2ra	117.500000	235	0	0
Casp2	117.500000	0	235	0
Styxl1	117.000000	0	234	0
Stk32c	117.000000	0	234	0
Smu1	117.000000	0	234	0
Smc6	117.000000	0	234	0
Sertad3	117.000000	0	234	0
Rgl1	117.000000	0	234	0
Psmg1	117.000000	0	234	0
Mdh2	117.000000	0	234	0
Lrrc27	117.000000	0	234	0
Kat6a	117.000000	0	234	0
Gen1	117.000000	0	234	0
Coa7	117.000000	0	234	0
Arpc5	117.000000	0	234	0
Arl5a	117.000000	0	234	0
Prdm10	116.500000	233	0	0
Oaz2	116.500000	0	233	0
Notch3	116.500000	119	114	0
Eef1g	116.500000	0	233	0
Bpifc	116.500000	233	0	0
Strn	116.000000	0	232	0
Pkp1	116.000000	119	113	0
Olfr806	116.000000	232	0	0
Napg	116.000000	0	232	0
Zfp36	115.500000	106	125	0
Tmcc3	115.500000	150	81	0
Tfg	115.500000	0	231	0
Tdp2	115.500000	0	231	0
Rmnd5a	115.500000	87	144	0
Pomt1	115.500000	0	231	0
Plekhg2	115.500000	106	125	0
Mrpl17	115.500000	0	231	0
Baiap2l2	115.500000	0	231	0
Arhgdib	115.500000	231	0	0
Acot13	115.500000	0	231	0
Tent4a	115.000000	0	230	0
Sos1	115.000000	0	230	0
Sik1	115.000000	0	230	0
Eprs	115.000000	0	230	0
Tpt1	114.500000	0	229	0
Sbk1	114.500000	0	229	0
Phc1	114.500000	90	139	0
Med26	114.500000	0	229	0
Abcf3	114.500000	0	229	0
Rab33b	114.000000	0	228	0
Mideas	114.000000	0	228	0
Herc4	114.000000	0	228	0
Grasp	114.000000	139	89	0
C2cd5	113.500000	0	227	0
Nampt	113.000000	0	226	0
Jup	113.000000	87	139	0
Hspa1b	113.000000	0	226	0
Galnt18	113.000000	0	226	0
Sdhb	112.500000	0	225	0
Lin54	112.500000	0	225	0
Eif2s1	112.500000	0	225	0
Casz1	112.500000	0	225	0
Atp6v1d	112.500000	0	225	0
Tmx3	112.000000	0	224	0
Tmem116	112.000000	0	224	0
Tacstd2	112.000000	94	130	0
Rpsa	112.000000	0	224	0
Nfkbia	112.000000	0	224	0
Erp29	112.000000	0	224	0
Evpl	111.500000	0	223	0
Casc3	111.500000	0	223	0
Spdye4b	111.000000	0	222	0
Rbak	111.000000	0	222	0
Parp6	111.000000	0	222	0
Ints2	111.000000	0	222	0
Hopx	111.000000	0	222	0
Gdpd1	111.000000	0	222	0
Elmod1	111.000000	222	0	0
Bahcc1	111.000000	0	222	0
Rab8a	110.500000	0	221	0
Hinfp	110.500000	0	221	0
Itga2b	110.000000	0	220	0
Eps15l1	110.000000	0	220	0
Xpot	109.500000	0	219	0
Spata1	109.500000	0	219	0
Prkrip1	109.500000	0	219	0
Pard6b	109.500000	0	219	0
Hexim2	109.500000	0	219	0
Gng5	109.500000	0	219	0
Srr	109.000000	0	218	0
Smg6	109.000000	0	218	0
Htra2	109.000000	0	218	0
Dqx1	109.000000	0	218	0
Cnot8	109.000000	0	218	0
Tmem127	108.500000	0	217	0
Slc25a51	108.500000	217	0	0
Slc22a5	108.500000	0	217	0
Rhov	108.500000	217	0	0
Mpc2	108.500000	124	93	0
Mllt10	108.500000	0	217	0
Dcaf6	108.500000	124	93	0
Ciao1	108.500000	0	217	0
Aadacl2	108.500000	217	0	0
Uxs1	108.000000	0	216	0
Thsd1	108.000000	216	0	0
Ppm1a	108.000000	0	216	0
Pik3ip1	108.000000	0	216	0
Irf2bp2	108.000000	0	216	0
Ifrd1	108.000000	97	119	0
Tmem63b	107.500000	0	215	0
Ticam1	107.500000	0	215	0
Mrpl14	107.500000	0	215	0
Limk2	107.500000	0	215	0
Anapc15	107.500000	98	117	0
Slx4	107.000000	0	214	0
Fbxo5	107.000000	0	214	0
Dnajc16	107.000000	0	214	0
Casp9	107.000000	0	214	0
Acaa2	107.000000	0	214	0
Rassf1	106.500000	0	213	0
Prkn	106.500000	0	213	0
Pacrg	106.500000	0	213	0
Mrpl2	106.500000	0	213	0
Klc4	106.500000	0	213	0
Hnrnpa1	106.500000	0	213	0
Fam220a	106.500000	0	213	0
Cul7	106.500000	0	213	0
Cbx5	106.500000	0	213	0
Selenoi	106.000000	0	212	0
Ppp1r15b	106.000000	0	212	0
Pex3	106.000000	0	212	0
Mbd1	106.000000	0	212	0
Man1b1	106.000000	0	212	0
Lef1	106.000000	0	212	0
Kmt2e	106.000000	80	132	0
Adat2	106.000000	0	212	0
Aasdh	106.000000	0	212	0
Ttc25	105.000000	0	210	0
Senp5	105.000000	0	210	0
Nadsyn1	105.000000	0	210	0
Nadk	105.000000	0	210	0
Ercc2	105.000000	0	210	0
Epg5	105.000000	0	210	0
Zbtb43	104.500000	0	209	0
Ube2cbp	104.500000	0	209	0
Ptpn23	104.500000	0	209	0
Neu2	104.500000	209	0	0
Myl12a	104.500000	0	209	0
Mnd1	104.500000	0	209	0
Dop1a	104.500000	0	209	0
Dlgap4	104.500000	0	209	0
Tuba1b	104.000000	0	208	0
Synrg	104.000000	0	208	0
Mvd	104.000000	0	208	0
Iqgap1	104.000000	0	208	0
Dok4	104.000000	0	208	0
Tubg1	103.500000	0	207	0
Retreg3	103.500000	0	207	0
Palb2	103.500000	0	207	0
Nuf2	103.500000	0	207	0
Nlrp10	103.500000	0	207	0
Mblac1	103.500000	207	0	0
Eif3f	103.500000	0	207	0
Dctn5	103.500000	0	207	0
Clic4	103.500000	0	207	0
Acbd5	103.500000	207	0	0
Tiprl	103.000000	0	206	0
Rac1	103.000000	0	206	0
Atp6v0d1	103.000000	0	206	0
Ap2m1	103.000000	0	206	0
Angptl6	103.000000	0	206	0
Agrp	103.000000	0	206	0
Vps26c	102.500000	0	205	0
Vapb	102.500000	0	205	0
Klf9	102.500000	205	0	0
Clp1	102.500000	0	205	0
Phb2	102.000000	0	204	0
Mctp2	102.000000	204	0	0
Emg1	102.000000	0	204	0
Cdkn2aip	102.000000	0	204	0
Adtrp	102.000000	0	204	0
Zfp94	101.500000	0	203	0
Smim18	101.500000	203	0	0
Pum2	101.500000	0	203	0
Nup107	101.500000	0	203	0
Mettl8	101.500000	0	203	0
Kiz	101.500000	0	203	0
Ip6k2	101.500000	0	203	0
Fem1c	101.500000	0	203	0
Dcaf17	101.500000	0	203	0
Cacul1	101.500000	0	203	0
3110082I17Rik	101.500000	0	203	0
Tmem104	101.000000	0	202	0
Thra	101.000000	0	202	0
Spata5	101.000000	0	202	0
Smim11	101.000000	0	202	0
Pabpc4	101.000000	0	202	0
Nudt6	101.000000	0	202	0
Nat9	101.000000	0	202	0
Cfap20	101.000000	104	98	0
Borcs5	101.000000	0	202	0
Znhit2	100.500000	0	201	0
Slc30a5	100.500000	0	201	0
Pgrmc2	100.500000	0	201	0
Mrpl49	100.500000	0	201	0
Mmgt1	100.500000	118	83	0
Fau	100.500000	0	201	0
Zfp433	100.000000	0	200	0
Zfand3	100.000000	200	0	0
Ylpm1	100.000000	0	200	0
Whrn	100.000000	0	200	0
Wdr4	100.000000	0	200	0
Vdac3	100.000000	0	200	0
Rbbp6	100.000000	0	200	0
Nmt2	100.000000	0	200	0
Irf2bpl	100.000000	0	200	0
Hp1bp3	100.000000	0	200	0
Gm32687	100.000000	0	200	0
Dsg3	100.000000	200	0	0
Cox5b	100.000000	0	200	0
Cdkl2	100.000000	0	200	0
Sipa1l2	99.500000	0	199	0
Ppp4r3b	99.500000	0	199	0
Hal	99.500000	199	0	0
Cd47	99.500000	199	0	0
Rbpj	99.000000	0	198	0
Ppfia1	99.000000	0	198	0
Mob3a	99.000000	0	198	0
Izumo4	99.000000	0	198	0
Grhl3	99.000000	0	198	0
Ccser2	99.000000	0	198	0
Bambi	99.000000	0	198	0
Ap1s1	99.000000	0	198	0
Aacs	99.000000	0	198	0
Tmem156	98.500000	0	197	0
Smap1	98.500000	0	197	0
Rmnd5b	98.500000	0	197	0
Lig4	98.500000	0	197	0
Abhd13	98.500000	0	197	0
Tmc8	98.000000	0	196	0
Tmc6	98.000000	0	196	0
Shoc2	98.000000	0	196	0
Rbm5	98.000000	0	196	0
Pprc1	98.000000	196	0	0
Poc5	98.000000	0	196	0
Mga	98.000000	0	196	0
Ginm1	98.000000	0	196	0
Exd2	98.000000	0	196	0
Dnpep	98.000000	0	196	0
Caap1	98.000000	0	196	0
Bbip1	98.000000	0	196	0
Npm1	97.500000	0	195	0
Kif13b	97.500000	126	69	0
Ctcf	97.500000	0	195	0
Clptm1l	97.500000	0	195	0
Chrac1	97.500000	0	195	0
Sik2	97.000000	0	194	0
Rars2	97.000000	0	194	0
Orc3	97.000000	0	194	0
Macrod2	97.000000	0	194	0
Liph	97.000000	194	0	0
Hspa1l	97.000000	0	194	0
Hspa1a	97.000000	0	194	0
Grhl2	97.000000	0	194	0
Gpam	97.000000	194	0	0
Etfrf1	97.000000	0	194	0
Csnk1a1	97.000000	0	194	0
Casc1	97.000000	0	194	0
Adam10	97.000000	0	194	0
Zfp41	96.500000	0	193	0
Tcf4	96.500000	0	193	0
Stac2	96.500000	0	193	0
Sft2d2	96.500000	0	193	0
Senp2	96.500000	0	193	0
Mak16	96.500000	0	193	0
Lsm2	96.500000	0	193	0
Llgl2	96.500000	0	193	0
Kdm4a	96.500000	0	193	0
Hint3	96.500000	0	193	0
Dbp	96.500000	0	193	0
Zfpl1	96.000000	0	192	0
Tmem262	96.000000	0	192	0
Tcta	96.000000	0	192	0
Sec14l1	96.000000	0	192	0
Rhoa	96.000000	0	192	0
Lgalsl	96.000000	192	0	0
Ddi2	96.000000	0	192	0
Clec11a	96.000000	0	192	0
Cdca5	96.000000	0	192	0
Tnfsf13	95.500000	0	191	0
Senp3	95.500000	0	191	0
Rab3gap2	95.500000	0	191	0
Nemp1	95.500000	0	191	0
Ncapg	95.500000	0	191	0
Kat2b	95.500000	0	191	0
Ilkap	95.500000	0	191	0
Zbed4	95.000000	0	190	0
Trim59	95.000000	0	190	0
Safb2	95.000000	0	190	0
Safb	95.000000	0	190	0
Map3k2	95.000000	0	190	0
Letm1	95.000000	0	190	0
Kcnn3	95.000000	190	0	0
Hnrnpl	95.000000	0	190	0
Fam71e1	95.000000	0	190	0
Epb41l2	95.000000	0	190	0
Emc10	95.000000	0	190	0
Atl2	95.000000	0	190	0
Asf1a	95.000000	0	190	0
Tkfc	94.500000	0	189	0
Rb1cc1	94.500000	0	189	0
Nr3c1	94.500000	189	0	0
Klk11	94.500000	189	0	0
Klk10	94.500000	189	0	0
Gtf2h3	94.500000	0	189	0
G2e3	94.500000	0	189	0
Eif2b1	94.500000	0	189	0
Ddb1	94.500000	0	189	0
Ablim1	94.500000	0	189	0
Twsg1	94.000000	0	188	0
Tgm3	94.000000	188	0	0
Mapk8	94.000000	0	188	0
Gosr1	94.000000	0	188	0
Creb5	94.000000	0	188	0
Clcc1	94.000000	188	0	0
Cdkn2aipnl	94.000000	0	188	0
Asrgl1	94.000000	0	188	0
Rpp38	93.500000	0	187	0
Cma2	93.500000	187	0	0
Acbd7	93.500000	0	187	0
Smim13	93.000000	186	0	0
Prss35	93.000000	0	186	0
Pml	93.000000	0	186	0
Khdrbs1	93.000000	0	186	0
Cdc34	93.000000	0	186	0
Arhgdia	93.000000	0	186	0
9930021J03Rik	93.000000	0	186	0
Sae1	92.500000	0	185	0
Ppfibp1	92.500000	0	185	0
Pithd1	92.500000	0	185	0
Tdrd9	92.000000	0	184	0
Tctn1	92.000000	0	184	0
Sgta	92.000000	0	184	0
Sbf1	92.000000	0	184	0
Rtn3	92.000000	0	184	0
Phf12	92.000000	0	184	0
Fitm2	92.000000	0	184	0
Esyt2	92.000000	0	184	0
Atp5mpl	92.000000	0	184	0
Zbtb8os	91.500000	0	183	0
Ypel5	91.500000	0	183	0
Sirt6	91.500000	0	183	0
Rhebl1	91.500000	0	183	0
Rbbp4	91.500000	0	183	0
Opa1	91.500000	0	183	0
Npc2	91.500000	0	183	0
Micu1	91.500000	0	183	0
Isca2	91.500000	0	183	0
Fzd5	91.500000	0	183	0
Dnase1l2	91.500000	0	183	0
Capza2	91.500000	0	183	0
Ankrd24	91.500000	0	183	0
Zcwpw2	91.000000	0	182	0
U2surp	91.000000	0	182	0
Trim50	91.000000	182	0	0
Slc10a6	91.000000	182	0	0
Oard1	91.000000	0	182	0
Nfya	91.000000	0	182	0
Msh2	91.000000	0	182	0
Inpp4a	91.000000	0	182	0
Ier3	91.000000	0	182	0
Gpr19	91.000000	0	182	0
Flot1	91.000000	0	182	0
Emilin1	91.000000	182	0	0
Cpsf1	91.000000	0	182	0
Cacfd1	91.000000	0	182	0
Azi2	91.000000	0	182	0
Tut7	90.500000	0	181	0
Taok2	90.500000	0	181	0
Taf1a	90.500000	0	181	0
Srsf9	90.500000	0	181	0
Prpf19	90.500000	0	181	0
Pcmtd1	90.500000	0	181	0
Nat10	90.500000	0	181	0
Lamp1	90.500000	0	181	0
Frmd6	90.500000	0	181	0
Fam122a	90.500000	0	181	0
Fam117b	90.500000	181	0	0
C1galt1c1	90.500000	0	181	0
Ap1g1	90.500000	0	181	0
Zfp598	90.000000	0	180	0
Sppl2b	90.000000	0	180	0
Rpl9	90.000000	0	180	0
Rorc	90.000000	0	180	0
Park7	90.000000	0	180	0
Lsm7	90.000000	0	180	0
Lias	90.000000	0	180	0
Gpr84	90.000000	0	180	0
Eef2kmt	90.000000	0	180	0
Dgat1	90.000000	0	180	0
Cnnm4	90.000000	0	180	0
Cisd2	90.000000	0	180	0
Cav2	90.000000	0	180	0
Calr	90.000000	0	180	0
Bbs2	90.000000	0	180	0
Rnf43	89.500000	0	179	0
Plrg1	89.500000	0	179	0
Pgap1	89.500000	0	179	0
Nuak2	89.500000	0	179	0
Nsfl1c	89.500000	0	179	0
Ndufaf5	89.500000	0	179	0
Map4k1	89.500000	0	179	0
Ints10	89.500000	0	179	0
Il20rb	89.500000	179	0	0
Gamt	89.500000	0	179	0
Faap100	89.500000	0	179	0
Esf1	89.500000	0	179	0
Eif3k	89.500000	0	179	0
Dazap1	89.500000	0	179	0
Ctsl	89.500000	0	179	0
Cdv3	89.500000	0	179	0
Borcs6	89.500000	0	179	0
Atxn2l	89.500000	0	179	0
Atg5	89.500000	0	179	0
Stk38	89.000000	178	0	0
Snx20	89.000000	178	0	0
Ndrg3	89.000000	0	178	0
Fabp5	89.000000	178	0	0
E2f2	89.000000	178	0	0
Ccni	89.000000	0	178	0
Arid3b	89.000000	0	178	0
2010109A12Rik	89.000000	0	178	0
Usp38	88.500000	0	177	0
Triap1	88.500000	0	177	0
Prc1	88.500000	0	177	0
Nup133	88.500000	0	177	0
Mybl2	88.500000	0	177	0
Itpkc	88.500000	0	177	0
Itch	88.500000	0	177	0
Gatc	88.500000	0	177	0
Cacybp	88.500000	0	177	0
Brap	88.500000	0	177	0
Acad10	88.500000	0	177	0
Usp42	88.000000	0	176	0
Timm50	88.000000	0	176	0
Saysd1	88.000000	0	176	0
Rfxank	88.000000	0	176	0
Ppa1	88.000000	0	176	0
Nbeal1	88.000000	0	176	0
Mfsd8	88.000000	0	176	0
Golga1	88.000000	0	176	0
Gm45929	88.000000	0	176	0
Dock9	88.000000	0	176	0
Calml4	88.000000	0	176	0
Borcs8	88.000000	0	176	0
Arf1	88.000000	0	176	0
Yipf2	87.500000	0	175	0
Vps72	87.500000	0	175	0
Timm29	87.500000	0	175	0
Smim12	87.500000	0	175	0
Rnf139	87.500000	175	0	0
Raly	87.500000	0	175	0
Prdm4	87.500000	0	175	0
Pip5k1a	87.500000	0	175	0
Nupl1	87.500000	0	175	0
Med31	87.500000	0	175	0
Krtdap	87.500000	175	0	0
Kin	87.500000	0	175	0
Gtpbp2	87.500000	175	0	0
Cdca4	87.500000	0	175	0
Atp5c1	87.500000	0	175	0
4930563E22Rik	87.500000	0	175	0
Twf1	87.000000	174	0	0
Sypl	87.000000	0	174	0
Shprh	87.000000	0	174	0
Sh3gl1	87.000000	0	174	0
Rpusd4	87.000000	0	174	0
Otulin	87.000000	0	174	0
Nxf1	87.000000	0	174	0
Golga5	87.000000	0	174	0
Fam118b	87.000000	0	174	0
Ebag9	87.000000	0	174	0
Cnot4	87.000000	0	174	0
Chmp5	87.000000	0	174	0
Chaf1a	87.000000	0	174	0
Cdk7	87.000000	0	174	0
Bag1	87.000000	0	174	0
Atp5o	87.000000	0	174	0
Zer1	86.500000	0	173	0
Trim37	86.500000	0	173	0
Tcf25	86.500000	0	173	0
Rab5if	86.500000	0	173	0
Ppil1	86.500000	173	0	0
Nr4a1	86.500000	0	173	0
Mthfsd	86.500000	0	173	0
Mmd	86.500000	0	173	0
Med4	86.500000	0	173	0
Kifc5b	86.500000	0	173	0
Golga7	86.500000	0	173	0
Efcab14	86.500000	0	173	0
BC004004	86.500000	173	0	0
Ankrd40	86.500000	0	173	0
Zfp719	86.000000	0	172	0
Tsga10	86.000000	0	172	0
Kdm6b	86.000000	0	172	0
Fosb	86.000000	0	172	0
Atl3	86.000000	0	172	0
Svbp	85.500000	0	171	0
Slc35e1	85.500000	0	171	0
Samhd1	85.500000	0	171	0
Rtcb	85.500000	0	171	0
Rab35	85.500000	0	171	0
Mtrr	85.500000	0	171	0
Itprid2	85.500000	0	171	0
Fastkd3	85.500000	0	171	0
Dnajb9	85.500000	0	171	0
Aopep	85.500000	0	171	0
2310011J03Rik	85.500000	0	171	0
Virma	85.000000	0	170	0
Ube2v1	85.000000	0	170	0
Rbm39	85.000000	0	170	0
Nutf2	85.000000	0	170	0
Myo9b	85.000000	0	170	0
Mtf2	85.000000	0	170	0
Hsdl1	85.000000	0	170	0
Hjurp	85.000000	0	170	0
Haus8	85.000000	0	170	0
Hars2	85.000000	170	0	0
Hars	85.000000	170	0	0
Gm4981	85.000000	170	0	0
Dnaaf1	85.000000	0	170	0
Ddx47	85.000000	0	170	0
Dctpp1	85.000000	0	170	0
Acsl5	85.000000	170	0	0
A730008H23Rik	85.000000	0	170	0
Zc3h3	84.500000	0	169	0
Uspl1	84.500000	0	169	0
Ube4a	84.500000	0	169	0
Tmed9	84.500000	0	169	0
Tgm6	84.500000	0	169	0
Srsf1	84.500000	0	169	0
Snx3	84.500000	0	169	0
Snrpd3	84.500000	0	169	0
Rbm22	84.500000	0	169	0
Parp1	84.500000	0	169	0
Nup153	84.500000	0	169	0
Nudt18	84.500000	0	169	0
Mfap3l	84.500000	0	169	0
Megf9	84.500000	0	169	0
Mapk7	84.500000	0	169	0
Gucd1	84.500000	0	169	0
Gm5617	84.500000	0	169	0
Gm3776	84.500000	169	0	0
Gars	84.500000	0	169	0
Etfdh	84.500000	0	169	0
Eci2	84.500000	0	169	0
Cog6	84.500000	0	169	0
Avpi1	84.500000	0	169	0
Atg4d	84.500000	0	169	0
Arhgap29	84.500000	0	169	0
Arf4	84.500000	0	169	0
4930579G24Rik	84.500000	0	169	0
Ppp2ca	84.000000	0	168	0
Lmo4	84.000000	0	168	0
Dhx8	84.000000	0	168	0
Cltc	84.000000	0	168	0
Apbb2	84.000000	0	168	0
1810037I17Rik	84.000000	0	168	0
Uhrf2	83.500000	0	167	0
Ttc4	83.500000	0	167	0
Slc25a32	83.500000	0	167	0
Rabgap1	83.500000	0	167	0
Ppp1r8	83.500000	0	167	0
Mcrs1	83.500000	167	0	0
Lrp11	83.500000	0	167	0
Lpin1	83.500000	0	167	0
Dcaf13	83.500000	0	167	0
Crocc	83.500000	0	167	0
Chid1	83.500000	0	167	0
Cep78	83.500000	0	167	0
Cdt1	83.500000	0	167	0
Birc2	83.500000	0	167	0
Atxn3	83.500000	94	73	0
Arhgef10l	83.500000	0	167	0
Zwint	83.000000	0	166	0
Tmem41b	83.000000	0	166	0
Rheb	83.000000	0	166	0
Pik3ca	83.000000	0	166	0
Aldh3b2	83.000000	0	166	0
Zbtb21	82.500000	0	165	0
Vgll4	82.500000	0	165	0
Tbc1d7	82.500000	0	165	0
Soat1	82.500000	0	165	0
Smap2	82.500000	0	165	0
Slc31a2	82.500000	165	0	0
S100a3	82.500000	0	165	0
S100a2	82.500000	0	165	0
Rpl22	82.500000	0	165	0
Prrt2	82.500000	0	165	0
Pmm1	82.500000	0	165	0
Pelo	82.500000	0	165	0
Pagr1a	82.500000	0	165	0
Nudt7	82.500000	0	165	0
Nub1	82.500000	0	165	0
Mvp	82.500000	0	165	0
Map2k7	82.500000	0	165	0
Lmna	82.500000	0	165	0
Kansl3	82.500000	0	165	0
Fer1l5	82.500000	0	165	0
Dram2	82.500000	0	165	0
Chst12	82.500000	0	165	0
Cept1	82.500000	0	165	0
Arf6	82.500000	0	165	0
Trmu	82.000000	0	164	0
Timm10	82.000000	0	164	0
Stk3	82.000000	0	164	0
Smtnl1	82.000000	0	164	0
Prkag1	82.000000	0	164	0
Ppwd1	82.000000	0	164	0
Phf7	82.000000	0	164	0
Nek1	82.000000	0	164	0
Naa30	82.000000	0	164	0
Mrps17	82.000000	0	164	0
Klhl38	82.000000	0	164	0
Haus6	82.000000	0	164	0
Ddx41	82.000000	0	164	0
Cenpk	82.000000	0	164	0
Cdkal1	82.000000	0	164	0
Bap1	82.000000	0	164	0
Arap2	82.000000	0	164	0
Zfp512b	81.500000	163	0	0
Yif1b	81.500000	0	163	0
Sys1	81.500000	0	163	0
Samd10	81.500000	163	0	0
Prr14l	81.500000	0	163	0
Naaa	81.500000	0	163	0
Lgals12	81.500000	0	163	0
Ctnnbl1	81.500000	0	163	0
Zfand5	81.000000	0	162	0
Upf1	81.000000	0	162	0
Ube2d3	81.000000	0	162	0
Snrnp70	81.000000	0	162	0
Qtrt2	81.000000	0	162	0
Naa40	81.000000	0	162	0
Mlx	81.000000	0	162	0
Lce1f	81.000000	162	0	0
Kcnn1	81.000000	0	162	0
Hsd17b1	81.000000	0	162	0
Hnrnpa3	81.000000	0	162	0
Gpbp1	81.000000	0	162	0
Gid8	81.000000	0	162	0
Dido1	81.000000	0	162	0
Dhx37	81.000000	0	162	0
Cyrib	81.000000	0	162	0
Cspp1	81.000000	0	162	0
Cops5	81.000000	0	162	0
Coasy	81.000000	0	162	0
Ccdc191	81.000000	0	162	0
Zmym4	80.500000	0	161	0
Zmym1	80.500000	0	161	0
Stk40	80.500000	0	161	0
Leng8	80.500000	0	161	0
Lamtor3	80.500000	0	161	0
Hsbp1	80.500000	0	161	0
Hat1	80.500000	161	0	0
Ergic2	80.500000	0	161	0
E4f1	80.500000	161	0	0
Cox18	80.500000	0	161	0
Cherp	80.500000	0	161	0
Ccdc126	80.500000	0	161	0
B3galnt2	80.500000	0	161	0
Anxa5	80.500000	0	161	0
1810062G17Rik	80.500000	0	161	0
Tet3	80.000000	0	160	0
Ralgapb	80.000000	0	160	0
Prpf3	80.000000	0	160	0
Nomo1	80.000000	0	160	0
Mrpl54	80.000000	0	160	0
Map3k20	80.000000	0	160	0
Coq10b	80.000000	0	160	0
Clcn5	80.000000	0	160	0
Atg16l1	80.000000	0	160	0
Apba3	80.000000	0	160	0
Abcc6	80.000000	0	160	0
Abca3	80.000000	0	160	0
Abca17	80.000000	0	160	0
Zfp609	79.500000	0	159	0
Wiz	79.500000	0	159	0
Tnrc18	79.500000	0	159	0
Tmed5	79.500000	0	159	0
Tfam	79.500000	0	159	0
Tada2b	79.500000	0	159	0
Sytl3	79.500000	0	159	0
Slc29a3	79.500000	0	159	0
Ppp1ccb	79.500000	0	159	0
Ppp1cc	79.500000	0	159	0
Plat	79.500000	159	0	0
Pde1a	79.500000	159	0	0
Otud7b	79.500000	0	159	0
Mfsd4b4	79.500000	0	159	0
Lsm6	79.500000	0	159	0
Lrch1	79.500000	0	159	0
Gsta1	79.500000	159	0	0
Gpatch8	79.500000	0	159	0
Dynlt1f	79.500000	0	159	0
Dynlt1c	79.500000	0	159	0
Ccdc96	79.500000	0	159	0
Ccdc18	79.500000	0	159	0
Wdsub1	79.000000	0	158	0
Timm13	79.000000	0	158	0
Slc44a3	79.000000	0	158	0
Rps11	79.000000	0	158	0
Rpl13a	79.000000	0	158	0
Plekhf2	79.000000	0	158	0
Lap3	79.000000	0	158	0
Fam53b	79.000000	0	158	0
AI429214	79.000000	0	158	0
Xrcc1	78.500000	0	157	0
Trmt5	78.500000	0	157	0
Tram1	78.500000	0	157	0
Tor3a	78.500000	157	0	0
Slc38a6	78.500000	0	157	0
Rfk	78.500000	0	157	0
Prss22	78.500000	0	157	0
Prps1l3	78.500000	0	157	0
Plxna1	78.500000	0	157	0
Pinlyp	78.500000	0	157	0
Papss1	78.500000	0	157	0
Osbpl3	78.500000	0	157	0
Mrps24	78.500000	0	157	0
Mipol1	78.500000	0	157	0
Mapkap1	78.500000	0	157	0
Kdsr	78.500000	0	157	0
Exph5	78.500000	0	157	0
Cap1	78.500000	0	157	0
Atp6v0a1	78.500000	0	157	0
Arhgap26	78.500000	0	157	0
Sf3b1	78.000000	0	156	0
Ralgapa2	78.000000	0	156	0
Ppfia3	78.000000	0	156	0
Nelfa	78.000000	0	156	0
Nadk2	78.000000	0	156	0
Map2k4	78.000000	0	156	0
Ctnnb1	78.000000	0	156	0
Cnksr1	78.000000	0	156	0
Zscan29	77.500000	0	155	0
Zhx3	77.500000	155	0	0
Xpc	77.500000	0	155	0
Vps33a	77.500000	0	155	0
Tasor2	77.500000	0	155	0
Sfi1	77.500000	0	155	0
Rad21	77.500000	0	155	0
Ppp1r13l	77.500000	0	155	0
Ociad1	77.500000	0	155	0
Neu1	77.500000	0	155	0
Mcur1	77.500000	155	0	0
Mcph1	77.500000	0	155	0
Lsm3	77.500000	0	155	0
Igsf9	77.500000	0	155	0
Echdc3	77.500000	155	0	0
Asap1	77.500000	0	155	0
Traf3ip1	77.000000	0	154	0
Tdp1	77.000000	0	154	0
Ssna1	77.000000	0	154	0
Spop	77.000000	0	154	0
Snrnp48	77.000000	0	154	0
Sgms2	77.000000	0	154	0
Rcan3	77.000000	0	154	0
Rap2a	77.000000	0	154	0
Ppp1r10	77.000000	154	0	0
Pkig	77.000000	0	154	0
Mrps18b	77.000000	154	0	0
Mpdu1	77.000000	0	154	0
Golga7b	77.000000	0	154	0
Efcab11	77.000000	0	154	0
Anapc2	77.000000	0	154	0
Agtpbp1	77.000000	0	154	0
Zdhhc12	76.500000	0	153	0
Zbtb44	76.500000	0	153	0
Tm9sf2	76.500000	0	153	0
Tex2	76.500000	0	153	0
Tbc1d14	76.500000	0	153	0
Srsf10	76.500000	0	153	0
Phf21b	76.500000	0	153	0
Ninj1	76.500000	0	153	0
Ncbp2	76.500000	0	153	0
Myo1c	76.500000	0	153	0
Mbd2	76.500000	0	153	0
Kxd1	76.500000	0	153	0
Itgb1	76.500000	0	153	0
Gas7	76.500000	0	153	0
Fxr2	76.500000	0	153	0
Fkbp8	76.500000	0	153	0
Dennd2c	76.500000	0	153	0
Cnnm2	76.500000	0	153	0
Ccdc149	76.500000	153	0	0
Arhgef3	76.500000	153	0	0
0610012G03Rik	76.500000	0	153	0
Srp14	76.000000	0	152	0
Psmf1	76.000000	0	152	0
Prrc2a	76.000000	0	152	0
Poli	76.000000	0	152	0
Nsun6	76.000000	0	152	0
Mzt2	76.000000	0	152	0
Lypd11	76.000000	0	152	0
Esrp2	76.000000	0	152	0
Dus2	76.000000	0	152	0
Ddx28	76.000000	0	152	0
Crybg1	76.000000	152	0	0
Cdc14a	76.000000	152	0	0
Arl5b	76.000000	0	152	0
Ankrd11	76.000000	0	152	0
Zfp692	75.500000	0	151	0
Wdr61	75.500000	0	151	0
Vps13c	75.500000	0	151	0
Urod	75.500000	0	151	0
Ttc3	75.500000	0	151	0
Tmem19	75.500000	0	151	0
Sptbn4	75.500000	0	151	0
Rrnad1	75.500000	0	151	0
Ptprs	75.500000	0	151	0
Polr3k	75.500000	0	151	0
Pigp	75.500000	0	151	0
Pdap1	75.500000	0	151	0
Patl1	75.500000	0	151	0
Mknk2	75.500000	0	151	0
Isg20l2	75.500000	0	151	0
Hectd3	75.500000	0	151	0
Cluh	75.500000	0	151	0
Ccs	75.500000	0	151	0
Ccdc9	75.500000	0	151	0
Ccdc87	75.500000	0	151	0
Bud31	75.500000	0	151	0
Blvrb	75.500000	0	151	0
Arid5b	75.500000	151	0	0
Zfp408	75.000000	0	150	0
Zfp189	75.000000	0	150	0
Ythdf2	75.000000	0	150	0
Ube2g1	75.000000	0	150	0
Tead1	75.000000	0	150	0
Stx7	75.000000	0	150	0
Slc25a19	75.000000	0	150	0
Serpini1	75.000000	0	150	0
Psap	75.000000	0	150	0
Pdcd10	75.000000	0	150	0
Mrpl50	75.000000	0	150	0
Mdp1	75.000000	0	150	0
Itgb5	75.000000	0	150	0
H4f16	75.000000	0	150	0
H2aj	75.000000	0	150	0
Eif2ak1	75.000000	0	150	0
Cog2	75.000000	0	150	0
Arhgap1	75.000000	0	150	0
Anxa1	75.000000	0	150	0
Zfp607b	74.500000	0	149	0
Usp53	74.500000	0	149	0
Tom1l2	74.500000	149	0	0
Tmem87a	74.500000	0	149	0
Slc25a3	74.500000	0	149	0
Rbm25	74.500000	0	149	0
Pdrg1	74.500000	0	149	0
Nr1d2	74.500000	0	149	0
Lonp2	74.500000	0	149	0
Larp4b	74.500000	0	149	0
Gna11	74.500000	0	149	0
Ganc	74.500000	0	149	0
Drc3	74.500000	149	0	0
Cemip2	74.500000	149	0	0
Btbd8	74.500000	0	149	0
Zup1	74.000000	0	148	0
Zfp28	74.000000	0	148	0
Xrcc5	74.000000	0	148	0
Usp14	74.000000	0	148	0
Ttll5	74.000000	0	148	0
Ssb	74.000000	0	148	0
Srrm2	74.000000	0	148	0
Ppl	74.000000	0	148	0
Ndufs5	74.000000	0	148	0
Mkrn2	74.000000	0	148	0
Il22ra1	74.000000	0	148	0
Grpel1	74.000000	0	148	0
Erg28	74.000000	0	148	0
Edn2	74.000000	0	148	0
Dclre1b	74.000000	0	148	0
Cox6a1	74.000000	0	148	0
Cmtr1	74.000000	0	148	0
Cilp	74.000000	0	148	0
Ccdc112	74.000000	0	148	0
Arrb2	74.000000	0	148	0
Ap4b1	74.000000	0	148	0
Ahcyl1	74.000000	0	148	0
Vkorc1	73.500000	0	147	0
Tmem86a	73.500000	147	0	0
Tdrd7	73.500000	0	147	0
Spg11	73.500000	0	147	0
Rps16	73.500000	0	147	0
Prss53	73.500000	0	147	0
Ppm1d	73.500000	0	147	0
Mtg1	73.500000	0	147	0
Lypd5	73.500000	147	0	0
Ikzf5	73.500000	0	147	0
Gltp	73.500000	147	0	0
Fam53a	73.500000	0	147	0
Eif4h	73.500000	0	147	0
Ddb2	73.500000	0	147	0
Chrnb1	73.500000	0	147	0
Ccne1	73.500000	0	147	0
Bach1	73.500000	0	147	0
Acadsb	73.500000	0	147	0
Pofut2	73.000000	0	146	0
Pkd2l1	73.000000	0	146	0
Pias4	73.000000	0	146	0
Mrpl51	73.000000	0	146	0
Kdm2a	73.000000	0	146	0
Ino80c	73.000000	0	146	0
Ilrun	73.000000	0	146	0
Grn	73.000000	0	146	0
Fzr1	73.000000	0	146	0
Ccdc63	73.000000	0	146	0
BC016579	73.000000	146	0	0
Wdr70	72.500000	0	145	0
Ube2n	72.500000	0	145	0
Tssk6	72.500000	0	145	0
Sepsecs	72.500000	0	145	0
Rngtt	72.500000	0	145	0
Rdh1	72.500000	0	145	0
Pik3cb	72.500000	0	145	0
Pias1	72.500000	0	145	0
Ndufa13	72.500000	0	145	0
Ndufa10	72.500000	0	145	0
Mrgbp	72.500000	0	145	0
Mpzl3	72.500000	0	145	0
Lss	72.500000	0	145	0
Ints4	72.500000	0	145	0
Il17re	72.500000	0	145	0
Fndc7	72.500000	0	145	0
Flywch2	72.500000	0	145	0
Exoc2	72.500000	0	145	0
Alg14	72.500000	0	145	0
Zfp213	72.000000	0	144	0
Ttll12	72.000000	0	144	0
Tmub2	72.000000	0	144	0
Tmem69	72.000000	0	144	0
Tmcc1	72.000000	0	144	0
Thoc1	72.000000	0	144	0
Rap2b	72.000000	0	144	0
Rabif	72.000000	0	144	0
Rabggta	72.000000	0	144	0
Prnp	72.000000	0	144	0
Prn	72.000000	0	144	0
Polrmt	72.000000	0	144	0
Ogfrl1	72.000000	144	0	0
Nfat5	72.000000	0	144	0
Mrps11	72.000000	0	144	0
Mrpl46	72.000000	0	144	0
Morf4l1	72.000000	0	144	0
Mfsd14a	72.000000	0	144	0
Lrig1	72.000000	0	144	0
Kcnq1	72.000000	0	144	0
Gpbp1l1	72.000000	0	144	0
Fgd4	72.000000	144	0	0
Ep300	72.000000	0	144	0
D5Ertd579e	72.000000	0	144	0
Cald1	72.000000	0	144	0
C1d	72.000000	0	144	0
Zmym3	71.500000	0	143	0
Zfp622	71.500000	0	143	0
Vamp3	71.500000	0	143	0
Uevld	71.500000	0	143	0
Rsbn1	71.500000	0	143	0
Ppp1r9b	71.500000	0	143	0
Pop5	71.500000	0	143	0
Polk	71.500000	0	143	0
Plekha8	71.500000	0	143	0
Per3	71.500000	0	143	0
Ipp	71.500000	0	143	0
Il17d	71.500000	0	143	0
Fkbp14	71.500000	0	143	0
Chpt1	71.500000	0	143	0
Cert1	71.500000	0	143	0
Abcd4	71.500000	0	143	0
Tnni2	71.000000	0	142	0
Tnnc1	71.000000	0	142	0
Syt8	71.000000	0	142	0
Smg7	71.000000	0	142	0
Senp8	71.000000	0	142	0
Pkp3	71.000000	0	142	0
Pi15	71.000000	142	0	0
Parp2	71.000000	0	142	0
Orc4	71.000000	0	142	0
Nt5c3	71.000000	0	142	0
Nisch	71.000000	0	142	0
Myo9a	71.000000	0	142	0
Mtres1	71.000000	0	142	0
Mtmr10	71.000000	0	142	0
Mfsd1	71.000000	0	142	0
Mbd5	71.000000	0	142	0
Iqcc	71.000000	0	142	0
Hmgcr	71.000000	142	0	0
Gucy2g	71.000000	0	142	0
Gsn	71.000000	0	142	0
Dcdc2b	71.000000	0	142	0
Ccdc28b	71.000000	0	142	0
Cab39l	71.000000	142	0	0
Adgrf4	71.000000	142	0	0
AI661453	71.000000	0	142	0
1700001C19Rik	71.000000	0	142	0
Zfp800	70.500000	0	141	0
Zfp281	70.500000	0	141	0
Tekt2	70.500000	0	141	0
Synpo	70.500000	0	141	0
Srcap	70.500000	0	141	0
Slc20a1	70.500000	0	141	0
Sdhaf1	70.500000	0	141	0
Ric8b	70.500000	0	141	0
Pxmp4	70.500000	141	0	0
Plpp1	70.500000	141	0	0
Mlf2	70.500000	0	141	0
Mfge8	70.500000	0	141	0
Mcoln1	70.500000	0	141	0
Jarid2	70.500000	0	141	0
Itm2b	70.500000	0	141	0
Hps5	70.500000	0	141	0
Heatr5b	70.500000	0	141	0
Gtf2h1	70.500000	0	141	0
Gpatch11	70.500000	0	141	0
Fdxacb1	70.500000	0	141	0
Fam149b	70.500000	0	141	0
Fam117a	70.500000	0	141	0
Ecd	70.500000	0	141	0
Deptor	70.500000	141	0	0
Cpt2	70.500000	0	141	0
Adprhl2	70.500000	0	141	0
Aatf	70.500000	0	141	0
1110032A03Rik	70.500000	0	141	0
Uqcrc1	70.000000	0	140	0
Smndc1	70.000000	0	140	0
Rbm15b	70.000000	0	140	0
Rab18	70.000000	0	140	0
Prxl2a	70.000000	0	140	0
Manf	70.000000	0	140	0
Jpt2	70.000000	0	140	0
Igsf8	70.000000	0	140	0
Fam214a	70.000000	140	0	0
Cmc1	70.000000	0	140	0
Aven	70.000000	140	0	0
Ap5z1	70.000000	0	140	0
Aebp2	70.000000	0	140	0
Vsig10l	69.500000	0	139	0
Vps13a	69.500000	0	139	0
Trib1	69.500000	0	139	0
Tomm20	69.500000	0	139	0
Tmed4	69.500000	0	139	0
Snx17	69.500000	0	139	0
Slc16a13	69.500000	0	139	0
Sap18b	69.500000	0	139	0
Sap18	69.500000	0	139	0
Ppme1	69.500000	0	139	0
Ppib	69.500000	0	139	0
Polr2b	69.500000	0	139	0
Pkp2	69.500000	0	139	0
Pkn2	69.500000	0	139	0
Oxct1	69.500000	139	0	0
Noa1	69.500000	0	139	0
Mocs2	69.500000	139	0	0
Men1	69.500000	0	139	0
Lyplal1	69.500000	0	139	0
LTO1	69.500000	0	139	0
Gnb1l	69.500000	0	139	0
Eif2b4	69.500000	0	139	0
Denr	69.500000	0	139	0
Dcaf1	69.500000	0	139	0
C2cd3	69.500000	0	139	0
Bcl9l	69.500000	0	139	0
Ywhaz	69.000000	0	138	0
Usp1	69.000000	0	138	0
Ubxn7	69.000000	0	138	0
Tmem213	69.000000	138	0	0
Sprtn	69.000000	0	138	0
Slc5a5	69.000000	0	138	0
Shld2	69.000000	0	138	0
Rubcn	69.000000	0	138	0
Rsrc2	69.000000	0	138	0
Rbm17	69.000000	0	138	0
Ranbp2	69.000000	0	138	0
Ptcd1	69.000000	0	138	0
Plcg1	69.000000	138	0	0
Msmo1	69.000000	0	138	0
Med6	69.000000	0	138	0
Mapkbp1	69.000000	0	138	0
Lcmt2	69.000000	138	0	0
Larp1	69.000000	0	138	0
Kntc1	69.000000	0	138	0
Kctd13	69.000000	0	138	0
Irf9	69.000000	0	138	0
H2-DMa	69.000000	0	138	0
Glud1	69.000000	0	138	0
Fyttd1	69.000000	0	138	0
Fam219a	69.000000	0	138	0
Fam214b	69.000000	0	138	0
Exoc8	69.000000	0	138	0
Dnaic1	69.000000	0	138	0
Dab1	69.000000	138	0	0
Cpsf4	69.000000	0	138	0
Capn5	69.000000	138	0	0
Cant1	69.000000	0	138	0
Brd2	69.000000	0	138	0
Adal	69.000000	138	0	0
2310022B05Rik	69.000000	0	138	0
Zfp106	68.500000	0	137	0
Wbp2	68.500000	0	137	0
Tmem54	68.500000	0	137	0
Timm21	68.500000	0	137	0
Snap29	68.500000	0	137	0
Snap23	68.500000	0	137	0
Shq1	68.500000	0	137	0
Scaf1	68.500000	0	137	0
Rras	68.500000	0	137	0
Rnf113a2	68.500000	0	137	0
Rai14	68.500000	0	137	0
Rab5c	68.500000	0	137	0
Pi4ka	68.500000	0	137	0
Otud1	68.500000	0	137	0
Nus1	68.500000	0	137	0
Junb	68.500000	137	0	0
Ilf3	68.500000	0	137	0
Il1f10	68.500000	137	0	0
Hebp2	68.500000	0	137	0
Fbxo15	68.500000	0	137	0
Epn3	68.500000	0	137	0
Elovl5	68.500000	0	137	0
Atg14	68.500000	0	137	0
Apc	68.500000	0	137	0
Alg1	68.500000	0	137	0
Actb	68.500000	0	137	0
Zfyve16	68.000000	0	136	0
Ube2r2	68.000000	136	0	0
Srfbp1	68.000000	0	136	0
Plekhm3	68.000000	136	0	0
Pepd	68.000000	136	0	0
Mlh1	68.000000	0	136	0
Krcc1	68.000000	0	136	0
Klf10	68.000000	0	136	0
Katna1	68.000000	0	136	0
Glt28d2	68.000000	0	136	0
Ezh1	68.000000	0	136	0
Epm2aip1	68.000000	0	136	0
Crbn	68.000000	0	136	0
Cdc37l1	68.000000	0	136	0
Camsap1	68.000000	0	136	0
Ahcyl2	68.000000	136	0	0
Zbtb7c	67.500000	0	135	0
Trmt1l	67.500000	0	135	0
Swt1	67.500000	0	135	0
Slc25a39	67.500000	0	135	0
Ska1	67.500000	0	135	0
Seh1l	67.500000	0	135	0
Psmd14	67.500000	0	135	0
Pcgf3	67.500000	0	135	0
Mtmr14	67.500000	0	135	0
Mark4	67.500000	0	135	0
Kcng2	67.500000	0	135	0
H3c15	67.500000	0	135	0
H3c14	67.500000	0	135	0
H2ac19	67.500000	0	135	0
H2ac18	67.500000	0	135	0
Gabbr1	67.500000	135	0	0
Fdft1	67.500000	0	135	0
Faf1	67.500000	0	135	0
Exoc7	67.500000	0	135	0
Exoc3l2	67.500000	0	135	0
Dpy19l4	67.500000	0	135	0
Cplane1	67.500000	0	135	0
Colgalt1	67.500000	0	135	0
Cldn14	67.500000	0	135	0
Chmp3	67.500000	0	135	0
Cdiptos	67.500000	0	135	0
Cdipt	67.500000	0	135	0
Atxn7l2	67.500000	0	135	0
Arpc2	67.500000	0	135	0
Afg3l2	67.500000	0	135	0
6430548M08Rik	67.500000	0	135	0
Usp36	67.000000	0	134	0
Unc50	67.000000	0	134	0
U2af1	67.000000	0	134	0
Tbc1d23	67.000000	0	134	0
Supt4a	67.000000	0	134	0
Snx18	67.000000	0	134	0
Sgtb	67.000000	0	134	0
Rap1gap	67.000000	0	134	0
Ralb	67.000000	0	134	0
Prkar1b	67.000000	0	134	0
Pkd1	67.000000	134	0	0
Pgm2l1	67.000000	0	134	0
Otub2	67.000000	0	134	0
Nln	67.000000	0	134	0
Nde1	67.000000	0	134	0
Mul1	67.000000	0	134	0
Mrpl30	67.000000	0	134	0
Mitd1	67.000000	0	134	0
Marf1	67.000000	0	134	0
Map2k6	67.000000	0	134	0
Etf1	67.000000	0	134	0
Eif5a2	67.000000	0	134	0
Dnaaf5	67.000000	0	134	0
Coa5	67.000000	0	134	0
Ahnak2	67.000000	0	134	0
Zcchc14	66.500000	0	133	0
Ythdf3	66.500000	0	133	0
Srsf7	66.500000	0	133	0
Odc1	66.500000	0	133	0
Nolc1	66.500000	0	133	0
Ncaph	66.500000	0	133	0
Kri1	66.500000	0	133	0
Hoxc13	66.500000	0	133	0
Hoxa4	66.500000	0	133	0
Gm5148	66.500000	0	133	0
Fgfrl1	66.500000	0	133	0
Exosc3	66.500000	133	0	0
Elob	66.500000	0	133	0
Eif5a	66.500000	0	133	0
Cdkn2d	66.500000	0	133	0
Cavin4	66.500000	0	133	0
Atrn	66.500000	0	133	0
Akap13	66.500000	0	133	0
Adrm1	66.500000	0	133	0
1700042G07Rik	66.500000	0	133	0
Zdhhc20	66.000000	0	132	0
Txndc16	66.000000	0	132	0
Tmem39a	66.000000	0	132	0
Shroom3	66.000000	0	132	0
Sap30bp	66.000000	0	132	0
Recql5	66.000000	0	132	0
Prom2	66.000000	0	132	0
Ppil4	66.000000	0	132	0
Polr3f	66.000000	0	132	0
Nf2	66.000000	132	0	0
Nek11	66.000000	0	132	0
Mesd	66.000000	0	132	0
Gpr137c	66.000000	0	132	0
Fbxo25	66.000000	0	132	0
Dzank1	66.000000	0	132	0
Commd2	66.000000	0	132	0
Cln5	66.000000	0	132	0
Aste1	66.000000	0	132	0
Abhd18	66.000000	0	132	0
Ywhah	65.500000	0	131	0
Wdr93	65.500000	131	0	0
Stim2	65.500000	0	131	0
Slain2	65.500000	0	131	0
Serf2	65.500000	0	131	0
Rwdd1	65.500000	0	131	0
Rps12	65.500000	0	131	0
Rnf38	65.500000	0	131	0
Psmd3	65.500000	0	131	0
Pex11a	65.500000	131	0	0
Nkx1-1	65.500000	0	131	0
Med9	65.500000	0	131	0
Mafb	65.500000	0	131	0
Hnrnph1	65.500000	0	131	0
Hey2	65.500000	0	131	0
Eloa	65.500000	0	131	0
Dlx4	65.500000	0	131	0
Cyp51	65.500000	131	0	0
Cerk	65.500000	0	131	0
Vps37b	65.000000	0	130	0
Tmem177	65.000000	0	130	0
Tmem11	65.000000	0	130	0
Sucla2	65.000000	0	130	0
Pop7	65.000000	0	130	0
Pafah2	65.000000	0	130	0
Nudt15	65.000000	0	130	0
Nop14	65.000000	0	130	0
Nip7	65.000000	0	130	0
Maf	65.000000	130	0	0
Lrrc51	65.000000	0	130	0
Ints6	65.000000	0	130	0
Heyl	65.000000	0	130	0
Grk4	65.000000	0	130	0
Fat2	65.000000	0	130	0
Dnase1l3	65.000000	130	0	0
Dctn4	65.000000	0	130	0
Cog8	65.000000	0	130	0
Cfap36	65.000000	0	130	0
Cdc7	65.000000	0	130	0
BC029722	65.000000	0	130	0
Aqp3	65.000000	0	130	0
Acad9	65.000000	0	130	0
Vps26a	64.500000	0	129	0
Syf2	64.500000	0	129	0
Sf3b2	64.500000	0	129	0
Scnm1	64.500000	0	129	0
Retreg2	64.500000	0	129	0
Ptbp3	64.500000	0	129	0
Nfyb	64.500000	0	129	0
Mrpl38	64.500000	0	129	0
Mettl7a3	64.500000	129	0	0
Lysmd1	64.500000	0	129	0
Jak2	64.500000	0	129	0
Hspa9	64.500000	0	129	0
Gnb1	64.500000	0	129	0
Gal3st3	64.500000	0	129	0
Fbxl3	64.500000	0	129	0
Cnppd1	64.500000	0	129	0
Cnnm3	64.500000	0	129	0
Atxn1l	64.500000	0	129	0
Atg10	64.500000	129	0	0
Adgrf2	64.500000	0	129	0
Wdr20	64.000000	0	128	0
Vangl2	64.000000	0	128	0
Tmem250-ps	64.000000	0	128	0
Scaf4	64.000000	0	128	0
Sass6	64.000000	0	128	0
Sap130	64.000000	0	128	0
Rpl24	64.000000	0	128	0
Rnf224	64.000000	0	128	0
Rnf208	64.000000	0	128	0
Ppp1r21	64.000000	0	128	0
Olfr455	64.000000	0	128	0
Map3k9	64.000000	0	128	0
Kif16b	64.000000	0	128	0
Ier5l	64.000000	0	128	0
Fancd2os	64.000000	0	128	0
Eea1	64.000000	0	128	0
Echs1	64.000000	0	128	0
Dhrs13	64.000000	0	128	0
Cysrt1	64.000000	0	128	0
Cyp1b1	64.000000	128	0	0
Crls1	64.000000	0	128	0
Cops4	64.000000	0	128	0
Cep85	64.000000	0	128	0
Cds2	64.000000	0	128	0
Capn7	64.000000	0	128	0
Bsdc1	64.000000	0	128	0
Brk1	64.000000	0	128	0
Adnp	64.000000	0	128	0
1700067K01Rik	64.000000	0	128	0
Zfp318	63.500000	0	127	0
Vti1b	63.500000	0	127	0
Vps29	63.500000	0	127	0
Usp16	63.500000	0	127	0
Trmt2a	63.500000	0	127	0
Tmem143	63.500000	0	127	0
Tbc1d22a	63.500000	0	127	0
Syngr4	63.500000	0	127	0
Sdhaf4	63.500000	0	127	0
Ranbp1	63.500000	0	127	0
Rad9b	63.500000	0	127	0
Rab1a	63.500000	0	127	0
Mllt3	63.500000	0	127	0
Kif20b	63.500000	0	127	0
Gatd1	63.500000	0	127	0
Ep400	63.500000	0	127	0
Eif3j2	63.500000	0	127	0
Eif3j1	63.500000	0	127	0
Dimt1	63.500000	0	127	0
Cd82	63.500000	0	127	0
Ccnd1	63.500000	0	127	0
Cars	63.500000	0	127	0
Bfsp1	63.500000	127	0	0
Arsa	63.500000	0	127	0
Ube2b	63.000000	0	126	0
Tti2	63.000000	0	126	0
Thnsl1	63.000000	0	126	0
Sec61b	63.000000	0	126	0
Prss8	63.000000	0	126	0
Pik3c2a	63.000000	0	126	0
Pabpc1	63.000000	0	126	0
Naa50	63.000000	0	126	0
Mrpl23	63.000000	0	126	0
Mink1	63.000000	0	126	0
Ipo9	63.000000	0	126	0
Herpud2	63.000000	0	126	0
Hbs1l	63.000000	0	126	0
Enkur	63.000000	0	126	0
Egf	63.000000	0	126	0
Cxcr2	63.000000	126	0	0
Csta1	63.000000	126	0	0
Cdkl3	63.000000	0	126	0
Camk2d	63.000000	0	126	0
Atp6v1a	63.000000	0	126	0
Ap2s1	63.000000	0	126	0
Alg2	63.000000	0	126	0
Acvr2b	63.000000	0	126	0
Zfp385b	62.500000	0	125	0
Vstm4	62.500000	0	125	0
Ube3a	62.500000	0	125	0
Trnau1ap	62.500000	0	125	0
Tcf19	62.500000	0	125	0
Srsf5	62.500000	0	125	0
Sema4b	62.500000	0	125	0
Riok1	62.500000	0	125	0
Pik3c3	62.500000	0	125	0
Phlpp1	62.500000	0	125	0
Mxd1	62.500000	0	125	0
Mmaa	62.500000	0	125	0
Mbd6	62.500000	0	125	0
Lyst	62.500000	0	125	0
Lsm8	62.500000	0	125	0
Klf13	62.500000	0	125	0
Hrnr	62.500000	125	0	0
Gpn3	62.500000	0	125	0
Fam216a	62.500000	0	125	0
Eif4a3	62.500000	125	0	0
Ddit3	62.500000	0	125	0
Cchcr1	62.500000	0	125	0
Cage1	62.500000	0	125	0
C1ql1	62.500000	0	125	0
Btbd7	62.500000	0	125	0
Bcl3	62.500000	0	125	0
Adipor2	62.500000	0	125	0
Wdr45b	62.000000	0	124	0
Vta1	62.000000	0	124	0
Ubr7	62.000000	0	124	0
Tmem126b	62.000000	0	124	0
Taf11	62.000000	0	124	0
Styk1	62.000000	0	124	0
Steap4	62.000000	0	124	0
Spint1	62.000000	0	124	0
Smim15	62.000000	0	124	0
Slc25a27	62.000000	0	124	0
Skil	62.000000	0	124	0
Psmd12	62.000000	0	124	0
Psmc6	62.000000	0	124	0
Pisd	62.000000	0	124	0
Pgpep1	62.000000	0	124	0
Npat	62.000000	0	124	0
Irx2	62.000000	0	124	0
Gprin2	62.000000	124	0	0
Gon7	62.000000	0	124	0
Gm20604	62.000000	0	124	0
Fam186b	62.000000	0	124	0
Cyp39a1	62.000000	0	124	0
Ctsd	62.000000	0	124	0
Cep120	62.000000	0	124	0
Atm	62.000000	0	124	0
Armc5	62.000000	0	124	0
Aplp2	62.000000	0	124	0
Anks1	62.000000	0	124	0
9130023H24Rik	62.000000	0	124	0
Zfp963	61.500000	0	123	0
Yipf5	61.500000	0	123	0
Tmem43	61.500000	0	123	0
Tef	61.500000	0	123	0
Snd1	61.500000	0	123	0
Rab10	61.500000	0	123	0
Pot1a	61.500000	0	123	0
Oxnad1	61.500000	0	123	0
Nelfcd	61.500000	0	123	0
Mycbp2	61.500000	0	123	0
Muc15	61.500000	0	123	0
Maz	61.500000	0	123	0
Krt33a	61.500000	123	0	0
Kmt2d	61.500000	0	123	0
Ints5	61.500000	0	123	0
Id1	61.500000	0	123	0
Gtf3c1	61.500000	0	123	0
Gpr155	61.500000	0	123	0
Ganab	61.500000	0	123	0
Galk2	61.500000	0	123	0
Fam151b	61.500000	0	123	0
Fam107b	61.500000	123	0	0
Dus1l	61.500000	0	123	0
Drg2	61.500000	0	123	0
Dph3	61.500000	0	123	0
D430042O09Rik	61.500000	0	123	0
Cops2	61.500000	0	123	0
Cnot6l	61.500000	0	123	0
Chchd4	61.500000	0	123	0
Bex6	61.500000	123	0	0
Atp2b1	61.500000	0	123	0
Agfg2	61.500000	0	123	0
1700013G24Rik	61.500000	0	123	0
Uba3	61.000000	0	122	0
Tnfaip1	61.000000	0	122	0
Tmem120b	61.000000	0	122	0
Tbce	61.000000	0	122	0
Serpinb5	61.000000	0	122	0
Sart1	61.000000	0	122	0
Rspry1	61.000000	0	122	0
Rmnd1	61.000000	0	122	0
Riok2	61.000000	0	122	0
Rasal2	61.000000	0	122	0
Psme3ip1	61.000000	0	122	0
Ift20	61.000000	0	122	0
Gtf2b	61.000000	0	122	0
Cox6c	61.000000	0	122	0
Chmp7	61.000000	0	122	0
Chaf1b	61.000000	0	122	0
Card14	61.000000	0	122	0
Armt1	61.000000	0	122	0
Arl6ip5	61.000000	0	122	0
Angel2	61.000000	0	122	0
Zfp12	60.500000	0	121	0
Zbtb41	60.500000	0	121	0
Usp20	60.500000	0	121	0
Spcs3	60.500000	0	121	0
Rps26	60.500000	0	121	0
Rmc1	60.500000	0	121	0
Poglut3	60.500000	0	121	0
Ndufaf4	60.500000	0	121	0
Mtpn	60.500000	0	121	0
Lyg2	60.500000	121	0	0
Gspt1	60.500000	0	121	0
Fbrsl1	60.500000	0	121	0
Esrra	60.500000	0	121	0
Eif4a1	60.500000	0	121	0
Eif2b5	60.500000	0	121	0
Cpm	60.500000	0	121	0
Catsperz	60.500000	0	121	0
Bmpr1a	60.500000	0	121	0
BC005624	60.500000	0	121	0
Armc1	60.500000	0	121	0
Aph1b	60.500000	0	121	0
Ankrd10	60.500000	0	121	0
Adpgk	60.500000	0	121	0
Syngr1	60.000000	0	120	0
Srpk1	60.000000	0	120	0
Sptlc1	60.000000	0	120	0
Sgo1	60.000000	0	120	0
Sfxn2	60.000000	0	120	0
Rps17	60.000000	0	120	0
Rpl31	60.000000	0	120	0
Psmc4	60.000000	0	120	0
Mfn2	60.000000	0	120	0
Dapk3	60.000000	0	120	0
Cldn4	60.000000	0	120	0
Atp13a4	60.000000	120	0	0
Atf6	60.000000	0	120	0
Arl3	60.000000	0	120	0
Abca12	60.000000	120	0	0
Ubxn1	59.500000	0	119	0
Ubqln1	59.500000	119	0	0
Trappc8	59.500000	0	119	0
Tada1	59.500000	0	119	0
Stx12	59.500000	0	119	0
Smad6	59.500000	0	119	0
Smad4	59.500000	0	119	0
Rnf8	59.500000	0	119	0
Palld	59.500000	0	119	0
Olfr47	59.500000	119	0	0
Lrrc42	59.500000	0	119	0
Ipmk	59.500000	0	119	0
Hspb11	59.500000	0	119	0
Hmgxb3	59.500000	0	119	0
Hmgb2	59.500000	0	119	0
Heatr5a	59.500000	0	119	0
Eif4b	59.500000	0	119	0
Dgkd	59.500000	0	119	0
Ctbp1	59.500000	0	119	0
Cnot11	59.500000	0	119	0
Cisd1	59.500000	0	119	0
Arpc1a	59.500000	0	119	0
Upf2	59.000000	0	118	0
Trir	59.000000	118	0	0
Spast	59.000000	0	118	0
Sgms1	59.000000	118	0	0
Sbno2	59.000000	0	118	0
Rnf24	59.000000	0	118	0
Pxmp2	59.000000	0	118	0
Pole	59.000000	0	118	0
Pa2g4	59.000000	0	118	0
Nedd8	59.000000	0	118	0
Myzap	59.000000	0	118	0
Limk1	59.000000	0	118	0
Klhl36	59.000000	0	118	0
Hsd17b7	59.000000	0	118	0
Gmpr2	59.000000	0	118	0
Ggct	59.000000	118	0	0
Get3	59.000000	118	0	0
Dlc1	59.000000	0	118	0
Cyp11a1	59.000000	118	0	0
Cnot1	59.000000	0	118	0
Cdan1	59.000000	0	118	0
C77080	59.000000	0	118	0
Abca4	59.000000	0	118	0
Tmprss4	58.500000	117	0	0
Sp2	58.500000	0	117	0
Rsl1d1	58.500000	0	117	0
Rrm2b	58.500000	0	117	0
Naa25	58.500000	0	117	0
Mnt	58.500000	0	117	0
Mib1	58.500000	0	117	0
Lrrc1	58.500000	0	117	0
Limd1	58.500000	0	117	0
Gse1	58.500000	117	0	0
Gpaa1	58.500000	0	117	0
Fyco1	58.500000	0	117	0
Fam83c	58.500000	0	117	0
Exosc4	58.500000	0	117	0
Dad1	58.500000	0	117	0
Clba1	58.500000	0	117	0
Cad	58.500000	0	117	0
Abhd4	58.500000	0	117	0
2310057M21Rik	58.500000	0	117	0
Tmem209	58.000000	0	116	0
Tmem184b	58.000000	0	116	0
Taf4b	58.000000	0	116	0
Syvn1	58.000000	116	0	0
Ssmem1	58.000000	0	116	0
Serpina12	58.000000	116	0	0
Nup160	58.000000	0	116	0
Ncl	58.000000	0	116	0
Lsm4	58.000000	0	116	0
Gm13570	58.000000	0	116	0
Bmf	58.000000	0	116	0
Bcl6	58.000000	116	0	0
Arid5a	58.000000	0	116	0
Anapc11	58.000000	0	116	0
Alyref	58.000000	0	116	0
Vcl	57.500000	0	115	0
Srebf1	57.500000	0	115	0
Sdccag8	57.500000	0	115	0
Reep4	57.500000	0	115	0
Pold2	57.500000	0	115	0
Naa15	57.500000	0	115	0
Mtmr12	57.500000	0	115	0
Mindy2	57.500000	0	115	0
Hivep1	57.500000	0	115	0
Gpx4	57.500000	0	115	0
Ccsap	57.500000	0	115	0
Brpf1	57.500000	0	115	0
Atp6v1fnb	57.500000	0	115	0
Atp6v1f	57.500000	0	115	0
Abhd17c	57.500000	0	115	0
Zfp846	57.000000	0	114	0
Zfc3h1	57.000000	0	114	0
Zfat	57.000000	0	114	0
Xrcc2	57.000000	0	114	0
Ube2j2	57.000000	0	114	0
Txlna	57.000000	0	114	0
Trim24	57.000000	0	114	0
Thap2	57.000000	0	114	0
Tex14	57.000000	114	0	0
Skap2	57.000000	0	114	0
Ocln	57.000000	114	0	0
Lmnb1	57.000000	0	114	0
Kif20a	57.000000	0	114	0
Irgq	57.000000	0	114	0
Exoc6b	57.000000	114	0	0
Eef1e1	57.000000	0	114	0
Cdc42se2	57.000000	0	114	0
Cbfa2t2	57.000000	0	114	0
Brd8	57.000000	0	114	0
Arid1a	57.000000	0	114	0
Anapc1	57.000000	0	114	0
Actl6a	57.000000	0	114	0
Ablim2	57.000000	0	114	0
Znrf4	56.500000	0	113	0
Tubgcp3	56.500000	0	113	0
Tnik	56.500000	0	113	0
Tle3	56.500000	0	113	0
Tbc1d10c	56.500000	0	113	0
Setx	56.500000	0	113	0
Sertad2	56.500000	0	113	0
Rprd2	56.500000	0	113	0
Rab14	56.500000	0	113	0
Ppp1ca	56.500000	0	113	0
Nrbf2	56.500000	0	113	0
Ndel1	56.500000	0	113	0
Mapk1	56.500000	0	113	0
Kpna3	56.500000	0	113	0
Kcnk7	56.500000	0	113	0
Elf2	56.500000	0	113	0
Dennd4a	56.500000	0	113	0
Dcaf10	56.500000	0	113	0
Crebbp	56.500000	0	113	0
Cfap97	56.500000	0	113	0
Anln	56.500000	0	113	0
Aftph	56.500000	0	113	0
Aadac	56.500000	113	0	0
9530077C05Rik	56.500000	0	113	0
Zfand1	56.000000	0	112	0
Usp5	56.000000	0	112	0
Ube2q1	56.000000	0	112	0
Tmf1	56.000000	112	0	0
Tbck	56.000000	0	112	0
Taf5	56.000000	0	112	0
Syt16	56.000000	0	112	0
Pja2	56.000000	0	112	0
Pds5b	56.000000	0	112	0
Nudt9	56.000000	0	112	0
Naa16	56.000000	0	112	0
Krt23	56.000000	0	112	0
Ddx10	56.000000	0	112	0
Cdca3	56.000000	0	112	0
Ccny	56.000000	0	112	0
Ccng1	56.000000	0	112	0
Aimp1	56.000000	0	112	0
Washc3	55.500000	0	111	0
Spring1	55.500000	0	111	0
Slc35e3	55.500000	0	111	0
Rnft2	55.500000	0	111	0
Ppp4r2	55.500000	0	111	0
Plk3	55.500000	0	111	0
Phf20l1	55.500000	0	111	0
Pde6d	55.500000	0	111	0
Pcbp3	55.500000	0	111	0
Pak1	55.500000	0	111	0
Osbpl8	55.500000	0	111	0
Itgav	55.500000	0	111	0
Dynlt1a	55.500000	0	111	0
Cops7b	55.500000	0	111	0
Cnn3	55.500000	111	0	0
Cenpc1	55.500000	0	111	0
Ccnd3	55.500000	0	111	0
Atf2	55.500000	0	111	0
Ufl1	55.000000	0	110	0
Ube2h	55.000000	110	0	0
Trio	55.000000	0	110	0
Tob1	55.000000	0	110	0
Sh3glb1	55.000000	0	110	0
Sema3f	55.000000	0	110	0
Rnf34	55.000000	0	110	0
Rdh13	55.000000	110	0	0
Qars	55.000000	0	110	0
Polr2e	55.000000	0	110	0
Mvk	55.000000	0	110	0
Mrpl34	55.000000	0	110	0
Mmab	55.000000	0	110	0
Hnrnpd	55.000000	0	110	0
Ets1	55.000000	0	110	0
Dgke	55.000000	0	110	0
Dda1	55.000000	0	110	0
Cipc	55.000000	0	110	0
Bcas2	55.000000	0	110	0
Wdr77	54.500000	0	109	0
Usp25	54.500000	0	109	0
Uck2	54.500000	0	109	0
Ube2d2a	54.500000	0	109	0
Tmem60	54.500000	0	109	0
Tmem107	54.500000	109	0	0
Tigd5	54.500000	0	109	0
Strada	54.500000	0	109	0
Setd3	54.500000	0	109	0
Ptpn4	54.500000	0	109	0
Pon2	54.500000	109	0	0
Pigf	54.500000	0	109	0
Phtf2	54.500000	0	109	0
Pdss1	54.500000	0	109	0
Lama3	54.500000	0	109	0
Eef1d	54.500000	0	109	0
Ddhd2	54.500000	0	109	0
Cript	54.500000	0	109	0
Ccnk	54.500000	0	109	0
C87436	54.500000	0	109	0
Atp5pb	54.500000	0	109	0
Alox12	54.500000	0	109	0
Acly	54.500000	0	109	0
Wdfy3	54.000000	108	0	0
Ubqln4	54.000000	0	108	0
Ube2k	54.000000	0	108	0
Tspan4	54.000000	0	108	0
Sox12	54.000000	0	108	0
Smim14	54.000000	0	108	0
Sap30	54.000000	108	0	0
Rel	54.000000	108	0	0
Rab25	54.000000	0	108	0
Polr2l	54.000000	0	108	0
Pofut1	54.000000	0	108	0
Plagl2	54.000000	0	108	0
Nectin3	54.000000	0	108	0
Mxd4	54.000000	0	108	0
Lrrc8b	54.000000	108	0	0
Lamtor2	54.000000	0	108	0
Kdm7a	54.000000	0	108	0
Icmt	54.000000	0	108	0
Hdac6	54.000000	0	108	0
Gatd3a	54.000000	0	108	0
Etv1	54.000000	0	108	0
Ereg	54.000000	108	0	0
Eml4	54.000000	0	108	0
Dhx16	54.000000	0	108	0
Cdk5rap2	54.000000	0	108	0
Cdk10	54.000000	0	108	0
Tomm70a	53.500000	0	107	0
Tmprss11f	53.500000	107	0	0
Tmem254c	53.500000	0	107	0
Tmem254b	53.500000	0	107	0
Tmem254a	53.500000	0	107	0
Stxbp3	53.500000	0	107	0
Sft2d3	53.500000	0	107	0
Ripk2	53.500000	107	0	0
Rhbdd2	53.500000	0	107	0
Rab40c	53.500000	0	107	0
Pold3	53.500000	0	107	0
N4bp2l2	53.500000	0	107	0
Fam110a	53.500000	0	107	0
Esrp1	53.500000	0	107	0
Dzip1l	53.500000	0	107	0
Bcl2l15	53.500000	107	0	0
Banp	53.500000	0	107	0
Ap1m1	53.500000	0	107	0
Rpl36	53.000000	0	106	0
Ptp4a2	53.000000	0	106	0
Plekha6	53.000000	0	106	0
Micos13	53.000000	0	106	0
Ltbp4	53.000000	0	106	0
Dhx15	53.000000	106	0	0
Crybg2	53.000000	106	0	0
4931408C20Rik	53.000000	106	0	0
Zfp959	52.500000	0	105	0
Usp4	52.500000	0	105	0
Unkl	52.500000	0	105	0
Tspan17	52.500000	0	105	0
Trp53bp2	52.500000	0	105	0
Senp1	52.500000	0	105	0
Sacm1l	52.500000	0	105	0
Pfkm	52.500000	0	105	0
Percc1	52.500000	0	105	0
Pdgfb	52.500000	105	0	0
Ndufv2	52.500000	0	105	0
Gcfc2	52.500000	0	105	0
Ell	52.500000	0	105	0
Eif1	52.500000	105	0	0
Edem1	52.500000	0	105	0
BC003965	52.500000	0	105	0
Afg1l	52.500000	0	105	0
Zfp513	52.000000	0	104	0
Ttc27	52.000000	0	104	0
Trabd	52.000000	0	104	0
Sfr1	52.000000	0	104	0
Serac1	52.000000	0	104	0
Rmi2	52.000000	0	104	0
Plxdc2	52.000000	104	0	0
Nfkbiz	52.000000	104	0	0
Ndrg1	52.000000	0	104	0
Mad2l1	52.000000	0	104	0
Lgals8	52.000000	0	104	0
Gtf2h5	52.000000	0	104	0
Fbxo27	52.000000	0	104	0
Def8	52.000000	0	104	0
Bard1	52.000000	0	104	0
Atp11b	52.000000	0	104	0
Acot7	52.000000	0	104	0
Xpnpep1	51.500000	0	103	0
Wwp1	51.500000	0	103	0
Ubald1	51.500000	0	103	0
Osgin1	51.500000	0	103	0
Mfn1	51.500000	0	103	0
Mettl7a1	51.500000	103	0	0
Ier2	51.500000	103	0	0
Ctnna1	51.500000	0	103	0
Zc3h18	51.000000	0	102	0
Ubtf	51.000000	0	102	0
Trpv3	51.000000	0	102	0
Sumf2	51.000000	0	102	0
Stag1	51.000000	0	102	0
Slc35f5	51.000000	0	102	0
Rtf2	51.000000	0	102	0
Preb	51.000000	0	102	0
Pld3	51.000000	0	102	0
Pdcl3	51.000000	0	102	0
Mark3	51.000000	102	0	0
Lsr	51.000000	0	102	0
Lrrc8a	51.000000	0	102	0
Lrrc56	51.000000	0	102	0
Hras	51.000000	0	102	0
Fam187b	51.000000	0	102	0
Donson	51.000000	0	102	0
Dab2ip	51.000000	0	102	0
Crlf2	51.000000	102	0	0
Clptm1	51.000000	0	102	0
Akirin1	51.000000	0	102	0
2310022A10Rik	51.000000	0	102	0
Wdr44	50.500000	0	101	0
Rtkn2	50.500000	0	101	0
Pknox1	50.500000	0	101	0
Pcnx3	50.500000	0	101	0
Nhs	50.500000	0	101	0
Mrln	50.500000	0	101	0
Micall1	50.500000	0	101	0
Map3k11	50.500000	0	101	0
Isy1	50.500000	0	101	0
Eif4e	50.500000	0	101	0
Dmkn	50.500000	101	0	0
Chchd5	50.500000	0	101	0
Alg6	50.500000	0	101	0
Zbtb12	50.000000	0	100	0
Togaram1	50.000000	0	100	0
Spink8	50.000000	0	100	0
Pou2f1	50.000000	0	100	0
Pi4kb	50.000000	0	100	0
Pdik1l	50.000000	0	100	0
Pde4b	50.000000	0	100	0
Ndfip2	50.000000	0	100	0
Klhl28	50.000000	0	100	0
Kdm5c	50.000000	0	100	0
Kazn	50.000000	0	100	0
Fbxl22	50.000000	0	100	0
Fam193a	50.000000	0	100	0
Elf5	50.000000	100	0	0
Ehmt2	50.000000	0	100	0
Dusp8	50.000000	0	100	0
Csnk1g2	50.000000	0	100	0
Crk	50.000000	0	100	0
Atxn7l3	50.000000	0	100	0
Acsl1	50.000000	0	100	0
Usp8	49.500000	0	99	0
Ube2f	49.500000	0	99	0
Tuft1	49.500000	99	0	0
Tbcd	49.500000	0	99	0
Tbcb	49.500000	0	99	0
Sdk1	49.500000	0	99	0
Psmb2	49.500000	0	99	0
Polr2i	49.500000	0	99	0
Ovol3	49.500000	0	99	0
Nudcd1	49.500000	0	99	0
Myo6	49.500000	0	99	0
Myl6b	49.500000	0	99	0
Myl6	49.500000	0	99	0
Irak3	49.500000	0	99	0
Eny2	49.500000	0	99	0
Cyld	49.500000	0	99	0
B4galnt3	49.500000	0	99	0
Atg2a	49.500000	0	99	0
Asnsd1	49.500000	0	99	0
Asdurf	49.500000	0	99	0
Zc3h12a	49.000000	0	98	0
Tsen54	49.000000	0	98	0
Rab11a	49.000000	0	98	0
Pwwp3a	49.000000	0	98	0
Prepl	49.000000	0	98	0
Pcna	49.000000	0	98	0
Ndufs3	49.000000	0	98	0
Mtch1	49.000000	0	98	0
Map7	49.000000	98	0	0
Kmt2c	49.000000	0	98	0
Kbtbd4	49.000000	0	98	0
Kbtbd3	49.000000	0	98	0
Jmy	49.000000	0	98	0
Gpi1	49.000000	0	98	0
Eps8l1	49.000000	0	98	0
Eloc	49.000000	0	98	0
Dtnb	49.000000	0	98	0
Dsg1b	49.000000	98	0	0
Caskin2	49.000000	0	98	0
Camkmt	49.000000	0	98	0
Ankle2	49.000000	0	98	0
Aasdhppt	49.000000	0	98	0
Zfp91	48.500000	0	97	0
Tbl1xr1	48.500000	0	97	0
Sp1	48.500000	97	0	0
Sesn2	48.500000	0	97	0
Pcf11	48.500000	0	97	0
Mbd4	48.500000	0	97	0
Max	48.500000	0	97	0
Lpxn	48.500000	0	97	0
Klhl8	48.500000	0	97	0
Ift122	48.500000	0	97	0
Bcl10	48.500000	0	97	0
Wdr89	48.000000	0	96	0
Tbc1d2	48.000000	0	96	0
Ptpn2	48.000000	0	96	0
Proser1	48.000000	0	96	0
Pdia4	48.000000	0	96	0
Nhlrc3	48.000000	0	96	0
Mien1	48.000000	0	96	0
Mdm1	48.000000	0	96	0
Lsm11	48.000000	0	96	0
Lca5l	48.000000	0	96	0
Itfg2	48.000000	0	96	0
Hibadh	48.000000	0	96	0
H2az2	48.000000	0	96	0
Get4	48.000000	0	96	0
Fbxo46	48.000000	0	96	0
Cycs	48.000000	0	96	0
Blmh	48.000000	0	96	0
Bhmg1	48.000000	0	96	0
Zfp672	47.500000	0	95	0
Zfp438	47.500000	0	95	0
Umad1	47.500000	0	95	0
Snip1	47.500000	0	95	0
Slc39a11	47.500000	95	0	0
Slc35a4	47.500000	0	95	0
Slc19a2	47.500000	0	95	0
Rpa3	47.500000	0	95	0
Ppp1r13b	47.500000	0	95	0
Mdn1	47.500000	0	95	0
Fam90a1b	47.500000	0	95	0
Dnali1	47.500000	0	95	0
Avl9	47.500000	0	95	0
Apoo	47.500000	0	95	0
Apbb3	47.500000	0	95	0
Ankrd26	47.500000	0	95	0
Vkorc1l1	47.000000	0	94	0
Utp15	47.000000	0	94	0
Ufm1	47.000000	0	94	0
Tcte2	47.000000	0	94	0
Suclg1	47.000000	0	94	0
Srp68	47.000000	0	94	0
Snx25	47.000000	0	94	0
Smarca5	47.000000	0	94	0
Prmt9	47.000000	0	94	0
Pak4	47.000000	0	94	0
Myh14	47.000000	0	94	0
Gpsm1	47.000000	0	94	0
Farp2	47.000000	0	94	0
Cirbp	47.000000	0	94	0
Ccdc150	47.000000	0	94	0
Ccdc124	47.000000	0	94	0
Atp7b	47.000000	0	94	0
Ankra2	47.000000	0	94	0
Alg11	47.000000	0	94	0
Afdn	47.000000	0	94	0
AW549877	47.000000	0	94	0
Usp7	46.500000	93	0	0
Spry1	46.500000	0	93	0
Serpina11	46.500000	0	93	0
Rpl23	46.500000	0	93	0
Ppp6r2	46.500000	0	93	0
Nudt2	46.500000	0	93	0
Kif24	46.500000	0	93	0
Id4	46.500000	0	93	0
Hikeshi	46.500000	0	93	0
Gga1	46.500000	0	93	0
Fam234a	46.500000	0	93	0
Cldn8	46.500000	0	93	0
Arhgap12	46.500000	0	93	0
Xpnpep3	46.000000	0	92	0
St13	46.000000	0	92	0
Serbp1	46.000000	0	92	0
Marchf5	46.000000	92	0	0
Hic2	46.000000	0	92	0
Epb41l5	46.000000	0	92	0
Cpeb3	46.000000	92	0	0
Cnot2	46.000000	92	0	0
Btrc	46.000000	0	92	0
Acer3	46.000000	0	92	0
Abcf2	46.000000	0	92	0
Zc3h10	45.500000	0	91	0
Tbc1d32	45.500000	0	91	0
Slc39a2	45.500000	0	91	0
Rpl41	45.500000	0	91	0
Nabp1	45.500000	91	0	0
Hyal4	45.500000	91	0	0
Ctnnal1	45.500000	0	91	0
Cdc6	45.500000	0	91	0
Zfp142	45.000000	0	90	0
Stfa3	45.000000	90	0	0
Pih1d1	45.000000	0	90	0
Mrps16	45.000000	0	90	0
Matr3	45.000000	0	90	0
Kdm5b	45.000000	90	0	0
Gm51425	45.000000	0	90	0
Gadd45g	45.000000	90	0	0
Fpgs	45.000000	0	90	0
Dnajc9	45.000000	0	90	0
Bcs1l	45.000000	0	90	0
Aldh16a1	45.000000	0	90	0
Zfp957	44.500000	0	89	0
Ugdh	44.500000	0	89	0
Tcerg1	44.500000	0	89	0
Scrn3	44.500000	0	89	0
Hdac4	44.500000	0	89	0
Desi2	44.500000	0	89	0
Dennd1a	44.500000	0	89	0
Csrnp1	44.500000	0	89	0
Cir1	44.500000	0	89	0
Cbx1	44.500000	0	89	0
Als2	44.500000	0	89	0
Add3	44.500000	0	89	0
Yme1l1	44.000000	0	88	0
Suz12	44.000000	0	88	0
Slc35g3	44.000000	88	0	0
Polr2a	44.000000	88	0	0
Pdpk1	44.000000	0	88	0
Micall2	44.000000	88	0	0
Mastl	44.000000	0	88	0
Dact3	44.000000	0	88	0
Cfl1	44.000000	0	88	0
Bptf	44.000000	0	88	0
Atp1a1	44.000000	0	88	0
Trim26	43.500000	87	0	0
Tomt	43.500000	0	87	0
Psapl1	43.500000	0	87	0
Nbeal2	43.500000	0	87	0
Myc	43.500000	87	0	0
Lamtor1	43.500000	0	87	0
Fam136a	43.500000	0	87	0
Ddx5	43.500000	87	0	0
Cops8	43.500000	0	87	0
Cep95	43.500000	87	0	0
Ccdc171	43.500000	0	87	0
Ccdc12	43.500000	0	87	0
Ate1	43.500000	0	87	0
Oga	43.000000	0	86	0
Nrep	43.000000	0	86	0
Exosc5	43.000000	0	86	0
Cep72	43.000000	0	86	0
Bckdha	43.000000	0	86	0
Atp13a2	43.000000	0	86	0
Tbc1d31	42.500000	0	85	0
Rnf7	42.500000	0	85	0
Il12rb2	42.500000	85	0	0
Gtdc1	42.500000	0	85	0
Dixdc1	42.500000	0	85	0
Cyb5r4	42.500000	0	85	0
Zbtb2	42.000000	0	84	0
U2af2	42.000000	0	84	0
Siah1a	42.000000	0	84	0
Rsu1	42.000000	0	84	0
Rcbtb1	42.000000	0	84	0
Prpsap2	42.000000	0	84	0
Otud4	42.000000	0	84	0
Mad2l1bp	42.000000	0	84	0
Lipn	42.000000	84	0	0
Fignl1	42.000000	0	84	0
Ccdc106	42.000000	0	84	0
Angel1	42.000000	0	84	0
Tmem147	41.500000	0	83	0
Sptan1	41.500000	0	83	0
Sec31a	41.500000	83	0	0
Padi3	41.500000	0	83	0
Abtb1	41.500000	0	83	0
Uso1	41.000000	0	82	0
Trpm7	41.000000	0	82	0
Pcyox1	41.000000	0	82	0
G3bp2	41.000000	0	82	0
Fbxo11	41.000000	0	82	0
Ccdc174	41.000000	0	82	0
Tubd1	40.500000	0	81	0
Rps6kb1	40.500000	0	81	0
Rer1	40.500000	0	81	0
Morn1	40.500000	0	81	0
Git2	40.500000	0	81	0
Epb41	40.500000	81	0	0
Efna5	40.500000	0	81	0
Ccdc85c	40.500000	0	81	0
Ankrd50	40.500000	0	81	0
Ankrd13a	40.500000	0	81	0
Zfp605	40.000000	0	80	0
Wdr53	40.000000	80	0	0
Lpar2	40.000000	80	0	0
Gtpbp6	40.000000	0	80	0
Fbxo45	40.000000	80	0	0
Diaph3	40.000000	0	80	0
Ctdsp1	40.000000	0	80	0
Cdc42	40.000000	0	80	0
Cdadc1	40.000000	0	80	0
Vrk1	39.500000	0	79	0
Sgpl1	39.500000	0	79	0
Rnpc3	39.500000	0	79	0
Pak2	39.500000	0	79	0
Mapk6	39.500000	0	79	0
Ehbp1	39.500000	0	79	0
Anapc4	39.500000	0	79	0
Flg2	39.000000	78	0	0
Zc3h6	38.500000	0	77	0
Zbtb26	38.500000	0	77	0
Vapa	38.500000	0	77	0
Rabl6	38.500000	0	77	0
Pgap3	38.500000	77	0	0
Csde1	38.500000	77	0	0
Zc3h12c	38.000000	0	76	0
Pnpla8	38.000000	76	0	0
Dnajc13	38.000000	0	76	0
Cyp4f39	38.000000	76	0	0
Ccnf	38.000000	0	76	0
Trit1	37.500000	0	75	0
Nrf1	37.500000	0	75	0
Mtmr6	37.500000	0	75	0
Mphosph10	37.500000	0	75	0
Mcee	37.500000	0	75	0
Elf3	37.500000	75	0	0
Wdr37	37.000000	0	74	0
Trappc2l	37.000000	0	74	0
Galns	37.000000	0	74	0
Fosl2	37.000000	0	74	0
Spa17	36.500000	0	73	0
Siae	36.500000	0	73	0
Sec22b	36.500000	0	73	0
Cldn1	36.500000	73	0	0
Mtmr2	36.000000	0	72	0
Ift88	36.000000	0	72	0
Ddx50	36.000000	0	72	0
Amz2	36.000000	0	72	0
Zfp64	35.500000	0	71	0
Rbfox2	35.500000	0	71	0
Oas1f	35.500000	0	71	0
Fxr1	35.500000	0	71	0
Ubxn6	35.000000	0	70	0
Trim32	35.000000	0	70	0
Hdgfl2	35.000000	0	70	0
Satb1	34.000000	68	0	0
Utp14b	33.500000	0	67	0
Pld2	33.500000	0	67	0
Acsl3	33.500000	0	67	0
Naa80	33.000000	66	0	0
Hyal1	33.000000	66	0	0
Sfn	32.500000	65	0	0
Uhrf1	32.000000	0	64	0
Creld1	31.500000	0	63	0
Map3k7	31.000000	0	62	0
Nfyc	30.500000	0	61	0
Hspe1	30.500000	0	61	0
Hspd1	30.500000	0	61	0
