Target_genes	Lef1|Average	SRX2987360|Back_skin	SRX11540058|EpiLC	SRX11540059|EpiLC	SRX11540060|EpiLC	SRX11540070|EpiLC	SRX11540071|EpiLC	SRX11540072|EpiLC	SRX11540082|EpiLC	SRX11540083|EpiLC	SRX11540084|EpiLC	SRX9641183|EpiLC	SRX9641184|EpiLC	SRX9641185|EpiLC	SRX9641196|EpiLC	SRX9641197|EpiLC	SRX9641198|EpiLC	SRX9641212|EpiLC	SRX9641213|EpiLC	SRX9641214|EpiLC	SRX9641164|ES_cells	SRX9641165|ES_cells	SRX9641166|ES_cells	SRX4504687|Keratinocytes	SRX5227764|Naive_T_cells	SRX5227765|Naive_T_cells	SRX5825960|Nephron_progenitor	SRX5825961|Nephron_progenitor	SRX5825982|Nephron_progenitor	SRX5825983|Nephron_progenitor	SRX5826002|Nephron_progenitor	SRX5826003|Nephron_progenitor	STRING
Tcstv3	1648.580645	385	2337	2248	2138	2547	2547	2326	2577	2445	2380	2039	2079	2003	2203	1807	1983	2393	1889	2472	1956	2323	1952	1274	1109	1132	0	0	151	106	223	82	0
Cldn34d	503.903226	465	612	402	596	422	509	520	525	373	426	230	400	202	293	281	281	959	471	687	634	572	98	791	570	270	617	788	1141	803	683	0	0
Gbx2	273.709677	0	227	316	141	418	359	446	532	339	395	126	279	149	278	146	441	1060	1202	1476	0	155	0	0	0	0	0	0	0	0	0	0	0
Sprr2a2	260.741935	0	0	0	0	573	209	345	230	278	630	0	0	0	742	224	1106	779	1201	1656	0	0	0	110	0	0	0	0	0	0	0	0	0
Sprr2a1	260.741935	0	0	0	0	573	209	345	230	278	630	0	0	0	742	224	1106	779	1201	1656	0	0	0	110	0	0	0	0	0	0	0	0	0
Kpna1	257.870968	706	0	0	0	0	0	0	0	0	0	0	0	0	0	0	0	326	0	199	0	0	0	985	1056	455	691	805	589	527	632	1023	0
Sprr2a3	254.741935	0	0	0	0	604	193	294	207	290	619	0	108	0	681	216	1073	778	1225	1609	0	0	0	0	0	0	0	0	0	0	0	0	0
Brox	228.032258	443	139	119	121	153	0	73	143	132	89	135	118	0	156	0	130	436	72	153	167	0	0	701	535	629	309	411	669	458	225	353	0
Aida	228.032258	443	139	119	121	153	0	73	143	132	89	135	118	0	156	0	130	436	72	153	167	0	0	701	535	629	309	411	669	458	225	353	0
Cyb5r4	217.967742	150	0	0	0	0	0	0	0	0	0	0	0	0	0	0	159	291	221	541	0	238	0	759	0	0	554	402	1401	1480	561	0	0
Rtl8c	213.774194	0	198	386	197	318	434	331	476	400	335	138	168	163	238	205	443	600	464	979	0	154	0	0	0	0	0	0	0	0	0	0	0
Bahcc1	212.000000	0	160	182	220	370	214	243	306	0	180	0	0	0	123	154	99	696	670	901	0	286	0	332	0	0	0	0	451	573	241	171	0
Amotl2	211.967742	0	0	119	0	198	0	0	182	0	0	0	0	0	194	309	226	614	799	946	0	445	0	245	0	0	140	0	799	917	438	0	0
Il31ra	202.000000	448	0	0	292	0	0	177	0	0	0	0	0	0	0	0	0	272	0	0	0	0	0	685	798	584	538	707	502	360	488	411	0
Rhob	195.645161	0	0	217	308	376	347	330	234	304	164	0	0	0	328	0	248	729	759	1339	0	159	0	0	0	0	0	0	0	223	0	0	0
Rtl8b	171.258065	0	0	352	305	331	363	289	502	0	271	123	0	0	183	112	417	595	543	797	0	126	0	0	0	0	0	0	0	0	0	0	0
Tcf7l1	169.935484	0	270	270	861	481	172	731	0	585	0	713	0	0	576	0	0	507	0	0	102	0	0	0	0	0	0	0	0	0	0	0	0
Hoxd1	166.677419	0	0	235	426	218	288	354	224	162	302	0	0	0	133	141	168	731	824	961	0	0	0	0	0	0	0	0	0	0	0	0	0
Wnt6	165.387097	0	0	141	209	284	262	262	393	0	247	0	0	0	0	84	251	729	578	1220	0	0	0	0	0	0	0	0	286	181	0	0	0
Gtf2b	163.806452	0	0	207	177	138	354	182	137	138	149	0	0	0	0	150	273	365	496	809	0	305	0	207	0	0	0	0	449	468	74	0	0
Asmt	142.483871	274	0	0	0	0	0	0	0	0	0	89	116	0	177	0	0	156	139	159	292	91	0	524	614	806	169	275	206	106	224	0	0
R3hdm2	136.193548	0	0	0	0	217	242	330	0	0	261	0	0	0	277	254	471	364	785	1021	0	0	0	0	0	0	0	0	0	0	0	0	0
1190007I07Rik	133.903226	0	0	0	0	150	0	104	162	0	0	0	216	0	0	240	0	406	454	712	0	258	0	392	143	0	0	0	266	396	147	105	0
Dnaaf3	131.677419	0	0	0	0	225	0	143	0	240	219	0	0	0	262	197	685	227	569	1071	0	244	0	0	0	0	0	0	0	0	0	0	0
Zfp503	126.870968	0	0	0	0	0	0	0	0	0	127	0	0	0	0	0	0	357	285	412	0	206	0	0	0	0	0	0	965	1172	257	152	0
Tfap2a	119.870968	0	0	0	0	0	0	0	0	0	0	1336	0	114	1643	0	0	0	0	168	455	0	0	0	0	0	0	0	0	0	0	0	0
Hoxb4	111.580645	0	0	0	0	0	0	0	102	0	182	0	0	0	0	0	0	488	400	330	0	0	0	0	0	0	70	0	920	815	152	0	0
Coq2	108.161290	0	0	0	0	0	0	0	0	0	0	0	0	0	0	135	0	312	187	568	0	177	0	569	0	0	104	0	514	532	255	0	0
Hoxb1	107.677419	0	0	174	0	280	265	351	0	0	374	0	0	0	0	0	0	560	653	681	0	0	0	0	0	0	0	0	0	0	0	0	0
Ndufaf4	103.903226	0	0	0	0	94	126	0	0	172	0	0	0	0	189	0	240	489	747	875	0	149	0	140	0	0	0	0	0	0	0	0	0
Thoc1	103.000000	0	0	0	0	0	0	243	127	0	0	0	169	0	142	152	109	303	670	937	0	162	0	0	0	0	0	0	0	179	0	0	0
Tmem125	101.161290	0	94	0	0	0	0	0	0	0	0	155	263	160	0	260	145	153	120	208	128	110	0	271	494	240	0	176	0	0	159	0	0
Sspn	100.225806	334	170	0	0	0	0	0	0	0	0	0	0	0	0	0	0	0	0	0	0	0	0	400	505	132	216	434	181	149	354	232	0
Mllt6	97.806452	0	0	0	0	171	0	197	98	237	0	0	0	97	0	103	125	324	536	541	0	408	84	0	0	0	0	0	111	0	0	0	0
Lhpp	97.677419	0	268	0	138	0	154	207	242	0	215	0	0	0	0	78	111	487	550	578	0	0	0	0	0	0	0	0	0	0	0	0	0
Septin9	97.225806	0	0	0	0	205	112	284	0	0	0	0	129	0	0	0	0	464	434	594	0	365	0	0	132	0	0	0	139	156	0	0	0
Lypd11	91.000000	0	252	0	171	242	202	0	195	0	0	181	179	0	166	0	0	224	0	0	298	275	0	0	228	208	0	0	0	0	0	0	0
Sh2b1	88.806452	0	233	0	0	0	72	0	0	0	0	0	0	0	0	237	0	195	286	488	0	0	0	232	0	0	77	0	469	464	0	0	0
Hoxb3	88.451613	0	0	0	0	0	0	0	80	0	0	0	0	0	0	0	0	277	223	205	0	0	0	0	0	0	70	0	920	815	152	0	0
Ctif	87.612903	0	0	0	0	0	0	174	0	0	0	0	0	0	0	188	191	282	489	873	0	0	0	136	0	0	0	0	207	176	0	0	0
Dydc2	84.741935	0	0	99	0	220	149	172	134	0	121	0	133	0	0	0	240	277	317	568	0	197	0	0	0	0	0	0	0	0	0	0	0
6030468B19Rik	83.451613	0	0	0	0	242	212	175	0	0	227	0	0	0	0	0	98	305	492	836	0	0	0	0	0	0	0	0	0	0	0	0	0
Bpifb5	82.193548	0	0	0	0	0	0	0	0	0	0	0	133	0	0	224	0	356	397	692	0	237	0	0	0	0	0	0	347	162	0	0	0
C77080	81.290323	0	0	0	0	0	0	234	0	0	0	0	191	0	0	146	141	296	539	457	0	252	0	264	0	0	0	0	0	0	0	0	0
Cdx1	80.354839	0	0	0	0	0	0	0	200	0	208	0	0	0	0	153	237	554	392	593	0	154	0	0	0	0	0	0	0	0	0	0	0
Slc38a4	78.483871	0	0	0	0	106	0	194	0	154	173	0	0	0	101	0	275	221	467	309	0	199	0	0	0	0	0	0	91	143	0	0	0
Oasl1	73.516129	345	0	0	0	0	0	0	0	0	0	0	0	0	0	0	0	0	0	0	0	0	0	495	255	149	145	487	240	0	0	163	0
Alox15	71.129032	0	0	0	0	131	107	0	0	0	184	0	0	0	0	106	216	290	545	626	0	0	0	0	0	0	0	0	0	0	0	0	0
Tnfrsf19	70.677419	0	0	0	0	0	0	0	134	0	0	0	0	0	0	0	123	273	238	385	0	166	0	0	0	0	0	0	456	242	174	0	0
Abhd6	70.322581	230	0	0	0	0	0	0	0	0	0	0	169	0	0	0	0	0	0	194	0	181	238	436	355	377	0	0	0	0	0	0	0
Nt5e	67.645161	0	0	0	226	0	0	0	0	0	339	0	235	0	0	0	0	314	523	297	0	163	0	0	0	0	0	0	0	0	0	0	0
Akr1c13	67.548387	0	0	0	0	146	127	91	0	0	154	0	0	0	189	0	283	181	421	502	0	0	0	0	0	0	0	0	0	0	0	0	0
Kdm2b	67.032258	0	0	0	0	0	0	190	141	0	144	0	127	0	93	0	0	494	342	547	0	0	0	0	0	0	0	0	0	0	0	0	0
Cuedc2	63.129032	0	0	0	0	0	0	0	0	0	0	0	0	0	0	0	0	133	308	294	0	0	0	312	0	0	0	0	326	423	161	0	0
Gm4861	61.129032	0	0	0	130	99	174	92	0	0	0	0	218	158	0	0	0	306	207	359	0	152	0	0	0	0	0	0	0	0	0	0	0
Olfr1028	60.290323	0	0	0	0	0	0	0	0	0	102	0	0	0	0	117	209	286	610	545	0	0	0	0	0	0	0	0	0	0	0	0	0
Olfr1229	60.129032	0	0	0	0	0	0	0	0	0	126	0	0	0	157	128	207	164	360	722	0	0	0	0	0	0	0	0	0	0	0	0	0
Phlpp1	58.677419	0	0	0	0	0	0	0	0	0	0	0	0	0	0	0	0	0	0	0	0	0	0	425	0	0	0	0	696	698	0	0	0
Evx1	58.064516	0	0	161	141	0	193	156	89	0	0	0	0	0	0	0	139	302	308	311	0	0	0	0	0	0	0	0	0	0	0	0	0
Tfap2c	57.774194	0	0	0	0	0	0	0	0	0	0	441	0	0	633	0	0	717	0	0	0	0	0	0	0	0	0	0	0	0	0	0	0
Grsf1	57.258065	0	132	124	0	0	0	101	158	0	114	0	0	0	0	0	0	509	298	235	0	104	0	0	0	0	0	0	0	0	0	0	0
Crot	56.419355	0	0	0	0	0	0	136	0	0	0	0	0	0	172	118	164	150	331	678	0	0	0	0	0	0	0	0	0	0	0	0	0
Ric3	56.387097	0	0	0	0	0	0	0	0	0	0	0	0	0	0	88	0	174	171	200	0	0	0	237	0	0	0	0	401	477	0	0	0
Eno1	54.032258	0	0	0	0	113	0	0	0	0	0	0	0	0	0	0	0	355	370	333	0	205	0	0	0	0	0	0	182	117	0	0	0
Zfp428	51.709677	0	0	0	159	191	0	105	177	0	0	0	0	0	0	0	0	161	246	412	0	152	0	0	0	0	0	0	0	0	0	0	0
H2-Q9	50.967742	0	0	0	0	0	0	0	217	0	0	0	0	0	0	112	0	216	334	592	0	0	0	0	0	0	0	0	0	109	0	0	0
H2-Q7	50.967742	0	0	0	0	0	0	0	217	0	0	0	0	0	0	112	0	216	334	592	0	0	0	0	0	0	0	0	0	109	0	0	0
Sp5	50.516129	0	0	0	0	84	0	0	130	0	0	0	0	0	0	0	89	443	258	311	0	165	0	0	0	0	0	0	0	86	0	0	0
Fzd10	50.225806	0	0	0	0	0	0	0	145	0	0	0	0	0	0	0	0	538	327	547	0	0	0	0	0	0	0	0	0	0	0	0	0
Tmem181a	50.064516	0	0	218	0	0	0	0	0	0	0	0	0	148	0	0	229	144	0	0	0	546	267	0	0	0	0	0	0	0	0	0	0
Sphk2	49.548387	0	0	0	0	0	0	0	0	0	0	0	0	0	0	0	0	176	268	383	0	0	0	172	0	0	0	0	252	285	0	0	0
Rpl18	49.548387	0	0	0	0	0	0	0	0	0	0	0	0	0	0	0	0	176	268	383	0	0	0	172	0	0	0	0	252	285	0	0	0
Slc25a28	49.161290	0	0	0	0	0	0	0	0	0	0	0	0	0	0	0	0	163	199	343	0	0	0	188	0	0	0	0	259	271	101	0	0
Lhx4	48.645161	0	0	0	0	0	0	0	141	0	0	0	0	0	0	0	0	169	250	415	0	0	0	0	0	0	0	0	274	259	0	0	0
Auts2	47.709677	0	0	0	0	0	0	0	0	0	0	0	0	0	0	0	0	0	0	0	0	0	0	0	0	0	171	0	372	479	229	228	0
Pip5k1b	47.516129	0	0	0	0	0	0	0	0	0	0	0	0	0	0	0	0	146	0	267	0	162	0	0	0	0	0	0	319	579	0	0	0
C4bp	46.225806	0	0	0	0	0	0	0	0	0	0	0	0	0	0	0	224	330	408	471	0	0	0	0	0	0	0	0	0	0	0	0	0
Ptar1	46.000000	0	0	0	107	129	0	0	0	0	0	0	123	0	0	0	0	94	112	220	0	0	0	120	0	0	0	0	199	322	0	0	0
Olfr813	45.774194	0	0	0	0	0	0	0	0	0	0	0	0	0	0	169	206	110	371	389	0	174	0	0	0	0	0	0	0	0	0	0	0
Olfr806	45.161290	0	0	0	0	0	0	0	0	0	0	0	0	0	0	0	0	0	0	0	0	0	0	374	471	555	0	0	0	0	0	0	0
Nr1d1	45.161290	0	0	0	0	0	0	148	105	0	0	0	0	0	0	0	0	202	234	362	0	0	0	101	0	0	0	0	112	136	0	0	0
Gabrb2	45.161290	0	0	0	0	0	195	130	0	0	0	0	0	0	0	0	0	223	154	428	0	0	0	0	0	0	0	0	158	112	0	0	0
Fam185a	44.967742	0	0	0	0	0	0	0	0	0	0	0	0	0	0	0	0	73	178	312	0	139	0	118	119	0	0	0	194	261	0	0	0
Ccdc146	44.967742	0	0	0	0	0	0	0	0	0	0	0	0	0	0	0	0	73	178	312	0	139	0	118	119	0	0	0	194	261	0	0	0
Runx1	44.096774	0	0	0	0	0	0	0	0	0	0	0	0	0	0	0	0	0	0	123	0	0	0	246	0	0	0	0	312	420	170	96	0
Mpp7	43.806452	0	116	0	0	0	0	0	114	0	0	0	0	0	0	0	0	353	185	458	0	0	132	0	0	0	0	0	0	0	0	0	0
Wwox	43.387097	179	0	0	0	0	0	0	0	0	0	0	0	0	0	0	0	0	0	202	0	0	0	444	227	293	0	0	0	0	0	0	0
Lum	43.000000	0	0	0	0	0	117	211	0	0	0	0	165	248	136	0	0	0	139	0	0	317	0	0	0	0	0	0	0	0	0	0	0
Ccnd1	41.870968	0	0	0	0	0	0	0	170	0	0	0	178	0	0	0	0	117	320	338	0	68	0	107	0	0	0	0	0	0	0	0	0
Zfp12	41.516129	0	0	0	0	0	0	0	0	0	0	0	0	0	0	0	0	283	340	356	0	0	0	197	0	0	0	0	0	111	0	0	0
Vps11	40.483871	0	0	0	0	0	0	0	0	0	0	0	0	0	0	0	0	163	211	321	0	0	0	120	0	0	0	0	262	178	0	0	0
Olfr140	40.258065	0	0	0	0	0	0	0	0	0	176	0	133	0	0	0	0	390	249	300	0	0	0	0	0	0	0	0	0	0	0	0	0
Nkx6-1	40.225806	0	0	0	0	0	0	0	0	0	0	0	0	0	0	0	0	308	235	294	0	0	0	0	0	0	0	0	218	192	0	0	0
Aprt	39.322581	0	0	0	0	0	0	0	0	0	0	0	0	0	0	0	0	0	178	392	0	0	0	0	0	0	0	0	335	314	0	0	0
Vmn2r102	39.129032	761	0	0	0	0	0	0	0	0	0	0	0	0	0	0	0	0	0	0	0	0	0	127	0	0	0	325	0	0	0	0	0
Nemf	37.677419	0	0	0	0	0	0	0	0	0	0	0	0	0	0	0	0	0	0	0	0	0	0	145	0	253	158	204	204	0	0	204	0
H2-Q8	37.516129	0	0	0	0	0	0	0	206	0	0	0	0	0	0	0	0	225	343	315	0	0	0	0	74	0	0	0	0	0	0	0	0
H2-Q6	37.516129	0	0	0	0	0	0	0	206	0	0	0	0	0	0	0	0	225	343	315	0	0	0	0	74	0	0	0	0	0	0	0	0
Epp13	37.258065	0	0	0	0	0	0	0	0	0	0	98	149	0	0	0	0	255	173	225	0	255	0	0	0	0	0	0	0	0	0	0	0
Aplnr	37.000000	0	0	0	0	231	0	0	0	0	0	0	0	0	0	0	0	189	317	410	0	0	0	0	0	0	0	0	0	0	0	0	0
Acp5	35.903226	0	0	0	0	0	0	0	0	0	0	0	0	0	0	0	0	228	360	417	0	108	0	0	0	0	0	0	0	0	0	0	0
Mobp	35.677419	0	0	0	0	0	0	0	0	0	0	0	707	188	0	0	0	0	0	0	0	211	0	0	0	0	0	0	0	0	0	0	0
Ncam1	35.645161	0	0	0	0	0	0	0	0	0	0	0	0	0	0	0	0	209	150	381	0	0	0	0	0	0	0	0	125	131	109	0	0
Ptk7	35.516129	0	0	0	0	0	0	0	0	0	0	0	0	0	0	0	85	185	282	549	0	0	0	0	0	0	0	0	0	0	0	0	0
Mtf2	35.516129	0	0	0	0	0	0	0	0	0	0	0	0	0	0	0	0	0	118	367	0	186	0	151	0	0	0	0	153	126	0	0	0
Inf2	35.354839	0	0	0	0	0	0	0	0	0	0	0	0	0	0	188	0	221	252	330	0	0	0	0	0	0	0	0	0	105	0	0	0
Eya2	35.322581	0	0	0	0	0	0	0	157	0	0	0	0	0	0	0	0	241	296	401	0	0	0	0	0	0	0	0	0	0	0	0	0
Gnas	35.129032	0	0	0	0	0	210	0	0	0	0	0	0	0	0	0	0	167	277	435	0	0	0	0	0	0	0	0	0	0	0	0	0
Map10	34.967742	0	0	0	0	0	0	0	0	0	0	0	177	0	168	0	134	0	286	104	0	215	0	0	0	0	0	0	0	0	0	0	0
Avpr1b	34.903226	0	0	0	0	0	0	0	0	0	0	0	0	0	0	0	173	150	310	449	0	0	0	0	0	0	0	0	0	0	0	0	0
Btn2a2	34.677419	0	0	0	0	0	0	0	95	0	268	0	0	0	0	0	0	191	211	310	0	0	0	0	0	0	0	0	0	0	0	0	0
Optn	34.580645	0	0	0	0	0	0	0	0	0	0	0	0	0	0	0	0	0	0	0	0	0	0	0	0	0	0	0	432	640	0	0	0
Rbm25	33.806452	0	0	0	0	0	0	0	0	0	0	0	0	0	0	0	0	0	209	331	0	0	0	108	0	0	0	0	157	243	0	0	0
Polr1d	33.354839	0	0	0	0	0	0	0	0	0	0	0	0	0	0	0	0	183	254	326	0	0	0	130	0	0	0	0	0	141	0	0	0
Lnx2	33.354839	0	0	0	0	0	0	0	0	0	0	0	0	0	0	0	0	183	254	326	0	0	0	130	0	0	0	0	0	141	0	0	0
Ifna13	33.193548	0	0	0	0	0	0	0	0	0	0	0	0	0	0	0	0	0	0	0	0	0	0	237	244	0	0	0	177	209	0	162	0
Ahdc1	33.000000	0	0	0	0	163	0	0	0	0	0	0	0	0	0	0	0	255	97	397	0	111	0	0	0	0	0	0	0	0	0	0	0
H2bc21	32.935484	0	0	0	0	0	0	0	0	0	0	0	0	0	0	0	0	0	0	175	0	0	0	195	126	0	0	0	238	287	0	0	0
H2ac21	32.935484	0	0	0	0	0	0	0	0	0	0	0	0	0	0	0	0	0	0	175	0	0	0	195	126	0	0	0	238	287	0	0	0
H2ac20	32.935484	0	0	0	0	0	0	0	0	0	0	0	0	0	0	0	0	0	0	175	0	0	0	195	126	0	0	0	238	287	0	0	0
Fscn1	32.870968	0	0	0	0	0	162	0	0	0	0	0	0	0	0	0	0	202	177	478	0	0	0	0	0	0	0	0	0	0	0	0	0
Mpp2	32.677419	0	0	0	0	0	0	0	0	0	0	0	0	0	0	0	0	208	265	540	0	0	0	0	0	0	0	0	0	0	0	0	0
Taf1	32.612903	0	0	0	0	0	0	0	0	0	0	0	0	0	0	0	0	0	217	237	0	0	0	115	0	0	0	0	278	164	0	0	0
Cln6	32.612903	0	0	0	0	0	0	0	0	0	0	0	0	0	0	0	0	0	0	0	0	0	0	0	0	0	0	0	433	578	0	0	0
Olfr576	32.580645	0	0	0	94	0	0	0	0	0	0	0	82	0	0	0	0	227	234	373	0	0	0	0	0	0	0	0	0	0	0	0	0
Cnpy1	32.129032	0	0	0	0	0	0	0	0	0	0	0	322	0	0	0	0	0	0	0	0	360	0	0	0	0	0	0	106	208	0	0	0
Anapc7	31.548387	0	0	0	0	0	0	0	0	0	0	0	0	0	0	0	0	165	271	356	0	0	0	0	0	0	0	0	0	186	0	0	0
Cma2	31.483871	0	0	0	0	0	0	0	0	0	0	0	0	0	161	0	252	168	241	154	0	0	0	0	0	0	0	0	0	0	0	0	0
Tob2	31.225806	0	0	0	0	0	0	0	0	0	0	0	0	0	0	0	0	143	0	195	0	0	0	195	0	0	0	0	275	160	0	0	0
Lef1	31.193548	0	0	0	0	0	0	0	0	0	0	0	0	0	0	0	0	180	134	149	0	155	0	0	0	0	0	0	149	200	0	0	0
Dchs2	31.129032	0	0	0	0	0	0	0	0	0	0	0	0	0	0	0	0	0	0	0	0	0	0	223	563	179	0	0	0	0	0	0	0
Msgn1	30.451613	0	0	0	0	0	0	0	0	0	0	0	0	0	0	0	0	233	142	569	0	0	0	0	0	0	0	0	0	0	0	0	0
Zfp142	29.709677	0	0	0	0	0	0	0	0	0	0	0	0	0	0	0	0	0	124	0	0	0	0	0	0	0	0	0	366	431	0	0	0
Bcs1l	29.709677	0	0	0	0	0	0	0	0	0	0	0	0	0	0	0	0	0	124	0	0	0	0	0	0	0	0	0	366	431	0	0	0
Setd1b	29.580645	0	0	0	0	0	0	0	0	0	0	0	140	0	0	0	0	281	154	342	0	0	0	0	0	0	0	0	0	0	0	0	0
Sfi1	29.548387	0	0	0	0	0	0	0	0	0	0	0	0	0	0	0	0	190	148	267	0	113	0	198	0	0	0	0	0	0	0	0	0
Ftdc1	29.483871	0	0	0	0	0	0	0	0	0	66	0	0	0	0	0	244	123	183	298	0	0	0	0	0	0	0	0	0	0	0	0	0
Tmem159	29.322581	0	0	0	0	0	0	0	0	0	0	0	0	0	0	0	0	0	0	256	0	0	0	136	0	0	0	0	230	287	0	0	0
Dnah3	29.322581	0	0	0	0	0	0	0	0	0	0	0	0	0	0	0	0	0	0	256	0	0	0	136	0	0	0	0	230	287	0	0	0
Hoxa4	29.258065	0	0	0	0	0	0	0	0	0	0	0	0	0	0	0	0	355	120	109	0	197	0	0	0	0	0	0	0	126	0	0	0
Akt2	29.129032	0	0	0	0	0	0	0	0	0	98	0	0	0	0	0	0	121	367	317	0	0	0	0	0	0	0	0	0	0	0	0	0
Soat1	29.064516	0	0	0	0	0	0	127	0	0	145	0	189	0	0	0	0	166	135	139	0	0	0	0	0	0	0	0	0	0	0	0	0
Rpp25	28.806452	0	0	0	0	0	0	0	0	0	0	0	0	0	0	0	0	0	0	0	0	0	0	0	0	0	0	0	434	459	0	0	0
Plp2	28.741935	0	0	0	0	0	0	0	0	0	0	0	0	0	0	0	166	178	240	307	0	0	0	0	0	0	0	0	0	0	0	0	0
Pkm	28.709677	0	0	0	0	0	0	0	0	0	0	0	0	0	0	0	0	117	355	203	0	0	0	0	0	0	0	0	116	99	0	0	0
Vipr2	28.322581	0	0	0	0	0	0	0	0	0	0	0	0	0	0	0	0	0	0	0	0	0	0	0	0	0	0	0	387	491	0	0	0
Spink2	28.161290	0	0	0	0	0	0	0	0	0	0	0	0	0	0	0	0	0	0	0	0	0	0	0	0	0	0	0	527	346	0	0	0
Sc5d	28.096774	0	0	0	0	0	0	0	0	0	0	0	0	0	0	0	0	95	128	112	0	118	0	185	0	0	0	0	99	134	0	0	0
Fsip1	27.903226	0	0	0	0	0	0	0	0	0	0	0	0	0	0	0	0	208	195	462	0	0	0	0	0	0	0	0	0	0	0	0	0
Tpm4	27.645161	0	0	0	0	0	0	159	0	0	0	0	0	0	0	0	0	312	117	269	0	0	0	0	0	0	0	0	0	0	0	0	0
Gpr150	27.322581	0	0	0	0	0	0	0	0	0	0	0	0	0	0	0	0	130	131	312	0	0	0	0	0	0	0	0	149	125	0	0	0
Slc22a3	27.290323	0	0	0	0	0	0	0	0	0	0	0	0	0	0	0	0	0	0	0	0	0	0	0	0	0	0	0	313	533	0	0	0
Nog	27.290323	0	0	0	0	0	0	0	0	0	0	0	0	0	0	0	0	158	239	449	0	0	0	0	0	0	0	0	0	0	0	0	0
Mtfp1	27.258065	0	0	0	0	0	0	0	0	0	0	0	0	0	0	0	0	0	0	0	0	0	0	0	0	0	0	0	368	477	0	0	0
Fgd4	27.258065	0	0	0	0	79	0	0	0	0	99	0	0	0	0	0	166	103	185	213	0	0	0	0	0	0	0	0	0	0	0	0	0
Frg2f1	26.935484	0	0	0	0	0	0	0	0	0	0	0	0	0	0	0	0	0	0	0	0	0	0	0	0	0	0	0	468	367	0	0	0
Foxj3	26.935484	0	0	0	0	0	0	0	0	0	0	0	0	0	0	0	0	0	0	0	0	0	0	0	0	0	0	0	468	367	0	0	0
Arhgap33	26.838710	0	0	0	0	0	0	0	0	0	0	0	0	0	0	0	113	174	274	271	0	0	0	0	0	0	0	0	0	0	0	0	0
Vmn1r212	26.774194	0	0	0	0	0	0	0	0	0	0	0	0	0	0	0	0	202	232	396	0	0	0	0	0	0	0	0	0	0	0	0	0
Snph	26.774194	0	0	0	0	0	0	0	0	0	0	0	0	0	0	0	0	191	218	277	0	0	0	0	0	0	0	0	0	144	0	0	0
Pura	26.741935	0	0	143	0	0	0	0	0	0	0	0	0	0	0	0	0	131	173	382	0	0	0	0	0	0	0	0	0	0	0	0	0
M6pr	26.709677	0	0	0	0	0	0	0	0	0	0	0	0	0	0	0	0	176	188	300	0	0	0	0	0	0	0	0	164	0	0	0	0
Axin2	26.677419	0	0	0	0	0	0	0	0	0	0	0	0	0	0	0	0	236	0	186	0	0	0	131	0	0	0	0	150	124	0	0	0
Adcy6	26.645161	0	0	0	0	0	0	0	0	0	0	0	0	0	0	0	0	0	0	119	0	0	0	0	0	0	0	0	390	317	0	0	0
Rgs12	26.161290	0	0	0	0	0	0	0	0	0	0	0	0	0	0	0	0	214	279	222	0	0	0	96	0	0	0	0	0	0	0	0	0
Hes7	25.870968	0	0	0	0	0	0	0	0	0	0	0	0	0	0	0	0	203	198	401	0	0	0	0	0	0	0	0	0	0	0	0	0
Wnt5b	25.838710	0	0	0	0	0	0	0	0	0	0	0	97	0	0	0	0	145	217	219	0	123	0	0	0	0	0	0	0	0	0	0	0
Tbx6	25.774194	0	0	0	0	0	0	0	0	0	0	0	0	0	0	0	0	108	275	416	0	0	0	0	0	0	0	0	0	0	0	0	0
Vrtn	25.709677	0	0	0	0	0	0	0	0	0	0	0	0	0	0	0	135	198	194	270	0	0	0	0	0	0	0	0	0	0	0	0	0
Cdx2	25.709677	0	0	0	0	0	0	0	0	0	0	104	102	160	0	0	0	82	0	197	0	152	0	0	0	0	0	0	0	0	0	0	0
Mcc	25.645161	0	0	0	0	0	0	0	0	0	140	0	0	0	0	0	126	235	190	104	0	0	0	0	0	0	0	0	0	0	0	0	0
Foxd1	25.129032	0	0	0	0	105	0	0	0	0	0	0	0	0	0	0	0	203	203	268	0	0	0	0	0	0	0	0	0	0	0	0	0
St8sia6	25.096774	0	0	0	0	0	0	0	0	0	0	0	0	0	0	0	0	0	0	0	0	0	0	0	0	0	0	0	345	433	0	0	0
Rab8b	24.967742	0	0	0	0	0	0	0	0	0	162	0	0	0	0	0	0	93	250	269	0	0	0	0	0	0	0	0	0	0	0	0	0
Uggt2	24.548387	0	0	0	0	0	0	0	0	0	0	0	226	160	0	0	0	0	0	0	0	210	165	0	0	0	0	0	0	0	0	0	0
Znrf3	24.516129	0	0	0	0	0	0	0	0	0	0	0	0	0	0	0	0	229	255	162	0	0	0	0	0	0	0	0	0	114	0	0	0
Slc25a17	24.516129	0	0	0	0	0	0	0	0	0	0	0	0	0	0	0	0	222	142	396	0	0	0	0	0	0	0	0	0	0	0	0	0
Etl4	24.129032	0	0	0	0	0	0	0	0	0	0	0	0	0	0	0	0	110	0	0	0	189	0	0	0	0	0	0	209	240	0	0	0
Atp6v1c2	24.129032	0	0	0	0	0	0	0	0	0	0	0	0	0	0	0	0	168	209	371	0	0	0	0	0	0	0	0	0	0	0	0	0
Ccdc69	24.064516	0	0	0	0	0	0	0	0	0	0	0	0	0	0	0	0	0	0	0	0	0	0	0	0	0	0	0	334	412	0	0	0
Scrt2	23.419355	0	0	0	0	0	0	0	0	0	0	0	0	0	0	0	0	258	158	310	0	0	0	0	0	0	0	0	0	0	0	0	0
Gxylt2	23.419355	0	0	0	0	0	0	0	0	0	0	0	0	0	0	0	0	0	0	0	0	0	0	239	0	0	0	0	271	216	0	0	0
Vmn2r4	23.322581	0	0	0	0	0	0	0	0	0	0	0	0	0	0	0	0	0	0	0	0	0	0	0	527	196	0	0	0	0	0	0	0
Unc13d	23.193548	0	0	0	0	0	0	0	0	0	0	0	0	0	0	0	0	204	157	261	0	0	0	0	0	0	0	0	97	0	0	0	0
Vapb	22.806452	0	0	0	0	0	0	0	0	0	0	0	0	0	0	0	0	0	0	0	0	0	0	0	0	0	0	0	312	395	0	0	0
Klf2	22.741935	0	0	0	0	0	0	0	0	0	0	0	477	0	0	0	0	0	0	0	0	228	0	0	0	0	0	0	0	0	0	0	0
Tcf20	22.580645	0	0	0	0	0	0	0	0	0	0	0	0	0	0	0	0	262	152	286	0	0	0	0	0	0	0	0	0	0	0	0	0
Aaas	22.483871	0	0	0	0	0	0	0	0	0	0	0	0	0	0	0	0	214	155	328	0	0	0	0	0	0	0	0	0	0	0	0	0
Csf2ra	22.354839	0	0	0	0	0	0	0	0	0	0	0	0	0	0	0	0	0	0	0	0	0	0	360	0	194	0	139	0	0	0	0	0
Dnah8	22.322581	0	0	0	0	0	0	0	0	0	0	0	0	0	0	0	0	0	136	186	0	370	0	0	0	0	0	0	0	0	0	0	0
Cd19	22.258065	0	0	0	0	0	0	0	0	0	0	0	0	0	0	0	0	0	0	0	0	0	0	0	0	0	0	0	330	360	0	0	0
Fhl3	22.000000	0	0	0	0	0	0	0	0	0	0	0	0	0	0	0	0	0	0	149	0	0	0	181	0	0	0	0	180	172	0	0	0
Hemk1	21.967742	0	0	0	0	0	0	0	0	0	0	0	0	0	0	0	0	0	194	161	0	0	0	0	0	0	0	0	165	161	0	0	0
6430571L13Rik	21.967742	0	0	0	0	0	0	0	0	0	0	0	0	0	0	0	0	0	194	161	0	0	0	0	0	0	0	0	165	161	0	0	0
Slco2b1	21.935484	0	0	0	0	0	0	0	0	0	0	0	0	0	0	0	0	0	0	152	0	0	0	0	0	0	0	0	335	193	0	0	0
Igdcc3	21.774194	0	0	0	0	0	0	0	0	0	0	0	0	0	0	0	0	174	228	273	0	0	0	0	0	0	0	0	0	0	0	0	0
Wwtr1	21.483871	0	0	0	0	0	223	0	0	0	0	0	0	0	0	0	0	138	139	166	0	0	0	0	0	0	0	0	0	0	0	0	0
Rcn3	21.483871	0	0	0	0	0	0	0	0	0	0	0	0	0	0	0	0	0	225	159	0	282	0	0	0	0	0	0	0	0	0	0	0
Phf12	21.354839	0	0	0	0	0	0	0	0	0	0	0	0	0	0	0	0	0	230	350	0	0	0	82	0	0	0	0	0	0	0	0	0
Mafg	21.322581	0	0	0	0	0	0	0	0	0	0	0	0	0	0	0	0	0	0	0	0	0	0	0	0	0	0	0	267	394	0	0	0
Fbxw9	21.032258	0	0	0	0	0	0	0	0	0	0	0	0	0	0	0	0	0	0	0	0	0	0	0	0	0	0	0	264	388	0	0	0
Scfd2	21.000000	0	0	0	0	0	0	0	0	0	0	0	0	0	0	0	0	98	159	284	0	0	0	0	0	0	0	0	0	110	0	0	0
Plekhg2	21.000000	0	0	0	0	0	0	0	0	0	0	0	0	0	0	0	0	136	148	239	0	0	0	0	0	0	0	0	128	0	0	0	0
Fip1l1	21.000000	0	0	0	0	0	0	0	0	0	0	0	0	0	0	0	0	98	159	284	0	0	0	0	0	0	0	0	0	110	0	0	0
Ifitm1	20.870968	0	0	0	0	0	0	0	0	0	79	0	0	0	0	0	0	191	182	195	0	0	0	0	0	0	0	0	0	0	0	0	0
Olfr1311	20.838710	0	0	0	0	0	0	77	0	0	0	0	0	0	0	0	266	0	106	197	0	0	0	0	0	0	0	0	0	0	0	0	0
Klhdc9	20.838710	85	0	0	0	0	0	0	0	0	0	0	0	0	0	0	0	0	0	0	0	0	0	561	0	0	0	0	0	0	0	0	0
Scara3	20.741935	0	0	0	0	0	0	0	0	0	0	0	0	0	0	0	0	0	242	401	0	0	0	0	0	0	0	0	0	0	0	0	0
Slc32a1	20.709677	0	0	0	0	0	0	0	0	0	0	0	0	0	0	0	0	0	0	0	0	0	0	0	0	0	0	0	358	284	0	0	0
Rbm10	20.612903	0	0	0	0	0	0	132	0	0	0	0	0	0	0	0	0	152	0	355	0	0	0	0	0	0	0	0	0	0	0	0	0
Olfr697	20.612903	0	0	0	0	0	0	0	0	0	0	0	0	0	0	0	0	0	195	444	0	0	0	0	0	0	0	0	0	0	0	0	0
Ndufb11	20.612903	0	0	0	0	0	0	132	0	0	0	0	0	0	0	0	0	152	0	355	0	0	0	0	0	0	0	0	0	0	0	0	0
Crebzf	20.451613	0	0	0	0	0	0	0	0	0	0	0	0	0	0	0	0	0	0	0	0	0	0	194	228	212	0	0	0	0	0	0	0
Hjurp	20.322581	0	0	0	0	0	0	0	0	0	0	0	0	0	0	0	0	154	105	255	0	0	0	0	0	0	0	0	0	116	0	0	0
A730008H23Rik	20.322581	0	0	0	0	0	0	0	0	0	0	0	0	0	0	0	0	154	105	255	0	0	0	0	0	0	0	0	0	116	0	0	0
Mab21l4	20.290323	0	0	0	0	0	0	0	0	0	0	0	0	0	0	0	0	0	0	0	0	0	0	412	0	0	0	0	0	217	0	0	0
Cenpv	20.258065	0	0	0	0	0	0	0	0	0	0	0	0	0	0	0	0	0	0	0	0	0	0	0	0	0	0	0	289	339	0	0	0
Anxa5	20.225806	0	0	0	0	0	0	0	0	0	0	0	0	0	0	0	0	0	0	0	0	0	0	0	0	0	0	0	315	312	0	0	0
1810062G17Rik	20.225806	0	0	0	0	0	0	0	0	0	0	0	0	0	0	0	0	0	0	0	0	0	0	0	0	0	0	0	315	312	0	0	0
Uhrf2	19.935484	0	0	0	0	0	0	0	0	0	0	0	0	0	0	0	0	0	265	183	0	170	0	0	0	0	0	0	0	0	0	0	0
Nabp2	19.903226	0	0	0	0	0	0	0	0	0	0	0	0	0	0	0	0	0	0	111	0	0	0	0	0	0	0	0	204	302	0	0	0
Mmp21	19.838710	0	0	0	0	0	0	0	0	0	0	0	0	0	0	0	0	166	132	317	0	0	0	0	0	0	0	0	0	0	0	0	0
Mbd6	19.838710	0	0	0	0	0	0	0	0	0	0	0	0	0	0	0	0	165	145	305	0	0	0	0	0	0	0	0	0	0	0	0	0
Ddit3	19.838710	0	0	0	0	0	0	0	0	0	0	0	0	0	0	0	0	165	145	305	0	0	0	0	0	0	0	0	0	0	0	0	0
Mad2l2	19.806452	0	0	0	0	0	0	0	0	0	0	0	0	0	0	0	0	157	169	215	0	0	0	0	0	0	0	0	73	0	0	0	0
Draxin	19.806452	0	0	0	0	0	0	0	0	0	0	0	0	0	0	0	0	157	169	215	0	0	0	0	0	0	0	0	73	0	0	0	0
Shf	19.774194	0	0	0	0	0	0	0	0	0	0	0	0	0	0	0	0	160	166	287	0	0	0	0	0	0	0	0	0	0	0	0	0
Krt23	19.774194	0	0	0	0	0	0	0	0	0	0	0	0	0	0	0	0	0	0	0	0	0	0	0	0	0	0	0	305	308	0	0	0
Eef1a1	19.741935	0	0	0	0	0	0	0	0	0	0	311	0	0	301	0	0	0	0	0	0	0	0	0	0	0	0	0	0	0	0	0	0
Zfp445	19.645161	0	0	0	0	0	0	0	0	0	0	0	0	0	0	0	0	0	0	257	0	0	0	124	0	0	0	0	124	104	0	0	0
Ptpn6	19.645161	0	0	0	0	0	0	0	0	0	0	0	0	0	0	0	0	161	125	190	0	0	0	0	0	0	0	0	133	0	0	0	0
Hoxa1	19.645161	0	0	0	0	0	0	0	0	0	0	0	252	0	0	0	0	92	170	95	0	0	0	0	0	0	0	0	0	0	0	0	0
Grcc10	19.645161	0	0	0	0	0	0	0	0	0	0	0	0	0	0	0	0	161	125	190	0	0	0	0	0	0	0	0	133	0	0	0	0
Lrrc45	19.612903	0	0	0	0	0	0	0	0	0	0	0	0	0	0	0	0	0	0	0	0	0	0	0	0	0	0	0	261	347	0	0	0
Cenpx	19.612903	0	0	0	0	0	0	0	0	0	0	0	0	0	0	0	0	0	0	0	0	0	0	0	0	0	0	0	261	347	0	0	0
Hacd3	19.483871	0	0	0	0	0	0	0	0	0	0	0	0	0	0	0	0	195	112	186	0	111	0	0	0	0	0	0	0	0	0	0	0
Pgr15l	19.451613	0	0	0	0	0	0	0	0	0	0	0	0	0	0	0	0	0	0	0	0	0	0	0	0	0	0	0	245	263	95	0	0
Pdlim4	19.419355	0	0	0	0	0	0	0	0	0	0	0	0	0	0	0	0	110	0	163	0	0	0	0	0	0	0	0	151	178	0	0	0
Zadh2	19.161290	0	0	0	0	0	0	0	0	0	0	0	0	0	0	0	0	0	105	128	0	0	0	161	0	0	0	0	0	200	0	0	0
Tshz1	19.161290	0	0	0	0	0	0	0	0	0	0	0	0	0	0	0	0	0	105	128	0	0	0	161	0	0	0	0	0	200	0	0	0
Pnpla3	19.064516	0	0	0	0	0	0	150	0	0	0	0	0	0	0	0	0	0	154	287	0	0	0	0	0	0	0	0	0	0	0	0	0
Pepd	18.967742	0	0	0	0	0	0	0	0	0	0	0	0	0	0	0	0	0	0	0	0	0	0	0	0	0	0	0	360	228	0	0	0
Atf3	18.967742	0	0	0	0	0	0	0	0	0	0	0	0	0	0	0	0	0	207	250	0	0	0	0	0	0	0	0	131	0	0	0	0
Spo11	18.935484	0	0	0	0	0	0	0	0	0	0	0	0	0	0	0	0	119	91	268	0	109	0	0	0	0	0	0	0	0	0	0	0
Gjb6	18.935484	0	0	0	0	0	0	0	0	0	0	0	0	0	0	0	0	0	0	0	0	0	0	0	0	0	0	0	249	338	0	0	0
Iah1	18.903226	0	0	0	0	0	0	0	0	0	0	0	0	0	0	0	0	0	0	0	0	0	0	184	0	0	0	0	198	204	0	0	0
Foxo6	18.806452	0	0	0	0	0	0	0	0	0	0	0	0	0	0	0	0	151	166	266	0	0	0	0	0	0	0	0	0	0	0	0	0
Trim8	18.774194	0	0	0	0	0	0	0	0	0	0	0	0	0	0	0	0	154	218	210	0	0	0	0	0	0	0	0	0	0	0	0	0
Rnase12	18.741935	0	0	0	0	0	0	0	0	0	0	0	0	0	0	0	0	0	0	0	0	0	0	0	0	0	0	0	254	327	0	0	0
Trmt9b	18.225806	0	0	0	0	0	0	0	0	0	0	0	0	0	0	0	0	0	0	110	0	0	0	115	0	0	0	0	208	132	0	0	0
Fosl2	18.193548	0	0	0	0	0	0	0	0	0	0	0	0	0	0	0	0	0	0	124	0	0	0	0	0	0	0	0	168	272	0	0	0
Tmem145	18.064516	0	0	0	0	0	0	0	0	0	0	0	0	0	0	0	89	0	221	250	0	0	0	0	0	0	0	0	0	0	0	0	0
Tex14	18.064516	0	0	0	0	0	0	0	0	0	0	0	0	0	0	0	0	84	0	0	0	0	0	87	0	0	0	0	235	154	0	0	0
Prr19	18.064516	0	0	0	0	0	0	0	0	0	0	0	0	0	0	0	89	0	221	250	0	0	0	0	0	0	0	0	0	0	0	0	0
Ndc1	18.032258	0	0	0	0	0	0	0	0	0	0	0	0	0	0	0	0	106	218	235	0	0	0	0	0	0	0	0	0	0	0	0	0
Slc38a8	18.000000	0	0	0	0	0	0	0	0	0	0	0	0	0	0	0	0	146	178	234	0	0	0	0	0	0	0	0	0	0	0	0	0
Tceal7	17.806452	0	0	0	0	0	0	0	0	0	0	0	0	0	0	0	0	126	123	303	0	0	0	0	0	0	0	0	0	0	0	0	0
Serpina1f	17.677419	0	0	0	0	0	0	0	0	0	0	0	0	0	0	0	0	0	0	0	0	0	0	0	0	0	0	0	251	297	0	0	0
Tdrd3	17.580645	0	0	0	0	0	0	0	0	0	0	0	0	0	0	0	0	0	127	210	0	208	0	0	0	0	0	0	0	0	0	0	0
Cmtm6	17.580645	0	0	0	0	0	0	0	0	0	0	0	0	0	0	0	184	0	136	225	0	0	0	0	0	0	0	0	0	0	0	0	0
Spag9	17.516129	0	0	0	0	0	0	0	0	0	0	191	352	0	0	0	0	0	0	0	0	0	0	0	0	0	0	0	0	0	0	0	0
Six4	17.516129	0	0	0	0	0	0	0	0	0	0	0	0	0	0	0	0	190	0	241	0	0	0	0	0	0	0	0	0	112	0	0	0
Smpd4	17.483871	0	0	0	0	0	0	0	0	0	0	0	0	0	0	0	0	0	84	0	0	0	0	0	0	0	0	0	202	256	0	0	0
Rps6ka3	17.483871	0	0	0	0	0	0	0	0	0	0	0	0	0	0	0	0	156	177	209	0	0	0	0	0	0	0	0	0	0	0	0	0
T	17.419355	0	0	0	0	0	0	0	0	0	0	0	0	0	0	0	0	68	164	308	0	0	0	0	0	0	0	0	0	0	0	0	0
Pex5l	17.354839	0	0	0	0	0	0	0	0	0	0	0	0	0	0	0	0	0	95	0	0	0	0	0	0	0	0	0	293	150	0	0	0
Csnk1e	17.354839	0	0	0	0	0	0	0	0	0	0	0	0	0	0	0	0	0	0	0	0	0	0	172	0	0	0	0	143	223	0	0	0
Otop3	17.258065	0	0	0	0	0	0	0	0	0	0	0	0	0	0	0	0	88	152	295	0	0	0	0	0	0	0	0	0	0	0	0	0
Lrp4	17.258065	0	0	0	0	0	0	0	0	0	0	0	0	0	0	0	0	131	190	214	0	0	0	0	0	0	0	0	0	0	0	0	0
Esr1	17.225806	225	0	0	0	0	0	0	0	0	0	0	0	0	0	0	0	0	0	0	0	0	0	309	0	0	0	0	0	0	0	0	0
Arsg	17.225806	0	0	0	0	0	0	0	0	0	0	0	0	0	0	0	0	0	0	0	0	0	0	0	0	0	0	0	275	259	0	0	0
Serpina5	17.193548	0	0	0	0	0	0	0	0	0	0	0	0	0	0	0	0	92	225	216	0	0	0	0	0	0	0	0	0	0	0	0	0
Ube4a	17.000000	0	0	0	0	0	0	0	0	0	0	0	0	0	0	0	0	182	139	206	0	0	0	0	0	0	0	0	0	0	0	0	0
Emid1	17.000000	0	0	0	0	0	0	0	0	0	0	0	0	0	0	0	0	0	0	184	0	0	0	0	0	0	0	0	194	149	0	0	0
Higd1c	16.967742	0	0	0	0	0	0	0	0	0	0	0	0	0	0	0	0	0	0	0	0	0	0	0	0	0	0	0	231	295	0	0	0
Zfp9	16.935484	0	0	0	0	0	0	0	0	0	0	0	0	0	0	0	0	154	118	253	0	0	0	0	0	0	0	0	0	0	0	0	0
Rbm47	16.741935	0	0	0	0	0	0	0	0	0	0	0	0	0	0	0	0	0	0	0	0	64	0	0	0	0	0	0	176	279	0	0	0
Magi1	16.548387	0	0	0	0	0	0	0	0	0	0	0	215	0	0	0	0	0	108	190	0	0	0	0	0	0	0	0	0	0	0	0	0
Grb7	16.516129	0	0	0	0	0	0	0	0	0	0	0	0	0	0	0	0	0	0	124	0	0	0	0	0	0	0	0	139	249	0	0	0
Lamb1	16.483871	0	0	0	0	0	0	0	0	0	0	0	0	0	0	0	0	0	0	0	0	0	0	0	0	0	0	0	188	323	0	0	0
Cep112	16.483871	0	0	0	0	0	0	104	0	0	0	0	232	0	0	0	0	0	0	0	0	175	0	0	0	0	0	0	0	0	0	0	0
Ppp2r1b	16.354839	0	0	0	0	0	0	0	0	0	0	0	0	0	0	0	0	156	116	235	0	0	0	0	0	0	0	0	0	0	0	0	0
Ppp2cb	16.354839	0	0	0	0	0	0	0	181	0	0	0	0	0	0	0	164	0	0	0	0	0	162	0	0	0	0	0	0	0	0	0	0
Zfp382	16.290323	0	0	0	0	0	0	0	0	0	0	0	0	0	0	0	0	145	179	181	0	0	0	0	0	0	0	0	0	0	0	0	0
Pdgfa	16.258065	0	0	0	0	0	0	0	0	0	0	0	162	0	0	0	0	0	0	0	0	187	0	0	0	0	0	0	155	0	0	0	0
Col13a1	16.258065	0	0	0	0	0	0	0	0	0	0	0	0	0	0	0	0	124	200	180	0	0	0	0	0	0	0	0	0	0	0	0	0
Slc25a42	16.032258	0	0	0	0	0	0	0	0	0	0	0	0	0	0	0	0	0	182	315	0	0	0	0	0	0	0	0	0	0	0	0	0
Prcc	16.032258	0	0	0	0	0	0	0	0	0	0	0	0	0	0	0	0	158	216	123	0	0	0	0	0	0	0	0	0	0	0	0	0
Atoh8	15.870968	0	0	0	0	0	0	0	0	0	0	0	0	0	0	0	0	87	91	314	0	0	0	0	0	0	0	0	0	0	0	0	0
Itgb5	15.838710	0	0	0	0	0	0	0	0	0	0	0	0	0	0	0	0	110	156	225	0	0	0	0	0	0	0	0	0	0	0	0	0
Ttc28	15.774194	0	0	0	0	0	0	0	0	0	0	0	253	0	0	0	0	0	0	0	0	236	0	0	0	0	0	0	0	0	0	0	0
Sorl1	15.580645	0	0	0	0	0	0	0	0	0	0	0	0	0	0	0	0	136	188	159	0	0	0	0	0	0	0	0	0	0	0	0	0
Tsen54	15.451613	0	0	0	0	0	0	0	0	0	0	0	0	0	0	0	0	161	0	318	0	0	0	0	0	0	0	0	0	0	0	0	0
Caskin2	15.451613	0	0	0	0	0	0	0	0	0	0	0	0	0	0	0	0	161	0	318	0	0	0	0	0	0	0	0	0	0	0	0	0
Rictor	15.419355	0	0	0	0	0	0	0	0	0	0	0	0	0	0	0	0	182	0	112	0	0	0	0	0	0	0	0	83	101	0	0	0
Zfp932	15.354839	0	0	0	0	0	0	0	0	0	0	0	0	0	0	0	0	0	0	0	0	0	0	0	0	0	0	0	256	220	0	0	0
Sulf1	15.322581	0	0	0	0	0	0	0	0	0	0	0	0	0	0	0	0	148	171	156	0	0	0	0	0	0	0	0	0	0	0	0	0
Rdm1	15.290323	0	0	0	0	0	0	0	0	0	0	0	0	0	0	0	0	0	0	0	0	0	0	0	0	0	0	113	191	170	0	0	0
Fam118a	15.258065	0	0	0	0	0	0	0	71	0	0	0	0	0	0	0	0	0	176	226	0	0	0	0	0	0	0	0	0	0	0	0	0
Ctxn1	15.225806	0	0	0	0	0	0	0	0	0	0	0	0	0	0	0	0	98	145	229	0	0	0	0	0	0	0	0	0	0	0	0	0
Sypl	15.032258	0	0	0	0	0	0	0	0	0	0	0	0	0	0	0	0	107	0	186	0	0	0	0	0	0	0	0	0	173	0	0	0
Dusp11	14.967742	0	0	0	0	0	0	0	0	0	0	0	333	0	0	0	0	0	0	131	0	0	0	0	0	0	0	0	0	0	0	0	0
Hoxc6	14.935484	0	0	0	0	0	0	0	0	0	0	0	0	0	0	0	0	0	0	186	0	0	0	0	0	0	0	0	124	153	0	0	0
Hoxc5	14.935484	0	0	0	0	0	0	0	0	0	0	0	0	0	0	0	0	0	0	186	0	0	0	0	0	0	0	0	124	153	0	0	0
Lama5	14.838710	0	0	0	0	0	0	0	0	0	0	0	0	0	0	0	0	100	134	130	0	96	0	0	0	0	0	0	0	0	0	0	0
Dcaf1	14.774194	0	0	0	0	0	0	0	0	0	0	0	0	0	0	0	0	227	0	231	0	0	0	0	0	0	0	0	0	0	0	0	0
Krt39	14.709677	0	0	0	0	0	0	0	0	0	0	0	0	0	0	0	0	0	0	0	0	0	0	0	0	0	0	0	229	227	0	0	0
Dars2	14.645161	0	0	0	0	0	0	0	0	0	0	0	0	0	0	0	0	150	117	187	0	0	0	0	0	0	0	0	0	0	0	0	0
Dennd1c	14.612903	0	0	0	0	0	0	0	0	0	0	0	0	0	0	0	0	0	0	0	0	0	0	0	0	0	0	0	149	304	0	0	0
Gja1	14.451613	0	0	0	0	0	0	0	0	0	0	0	286	0	0	0	0	0	0	0	0	162	0	0	0	0	0	0	0	0	0	0	0
Col1a2	14.419355	0	0	0	0	0	0	0	0	0	0	0	0	0	0	0	0	0	0	164	0	0	0	0	0	0	0	0	156	127	0	0	0
Rrn3	14.322581	0	0	0	0	0	0	0	0	0	0	0	0	0	0	0	0	149	129	166	0	0	0	0	0	0	0	0	0	0	0	0	0
Ptms	14.322581	0	0	0	0	0	0	0	0	0	0	0	0	0	0	0	0	0	145	161	0	0	0	0	0	0	0	0	138	0	0	0	0
Tacc1	14.290323	0	0	0	0	0	0	0	0	0	0	0	0	0	0	0	0	0	0	0	0	0	0	0	0	0	0	0	221	222	0	0	0
Ttc7	14.258065	0	0	0	0	0	0	0	0	0	0	0	0	0	0	0	0	156	0	286	0	0	0	0	0	0	0	0	0	0	0	0	0
Ncor1	14.129032	0	0	0	0	0	0	0	0	0	0	0	0	0	0	0	0	0	0	0	0	0	0	0	0	0	0	0	191	247	0	0	0
Msx1	14.129032	0	0	0	0	0	0	0	0	0	0	0	0	0	0	0	0	109	0	178	0	151	0	0	0	0	0	0	0	0	0	0	0
Lcor	14.129032	0	0	0	0	0	0	0	0	0	0	0	0	0	0	0	0	0	0	0	0	0	0	159	0	0	0	0	141	138	0	0	0
Grhl3	14.096774	0	0	0	0	0	0	0	0	0	0	0	0	0	0	0	0	0	0	0	0	0	0	122	0	0	0	0	192	123	0	0	0
Vstm2l	14.032258	0	0	0	0	0	0	0	0	0	0	0	0	0	0	0	0	0	0	0	0	0	0	95	0	0	0	0	176	164	0	0	0
Pde7b	14.032258	0	0	0	0	0	0	0	0	0	0	0	0	0	0	0	0	0	0	0	0	0	0	0	0	0	0	0	237	198	0	0	0
Ubd	14.000000	0	0	0	0	152	0	0	0	0	0	0	134	148	0	0	0	0	0	0	0	0	0	0	0	0	0	0	0	0	0	0	0
Gjb5	13.967742	0	0	0	0	0	0	0	0	0	0	0	0	0	0	0	0	0	0	0	0	0	0	0	0	0	0	0	260	173	0	0	0
Gjb4	13.967742	0	0	0	0	0	0	0	0	0	0	0	0	0	0	0	0	0	0	0	0	0	0	0	0	0	0	0	260	173	0	0	0
Kazn	13.935484	0	0	0	0	0	0	0	0	0	0	0	0	0	0	0	0	0	0	0	0	0	0	0	0	0	0	0	212	220	0	0	0
Osbp2	13.870968	0	0	0	0	0	0	0	0	0	0	0	0	0	0	0	0	0	0	136	0	294	0	0	0	0	0	0	0	0	0	0	0
Itgb3	13.870968	0	0	0	0	0	0	0	0	0	152	0	0	0	0	0	0	155	123	0	0	0	0	0	0	0	0	0	0	0	0	0	0
P4ha1	13.806452	0	0	0	0	0	0	0	0	0	0	0	0	0	0	0	0	0	0	0	0	0	0	0	0	0	0	0	193	235	0	0	0
Tpra1	13.677419	0	0	0	0	0	0	0	0	0	0	0	0	0	0	0	0	82	0	188	0	0	0	92	62	0	0	0	0	0	0	0	0
Mcm2	13.677419	0	0	0	0	0	0	0	0	0	0	0	0	0	0	0	0	82	0	188	0	0	0	92	62	0	0	0	0	0	0	0	0
Trim2	13.516129	0	0	0	0	0	0	0	0	0	0	0	0	0	0	0	0	0	0	0	0	0	0	0	0	0	0	0	196	223	0	0	0
Rin2	13.419355	0	0	0	0	0	0	0	0	0	0	0	0	0	0	0	0	0	0	0	0	0	0	0	0	0	0	0	232	184	0	0	0
Rnpepl1	13.322581	0	0	0	0	0	0	0	0	0	0	0	0	0	0	0	0	0	0	0	0	0	0	0	0	0	0	0	131	282	0	0	0
Dusp28	13.322581	0	0	0	0	0	0	0	0	0	0	0	0	0	0	0	0	0	0	0	0	0	0	0	0	0	0	0	131	282	0	0	0
Cltc	13.322581	0	0	0	0	0	0	0	0	0	0	0	0	0	0	0	0	0	0	0	0	0	0	142	0	0	0	0	140	131	0	0	0
Ankmy1	13.322581	0	0	0	0	0	0	0	0	0	0	0	0	0	0	0	0	0	0	0	0	0	0	0	0	0	0	0	131	282	0	0	0
P2rx6	13.225806	0	0	0	0	0	0	0	0	0	0	0	0	0	0	0	0	0	0	0	0	0	0	0	0	0	0	0	256	154	0	0	0
Lrrc74b	13.225806	0	0	0	0	0	0	0	0	0	0	0	0	0	0	0	0	0	0	0	0	0	0	0	0	0	0	0	256	154	0	0	0
Slc28a1	13.193548	0	0	0	0	0	0	0	0	0	0	0	0	0	0	0	0	0	0	0	0	0	0	0	0	0	0	0	173	236	0	0	0
Snrpe	13.129032	0	0	0	0	0	0	0	0	0	0	0	0	0	0	0	0	0	134	273	0	0	0	0	0	0	0	0	0	0	0	0	0
Katnal2	13.064516	0	0	0	0	0	0	0	0	0	0	0	0	0	0	0	0	0	179	226	0	0	0	0	0	0	0	0	0	0	0	0	0
Gm4791	13.032258	0	0	0	0	0	0	0	0	0	0	0	0	0	0	0	0	0	0	0	0	0	0	0	0	0	0	0	129	275	0	0	0
Arhgap10	13.000000	0	0	0	0	0	0	0	0	0	0	0	0	0	0	0	0	0	0	0	0	0	0	0	0	0	0	0	168	235	0	0	0
Nes	12.903226	0	0	0	0	0	0	0	0	0	0	0	0	0	0	0	0	171	130	99	0	0	0	0	0	0	0	0	0	0	0	0	0
Hand1	12.903226	0	0	0	0	0	0	0	0	0	0	0	0	0	0	0	0	123	0	277	0	0	0	0	0	0	0	0	0	0	0	0	0
Cdk2ap2	12.870968	0	0	0	0	0	0	0	0	0	0	0	0	0	0	0	0	0	0	0	0	0	0	233	0	0	0	0	0	166	0	0	0
Eci3	12.838710	0	0	0	0	0	0	0	0	0	0	0	0	0	0	0	137	0	105	156	0	0	0	0	0	0	0	0	0	0	0	0	0
Cxxc5	12.806452	0	0	0	0	0	0	0	0	0	0	0	0	0	0	0	0	81	101	215	0	0	0	0	0	0	0	0	0	0	0	0	0
H2-T-ps	12.741935	0	0	0	0	0	0	0	0	0	0	0	0	0	0	0	119	0	83	193	0	0	0	0	0	0	0	0	0	0	0	0	0
Raet1e	12.709677	0	0	0	0	0	0	0	0	0	0	0	0	0	0	0	130	0	0	264	0	0	0	0	0	0	0	0	0	0	0	0	0
Raet1a	12.709677	0	0	0	0	0	0	0	0	0	0	0	0	0	0	0	130	0	0	264	0	0	0	0	0	0	0	0	0	0	0	0	0
Mug1	12.612903	0	0	0	0	0	0	0	0	0	0	0	0	0	0	0	0	0	185	206	0	0	0	0	0	0	0	0	0	0	0	0	0
Ankar	12.580645	100	0	0	0	0	0	0	0	0	0	0	0	0	0	0	0	0	0	0	0	0	0	0	0	0	0	290	0	0	0	0	0
Sgf29	12.548387	0	0	0	0	0	0	0	0	0	0	0	0	0	0	0	0	0	203	0	0	0	0	0	0	0	0	0	0	186	0	0	0
Rcn1	12.548387	0	0	0	0	0	0	0	0	0	0	0	215	174	0	0	0	0	0	0	0	0	0	0	0	0	0	0	0	0	0	0	0
Zfp978	12.516129	0	0	0	0	0	0	0	0	0	0	0	0	0	0	0	0	0	0	0	0	388	0	0	0	0	0	0	0	0	0	0	0
Adamtsl2	12.516129	0	0	0	0	0	0	0	0	0	0	0	0	0	0	0	0	0	127	261	0	0	0	0	0	0	0	0	0	0	0	0	0
Amer3	12.451613	0	0	0	0	0	0	0	0	0	0	0	0	0	0	0	0	0	0	0	0	0	0	0	0	0	0	0	138	248	0	0	0
Spata20	12.419355	0	0	0	0	0	0	0	0	0	0	0	0	0	0	0	0	0	171	214	0	0	0	0	0	0	0	0	0	0	0	0	0
Col17a1	12.419355	0	0	0	0	0	0	0	0	0	0	0	0	0	0	0	0	0	0	0	0	0	0	0	0	0	0	0	209	176	0	0	0
Cidea	12.387097	0	0	0	0	0	0	0	0	0	0	0	0	0	0	0	0	0	0	0	0	384	0	0	0	0	0	0	0	0	0	0	0
Pdzrn4	12.322581	0	0	0	0	0	0	0	0	0	0	0	224	158	0	0	0	0	0	0	0	0	0	0	0	0	0	0	0	0	0	0	0
Hspa2	12.290323	0	0	0	0	0	0	0	0	0	0	0	0	0	0	0	0	0	85	161	0	0	0	135	0	0	0	0	0	0	0	0	0
Gpatch1	12.290323	0	0	0	0	0	0	0	0	0	0	0	0	0	0	0	0	136	99	0	0	0	0	0	0	0	0	0	0	146	0	0	0
Pea15a	12.258065	0	0	0	0	0	0	0	0	0	0	0	0	0	0	0	0	0	0	0	0	0	0	380	0	0	0	0	0	0	0	0	0
Fam53b	12.258065	0	0	0	0	0	0	0	0	0	0	0	0	0	0	0	0	0	205	175	0	0	0	0	0	0	0	0	0	0	0	0	0
Gtf3c6	12.225806	0	0	0	0	0	0	0	0	0	0	0	0	0	0	0	0	0	0	0	0	0	0	172	0	0	0	0	90	117	0	0	0
Efna4	12.225806	0	0	0	0	0	0	0	0	0	0	0	0	0	0	0	0	94	122	163	0	0	0	0	0	0	0	0	0	0	0	0	0
Mogat2	12.193548	0	0	0	0	0	0	0	0	0	0	0	0	0	0	0	0	0	126	252	0	0	0	0	0	0	0	0	0	0	0	0	0
Mecom	12.193548	0	0	0	0	0	0	0	0	0	0	0	0	0	0	0	0	0	154	224	0	0	0	0	0	0	0	0	0	0	0	0	0
S1pr5	12.064516	0	0	0	0	0	0	0	0	0	0	0	0	0	0	0	0	0	113	261	0	0	0	0	0	0	0	0	0	0	0	0	0
Wrap53	12.032258	0	0	0	0	0	0	0	0	0	0	0	0	0	0	0	0	0	0	0	0	0	0	0	0	0	0	0	190	183	0	0	0
Trp53	12.032258	0	0	0	0	0	0	0	0	0	0	0	0	0	0	0	0	0	0	0	0	0	0	0	0	0	0	0	190	183	0	0	0
Bdh1	12.000000	0	0	0	0	0	0	0	0	0	0	0	0	0	0	0	0	0	0	134	0	238	0	0	0	0	0	0	0	0	0	0	0
Rbbp7	11.967742	0	0	0	0	0	0	0	0	0	0	0	0	100	0	0	0	132	0	139	0	0	0	0	0	0	0	0	0	0	0	0	0
Wfikkn1	11.935484	0	0	0	0	0	0	0	0	0	0	0	0	0	0	0	0	207	0	0	0	163	0	0	0	0	0	0	0	0	0	0	0
Hmcn1	11.935484	0	0	0	0	0	0	0	0	0	0	0	0	0	0	0	0	124	0	149	0	0	0	0	0	0	0	0	97	0	0	0	0
Bcat1	11.838710	0	0	0	0	0	0	0	0	0	0	0	133	0	0	0	0	0	0	0	0	140	0	0	0	0	0	0	94	0	0	0	0
Usp29	11.806452	0	0	0	0	0	0	0	0	0	0	0	0	0	0	0	0	0	152	214	0	0	0	0	0	0	0	0	0	0	0	0	0
Peg3	11.806452	0	0	0	0	0	0	0	0	0	0	0	0	0	0	0	0	0	152	214	0	0	0	0	0	0	0	0	0	0	0	0	0
Mrm1	11.774194	0	0	0	0	0	0	0	0	0	0	0	0	0	0	0	0	0	127	238	0	0	0	0	0	0	0	0	0	0	0	0	0
Meis3	11.774194	0	0	0	0	0	0	0	0	0	0	0	0	0	0	0	0	174	191	0	0	0	0	0	0	0	0	0	0	0	0	0	0
Ptprr	11.677419	0	0	0	0	0	0	0	0	0	0	0	0	0	0	0	0	0	0	0	0	0	0	0	0	0	0	0	198	164	0	0	0
Matk	11.645161	0	0	0	0	0	0	0	0	0	0	0	0	0	0	0	0	0	0	0	0	0	0	0	0	0	0	0	132	229	0	0	0
Krt77	11.645161	0	0	0	0	0	0	0	0	0	0	0	0	0	0	0	0	0	0	0	0	0	0	0	0	0	0	0	156	205	0	0	0
Neu2	11.580645	0	0	0	0	109	0	115	0	0	0	0	0	0	0	0	0	0	0	135	0	0	0	0	0	0	0	0	0	0	0	0	0
Atp6v0e	11.580645	0	0	0	0	0	0	0	0	0	0	0	0	0	0	0	0	118	100	141	0	0	0	0	0	0	0	0	0	0	0	0	0
Grhpr	11.548387	0	0	0	0	0	0	0	0	0	0	0	0	0	0	0	0	0	0	0	0	0	0	0	0	0	0	0	184	174	0	0	0
Eps8	11.548387	0	0	0	0	0	0	0	0	0	0	0	0	0	0	0	0	0	0	0	0	0	0	0	0	0	0	0	168	190	0	0	0
Rfx3	11.483871	0	0	0	0	0	0	0	0	0	0	0	0	0	0	0	0	0	194	162	0	0	0	0	0	0	0	0	0	0	0	0	0
Prr5	11.483871	0	0	0	0	0	0	0	0	0	0	0	0	0	0	0	0	0	242	114	0	0	0	0	0	0	0	0	0	0	0	0	0
Hspb8	11.451613	0	0	0	0	0	0	0	0	0	0	0	0	0	0	0	0	120	136	99	0	0	0	0	0	0	0	0	0	0	0	0	0
Ywhaq	11.419355	0	0	0	0	0	0	0	0	0	0	0	0	0	0	0	0	0	98	125	0	0	0	0	0	0	0	0	131	0	0	0	0
Ube2q1	11.419355	0	0	0	0	0	0	0	0	0	0	0	0	0	0	0	0	0	0	0	0	0	0	0	0	0	0	0	179	175	0	0	0
Usp36	11.387097	0	0	0	0	0	0	0	0	0	0	0	0	0	0	0	0	104	97	152	0	0	0	0	0	0	0	0	0	0	0	0	0
Mlh1	11.354839	0	0	0	0	0	0	0	0	0	0	0	0	0	0	0	0	0	0	0	0	0	0	0	0	0	0	0	141	211	0	0	0
Epm2aip1	11.354839	0	0	0	0	0	0	0	0	0	0	0	0	0	0	0	0	0	0	0	0	0	0	0	0	0	0	0	141	211	0	0	0
Stx16	11.290323	0	0	0	0	0	0	0	0	0	0	0	0	0	0	0	0	0	0	0	0	0	0	0	0	0	0	0	165	185	0	0	0
Omp	11.258065	0	0	0	0	0	0	0	0	0	0	0	0	0	0	0	0	0	0	0	0	0	0	0	0	0	0	0	180	169	0	0	0
Gm52429	11.225806	0	0	0	0	0	0	0	0	0	0	0	0	0	0	0	0	169	179	0	0	0	0	0	0	0	0	0	0	0	0	0	0
Lig4	11.161290	0	0	0	0	0	0	0	0	0	0	0	0	0	0	0	0	0	0	0	0	0	0	0	0	0	0	0	126	220	0	0	0
Ankrd45	11.161290	0	0	0	0	0	0	0	0	0	0	0	0	0	0	0	0	0	0	0	0	0	0	0	0	0	0	0	124	222	0	0	0
Amacr	11.161290	0	0	0	0	0	0	0	0	0	0	0	110	0	0	0	0	0	0	0	0	236	0	0	0	0	0	0	0	0	0	0	0
Abhd13	11.161290	0	0	0	0	0	0	0	0	0	0	0	0	0	0	0	0	0	0	0	0	0	0	0	0	0	0	0	126	220	0	0	0
T2	11.096774	0	0	0	0	0	0	0	0	0	0	0	0	0	0	0	0	0	134	0	0	0	0	0	0	0	0	0	0	210	0	0	0
Dcaf5	11.096774	156	0	0	0	0	0	0	0	0	0	0	0	0	0	0	0	0	0	0	0	0	0	188	0	0	0	0	0	0	0	0	0
Zfp143	11.032258	0	0	0	0	0	0	0	0	0	0	0	0	0	0	0	0	0	0	0	0	0	0	342	0	0	0	0	0	0	0	0	0
Arhgap32	11.000000	0	0	0	0	0	0	0	0	0	0	0	0	0	0	0	0	0	0	0	0	0	0	0	0	0	0	0	176	165	0	0	0
Lpar1	10.935484	0	0	0	0	0	0	0	0	0	0	0	120	0	0	0	0	0	0	0	0	219	0	0	0	0	0	0	0	0	0	0	0
Hoxb13	10.935484	0	0	0	0	0	0	0	0	0	0	0	0	0	0	0	0	0	111	120	0	108	0	0	0	0	0	0	0	0	0	0	0
Mfsd12	10.903226	0	0	0	0	0	0	0	0	0	0	0	0	0	0	0	0	0	0	0	0	0	0	0	0	0	0	0	155	183	0	0	0
Hmg20b	10.903226	0	0	0	0	0	0	0	0	0	0	0	0	0	0	0	0	0	0	0	0	0	0	0	0	0	0	0	155	183	0	0	0
Kiss1	10.870968	0	0	0	0	0	0	0	0	0	0	0	0	0	0	0	0	0	0	0	0	0	0	0	0	0	0	0	206	131	0	0	0
Slc25a14	10.838710	0	0	0	0	0	0	0	0	0	0	0	0	0	0	0	0	0	122	123	0	0	0	0	0	0	0	0	0	91	0	0	0
Bloc1s2	10.838710	0	0	0	0	0	0	0	0	0	0	0	0	0	0	0	0	101	0	235	0	0	0	0	0	0	0	0	0	0	0	0	0
Zfp36l1	10.806452	0	0	0	0	0	0	0	0	0	0	0	0	0	0	0	0	180	0	155	0	0	0	0	0	0	0	0	0	0	0	0	0
Plcxd1	10.806452	0	0	0	0	0	0	0	0	0	0	0	0	0	0	0	0	0	153	182	0	0	0	0	0	0	0	0	0	0	0	0	0
Mx1	10.806452	0	0	0	0	0	0	0	0	0	0	0	0	0	0	0	0	0	0	0	0	0	0	0	0	0	0	0	138	197	0	0	0
Bmt2	10.806452	0	0	0	0	0	0	0	0	0	130	0	0	0	0	0	0	78	0	127	0	0	0	0	0	0	0	0	0	0	0	0	0
Tigd4	10.774194	0	0	0	0	0	0	0	0	0	0	0	0	0	0	0	152	0	87	0	0	95	0	0	0	0	0	0	0	0	0	0	0
Ptpre	10.774194	0	0	0	0	0	0	0	0	0	0	0	0	0	0	0	0	0	0	0	0	0	0	187	147	0	0	0	0	0	0	0	0
Plb1	10.709677	0	0	0	0	0	0	0	0	0	0	0	0	0	0	0	0	0	0	0	0	0	0	0	0	0	0	0	111	221	0	0	0
Trim28	10.677419	0	0	0	0	0	0	0	0	0	0	0	0	0	0	0	0	0	155	176	0	0	0	0	0	0	0	0	0	0	0	0	0
Selenov	10.677419	0	0	0	0	0	0	0	0	0	0	0	0	0	0	0	0	161	0	170	0	0	0	0	0	0	0	0	0	0	0	0	0
Ndufb4	10.677419	0	0	0	0	0	0	0	0	0	0	0	0	0	0	0	0	176	0	155	0	0	0	0	0	0	0	0	0	0	0	0	0
Ucn2	10.612903	0	0	0	0	0	0	0	0	0	0	0	0	0	0	0	0	0	0	0	0	0	0	0	0	0	0	0	185	144	0	0	0
Cd163l1	10.612903	0	0	0	0	0	0	0	0	0	0	157	0	172	0	0	0	0	0	0	0	0	0	0	0	0	0	0	0	0	0	0	0
Fam83c	10.580645	0	0	0	0	0	0	0	0	0	0	0	0	0	0	0	0	0	0	0	0	0	0	328	0	0	0	0	0	0	0	0	0
Elk4	10.516129	0	0	0	0	0	0	0	0	0	0	0	0	0	0	0	0	0	138	188	0	0	0	0	0	0	0	0	0	0	0	0	0
Vmn2r57	10.483871	0	0	0	0	0	0	0	0	0	0	0	0	0	0	0	0	0	0	0	0	0	0	0	0	0	0	0	130	195	0	0	0
Ppp1r27	10.419355	0	0	0	0	0	0	0	0	0	0	0	0	0	0	0	0	0	120	203	0	0	0	0	0	0	0	0	0	0	0	0	0
Mcrip1	10.419355	0	0	0	0	0	0	0	0	0	0	0	0	0	0	0	0	0	120	203	0	0	0	0	0	0	0	0	0	0	0	0	0
Sinhcaf	10.322581	0	0	0	0	0	0	0	0	0	0	0	0	0	0	0	0	0	0	320	0	0	0	0	0	0	0	0	0	0	0	0	0
Slc26a2	10.290323	0	0	0	0	0	0	0	0	0	0	0	0	0	0	0	0	0	0	215	0	0	0	104	0	0	0	0	0	0	0	0	0
BC048679	10.290323	0	0	0	0	0	0	0	0	0	0	0	0	0	0	0	0	0	0	0	0	0	0	0	0	0	0	0	110	209	0	0	0
Fnip1	10.225806	0	0	0	0	0	0	0	0	0	0	0	0	0	0	0	0	0	101	216	0	0	0	0	0	0	0	0	0	0	0	0	0
Rpl32l	10.193548	0	0	0	0	0	0	0	0	0	0	0	0	0	0	0	0	0	0	0	0	0	0	0	0	0	0	0	172	144	0	0	0
Pias3	10.193548	0	0	0	0	0	0	0	0	0	0	0	0	0	0	0	0	0	0	0	0	0	0	0	0	0	0	0	158	158	0	0	0
Padi1	10.193548	0	0	0	0	0	0	0	0	0	0	0	0	0	0	0	0	0	0	0	0	0	0	0	0	0	0	0	132	184	0	0	0
Dr1	10.161290	0	0	0	0	0	0	0	0	0	0	0	0	0	0	0	0	0	0	0	0	0	0	199	0	0	0	0	0	116	0	0	0
Ormdl3	10.064516	0	0	0	0	0	0	0	0	0	0	0	0	0	0	0	0	0	0	312	0	0	0	0	0	0	0	0	0	0	0	0	0
Nadk	10.064516	0	0	0	0	0	0	0	0	0	0	0	0	0	0	0	0	177	0	135	0	0	0	0	0	0	0	0	0	0	0	0	0
Taar7a	10.032258	0	0	0	0	0	0	0	0	0	0	0	160	0	0	0	0	0	0	0	151	0	0	0	0	0	0	0	0	0	0	0	0
Taar6	10.032258	0	0	0	0	0	0	0	0	0	0	0	160	0	0	0	0	0	0	0	151	0	0	0	0	0	0	0	0	0	0	0	0
Nudcd3	10.032258	0	0	0	0	0	0	0	0	0	0	0	0	0	0	0	0	0	120	191	0	0	0	0	0	0	0	0	0	0	0	0	0
Pprc1	10.000000	0	0	0	0	0	0	0	0	0	0	0	0	0	0	0	0	0	111	199	0	0	0	0	0	0	0	0	0	0	0	0	0
Pef1	10.000000	0	0	0	0	0	0	0	0	0	0	0	310	0	0	0	0	0	0	0	0	0	0	0	0	0	0	0	0	0	0	0	0
Dsp	10.000000	0	0	0	0	0	0	0	0	0	0	0	0	0	0	0	0	142	0	0	0	0	0	0	0	0	0	0	168	0	0	0	0
Hoxa11	9.935484	0	0	0	0	0	0	0	0	0	0	0	0	0	0	0	0	0	0	0	0	0	0	0	0	0	0	0	165	143	0	0	0
Hoxa10	9.935484	0	0	0	0	0	0	0	0	0	0	0	0	0	0	0	0	0	0	0	0	0	0	0	0	0	0	0	165	143	0	0	0
Dlgap1	9.935484	0	0	0	0	0	0	0	0	0	0	0	0	0	0	0	0	0	0	0	0	0	0	0	0	0	0	0	153	155	0	0	0
1700093K21Rik	9.903226	0	0	0	0	0	0	0	0	0	0	0	0	0	0	0	0	0	163	144	0	0	0	0	0	0	0	0	0	0	0	0	0
Rell1	9.870968	0	0	0	0	0	0	0	0	0	0	0	0	0	0	0	0	0	0	0	0	0	0	306	0	0	0	0	0	0	0	0	0
Nfkbil1	9.838710	0	0	0	0	0	0	0	0	0	0	0	0	0	0	0	0	0	0	185	0	0	0	0	0	0	0	0	0	120	0	0	0
Atp6v1g2	9.838710	0	0	0	0	0	0	0	0	0	0	0	0	0	0	0	0	0	0	185	0	0	0	0	0	0	0	0	0	120	0	0	0
Slc39a13	9.741935	0	0	0	0	0	0	0	0	0	0	0	0	0	0	0	0	0	0	0	0	0	0	0	0	0	0	0	177	125	0	0	0
Mesd	9.741935	0	0	0	0	0	0	0	0	0	0	0	173	0	0	0	0	0	0	0	0	129	0	0	0	0	0	0	0	0	0	0	0
Gnai2	9.741935	0	0	0	0	0	0	0	0	0	0	0	0	0	0	0	0	0	137	165	0	0	0	0	0	0	0	0	0	0	0	0	0
Ier5	9.709677	0	0	0	0	0	0	0	0	0	0	0	0	0	0	0	0	0	0	0	0	0	0	0	0	0	0	0	145	156	0	0	0
Fgf18	9.677419	0	0	0	0	0	0	0	0	0	0	0	0	0	0	0	0	141	0	0	0	0	0	0	0	0	0	0	0	159	0	0	0
Agap3	9.612903	0	0	0	0	0	0	0	0	0	0	0	0	0	0	0	0	0	127	171	0	0	0	0	0	0	0	0	0	0	0	0	0
Sugp1	9.580645	0	0	0	0	0	0	0	0	0	0	0	0	0	0	0	0	0	0	0	0	0	0	0	0	0	0	0	101	196	0	0	0
Notch2	9.580645	0	0	0	0	0	0	0	0	0	0	0	0	0	0	0	0	0	0	171	0	0	0	0	0	0	0	0	126	0	0	0	0
Naa80	9.580645	0	0	0	0	0	0	0	0	0	0	0	0	0	0	0	0	0	0	0	0	0	0	297	0	0	0	0	0	0	0	0	0
Mau2	9.580645	0	0	0	0	0	0	0	0	0	0	0	0	0	0	0	0	0	0	0	0	0	0	0	0	0	0	0	101	196	0	0	0
Hyal1	9.580645	0	0	0	0	0	0	0	0	0	0	0	0	0	0	0	0	0	0	0	0	0	0	297	0	0	0	0	0	0	0	0	0
Krt7	9.548387	0	0	0	0	0	0	0	0	0	0	0	0	0	0	0	0	0	0	187	0	0	0	109	0	0	0	0	0	0	0	0	0
Inafm1	9.483871	0	0	0	0	0	0	0	0	0	0	0	0	0	0	0	0	0	108	186	0	0	0	0	0	0	0	0	0	0	0	0	0
Fnbp1	9.451613	0	0	0	0	0	0	0	0	0	0	0	0	0	0	0	0	0	0	0	0	106	0	0	0	0	0	0	107	80	0	0	0
Fbxo15	9.419355	0	0	0	0	0	0	0	0	0	0	0	0	0	0	0	0	98	0	194	0	0	0	0	0	0	0	0	0	0	0	0	0
Ppil3	9.387097	0	0	0	0	0	0	0	0	0	0	0	0	0	0	0	0	0	0	0	0	0	0	197	0	0	0	0	94	0	0	0	0
Nif3l1	9.387097	0	0	0	0	0	0	0	0	0	0	0	0	0	0	0	0	0	0	0	0	0	0	197	0	0	0	0	94	0	0	0	0
Chst15	9.387097	0	0	0	0	0	0	0	0	0	0	0	0	0	0	0	0	0	0	291	0	0	0	0	0	0	0	0	0	0	0	0	0
Tmem107	9.354839	0	0	0	0	0	0	0	0	0	0	0	0	0	0	0	0	0	0	0	0	0	0	110	0	0	0	0	100	80	0	0	0
Tmco3	9.354839	0	0	0	0	0	0	0	0	0	0	0	0	0	0	0	0	0	142	148	0	0	0	0	0	0	0	0	0	0	0	0	0
Tcf7	9.354839	0	0	0	0	0	0	0	0	0	0	0	0	0	0	0	0	0	0	166	0	124	0	0	0	0	0	0	0	0	0	0	0
Phc1	9.354839	130	0	0	0	0	0	0	0	0	0	0	0	0	0	0	0	0	0	160	0	0	0	0	0	0	0	0	0	0	0	0	0
Dennd6b	9.354839	0	0	0	0	0	0	0	0	0	0	0	0	0	0	0	0	0	0	128	0	0	0	0	0	0	0	0	162	0	0	0	0
Dcun1d2	9.354839	0	0	0	0	0	0	0	0	0	0	0	0	0	0	0	0	0	142	148	0	0	0	0	0	0	0	0	0	0	0	0	0
Smim17	9.322581	136	0	0	0	0	0	0	0	0	0	0	0	0	0	0	0	0	0	0	0	0	0	0	0	0	0	0	0	153	0	0	0
Sumf1	9.290323	0	0	0	0	0	0	0	0	0	0	0	0	0	0	0	0	0	0	0	0	0	0	147	0	0	0	0	141	0	0	0	0
Abhd2	9.290323	0	0	0	0	0	0	0	0	0	0	0	0	0	0	0	0	0	0	0	0	0	0	0	0	0	0	0	164	124	0	0	0
Msx2	9.258065	0	0	0	0	0	0	287	0	0	0	0	0	0	0	0	0	0	0	0	0	0	0	0	0	0	0	0	0	0	0	0	0
Skap1	9.225806	0	0	0	0	0	0	0	0	0	0	0	0	0	0	0	0	0	0	144	0	0	0	0	0	0	0	0	142	0	0	0	0
Hoxb2	9.193548	0	0	0	0	0	0	0	0	0	0	0	0	0	0	0	0	103	0	182	0	0	0	0	0	0	0	0	0	0	0	0	0
5031439G07Rik	9.193548	0	0	0	0	0	0	0	0	0	0	0	0	0	0	0	0	0	205	80	0	0	0	0	0	0	0	0	0	0	0	0	0
Faap20	9.161290	0	0	0	0	0	0	0	0	0	0	0	0	0	0	0	0	0	0	171	0	0	0	0	113	0	0	0	0	0	0	0	0
Mterf4	9.129032	0	0	0	0	0	0	0	0	0	0	0	0	0	0	0	0	0	136	147	0	0	0	0	0	0	0	0	0	0	0	0	0
Dab2ip	9.129032	0	0	0	0	0	0	0	0	0	0	0	0	0	0	0	0	0	133	150	0	0	0	0	0	0	0	0	0	0	0	0	0
Atp1a2	9.129032	0	0	0	0	0	0	0	0	0	0	0	0	0	0	0	0	164	119	0	0	0	0	0	0	0	0	0	0	0	0	0	0
Synj2	9.096774	0	0	0	0	0	0	0	0	0	0	0	0	0	0	0	0	0	0	0	0	0	0	0	0	0	0	0	161	121	0	0	0
Ccrl2	9.096774	0	0	0	0	0	0	0	0	0	0	0	0	0	0	0	0	0	0	0	0	0	0	282	0	0	0	0	0	0	0	0	0
Pecam1	9.032258	0	0	0	0	0	0	0	0	0	0	0	0	0	0	0	0	0	0	0	0	0	0	0	0	0	0	0	130	150	0	0	0
Aunip	9.032258	0	0	0	0	0	0	0	0	0	0	0	0	0	0	0	0	0	122	158	0	0	0	0	0	0	0	0	0	0	0	0	0
Ap1g1	9.032258	0	0	0	0	0	0	0	0	0	0	0	0	0	0	0	0	0	0	0	0	0	0	0	0	0	0	0	116	164	0	0	0
Mrps23	8.967742	0	0	0	0	0	0	0	0	0	0	0	0	0	0	0	130	0	0	0	0	148	0	0	0	0	0	0	0	0	0	0	0
Hnrnpd	8.967742	0	0	0	0	0	0	0	0	0	0	0	0	0	0	0	0	0	0	116	0	162	0	0	0	0	0	0	0	0	0	0	0
Megf10	8.935484	0	0	0	0	0	0	0	0	0	0	0	0	0	0	0	0	0	0	0	0	0	0	0	0	0	0	0	140	137	0	0	0
Ism1	8.935484	0	0	0	0	0	0	0	0	0	0	0	0	0	0	0	0	0	0	0	0	0	0	0	0	0	0	0	0	277	0	0	0
Rcn2	8.903226	0	0	0	0	0	0	0	0	0	0	0	0	0	0	0	0	0	0	0	0	0	0	0	0	0	0	0	182	94	0	0	0
Sfswap	8.838710	0	0	0	0	0	0	274	0	0	0	0	0	0	0	0	0	0	0	0	0	0	0	0	0	0	0	0	0	0	0	0	0
Pik3cb	8.838710	0	0	0	0	0	0	0	0	0	0	0	0	0	0	0	0	156	0	118	0	0	0	0	0	0	0	0	0	0	0	0	0
Eva1b	8.838710	0	0	0	0	0	0	0	0	0	0	0	0	0	0	0	0	0	0	0	0	0	0	0	0	0	0	0	134	140	0	0	0
Gjc1	8.806452	0	0	0	0	0	0	0	0	0	0	0	0	0	0	0	0	0	0	0	0	273	0	0	0	0	0	0	0	0	0	0	0
Ambra1	8.806452	0	0	0	0	0	0	0	0	0	0	0	0	0	0	0	0	0	0	150	0	0	0	123	0	0	0	0	0	0	0	0	0
Gpx8	8.774194	0	0	0	0	0	0	0	0	0	0	0	0	0	0	0	0	60	84	128	0	0	0	0	0	0	0	0	0	0	0	0	0
Egflam	8.774194	0	0	0	0	0	0	0	0	0	0	0	0	0	0	0	0	71	88	113	0	0	0	0	0	0	0	0	0	0	0	0	0
Terf1	8.741935	0	0	0	0	0	0	0	0	0	0	0	135	136	0	0	0	0	0	0	0	0	0	0	0	0	0	0	0	0	0	0	0
Ajm1	8.741935	0	0	0	0	0	0	0	0	0	0	0	0	0	0	0	0	0	0	201	0	0	0	0	70	0	0	0	0	0	0	0	0
Zbed3	8.677419	0	0	0	0	0	0	0	0	0	0	0	0	0	0	0	0	0	150	119	0	0	0	0	0	0	0	0	0	0	0	0	0
Rnpep	8.677419	0	0	0	0	0	0	0	0	0	0	0	0	0	0	0	0	0	0	0	0	0	0	269	0	0	0	0	0	0	0	0	0
Lamb3	8.645161	0	0	0	0	0	0	0	0	0	0	0	0	0	0	0	0	105	0	163	0	0	0	0	0	0	0	0	0	0	0	0	0
Septin8	8.612903	0	0	0	0	0	0	0	0	0	0	0	0	0	0	0	0	89	0	0	0	0	0	0	0	0	0	0	178	0	0	0	0
Vmn2r85	8.580645	0	0	0	0	0	0	0	0	0	0	0	0	0	0	0	0	0	0	0	0	0	0	266	0	0	0	0	0	0	0	0	0
Aadacl2fm1	8.580645	0	0	0	0	0	0	0	0	0	0	0	0	0	0	0	0	0	0	0	0	0	0	266	0	0	0	0	0	0	0	0	0
Tecpr2	8.516129	0	0	0	0	0	0	0	0	0	0	0	0	0	0	0	0	0	0	0	0	0	0	0	0	0	0	0	0	264	0	0	0
Sox11	8.516129	0	0	0	0	0	0	0	0	0	0	0	0	0	0	0	0	0	0	264	0	0	0	0	0	0	0	0	0	0	0	0	0
Cinp	8.516129	0	0	0	0	0	0	0	0	0	0	0	0	0	0	0	0	0	0	0	0	0	0	0	0	0	0	0	0	264	0	0	0
Rai14	8.483871	0	0	0	0	0	0	0	0	0	0	0	0	0	0	0	0	0	124	139	0	0	0	0	0	0	0	0	0	0	0	0	0
Ephb3	8.483871	0	0	0	0	0	0	0	0	0	0	0	0	0	0	0	0	0	94	169	0	0	0	0	0	0	0	0	0	0	0	0	0
Zfp39	8.419355	0	0	0	0	0	0	0	0	0	0	0	0	0	0	0	0	0	0	261	0	0	0	0	0	0	0	0	0	0	0	0	0
Sec31a	8.387097	0	0	0	0	0	0	0	0	0	0	0	0	0	0	0	0	0	0	0	0	0	0	120	0	0	0	0	0	140	0	0	0
Hhipl1	8.387097	0	0	0	0	0	0	0	0	0	0	0	0	0	0	0	0	0	0	0	0	0	0	0	0	0	0	0	135	125	0	0	0
Camk4	8.387097	0	0	0	0	0	0	0	0	0	0	0	0	0	0	0	0	103	0	157	0	0	0	0	0	0	0	0	0	0	0	0	0
Gap43	8.322581	0	0	0	0	0	0	0	0	0	0	0	0	0	0	0	0	0	0	90	0	0	0	0	0	0	0	0	0	168	0	0	0
Chd3	8.258065	0	0	0	0	0	0	0	0	0	0	0	0	0	0	0	0	0	0	0	0	256	0	0	0	0	0	0	0	0	0	0	0
Tjp2	8.225806	0	0	0	0	0	0	0	0	0	0	0	0	0	0	0	0	0	0	0	0	104	0	0	0	0	0	0	0	151	0	0	0
Creld1	8.225806	77	0	0	0	0	0	0	0	0	0	0	0	0	0	0	0	0	0	0	0	0	0	178	0	0	0	0	0	0	0	0	0
Ubxn8	8.193548	0	0	0	0	0	0	0	0	0	0	0	0	0	0	0	0	0	129	125	0	0	0	0	0	0	0	0	0	0	0	0	0
Tmem59l	8.193548	0	0	0	0	0	0	0	0	0	0	0	0	0	0	0	0	0	119	135	0	0	0	0	0	0	0	0	0	0	0	0	0
Crlf1	8.193548	0	0	0	0	0	0	0	0	0	0	0	0	0	0	0	0	0	119	135	0	0	0	0	0	0	0	0	0	0	0	0	0
Smyd2	8.161290	0	0	0	0	0	0	0	0	0	0	0	0	0	0	0	0	0	127	126	0	0	0	0	0	0	0	0	0	0	0	0	0
Rnf44	8.161290	0	0	0	0	0	0	0	0	0	0	0	0	0	0	0	0	0	253	0	0	0	0	0	0	0	0	0	0	0	0	0	0
Patz1	8.161290	0	0	0	0	0	0	0	0	0	0	0	0	0	0	0	0	0	0	87	0	166	0	0	0	0	0	0	0	0	0	0	0
Bcas2	8.161290	0	0	0	0	0	0	0	0	0	0	0	0	0	0	0	0	0	110	143	0	0	0	0	0	0	0	0	0	0	0	0	0
Sort1	8.129032	0	0	0	0	0	0	0	0	0	0	0	0	0	0	0	0	0	0	252	0	0	0	0	0	0	0	0	0	0	0	0	0
Irgm1	8.129032	0	0	0	0	0	0	0	0	0	0	0	0	0	0	0	0	0	106	146	0	0	0	0	0	0	0	0	0	0	0	0	0
Stra6	8.096774	0	0	0	0	0	0	0	0	0	0	0	0	0	0	0	0	0	0	131	0	0	0	120	0	0	0	0	0	0	0	0	0
Gna14	8.064516	0	0	0	0	0	0	0	0	0	0	0	117	0	0	0	0	0	0	133	0	0	0	0	0	0	0	0	0	0	0	0	0
Efemp1	8.064516	0	0	0	0	0	0	0	0	0	0	0	0	0	0	0	0	115	135	0	0	0	0	0	0	0	0	0	0	0	0	0	0
Zhx2	8.032258	0	0	0	0	0	0	0	0	0	0	0	0	0	0	0	0	0	0	0	0	0	0	0	0	0	0	0	133	116	0	0	0
Tmem40	8.032258	0	0	0	0	0	0	0	0	0	0	0	0	0	0	0	0	0	0	105	0	0	0	0	0	0	0	0	0	144	0	0	0
Eapp	8.000000	0	0	0	0	0	0	0	0	0	0	0	0	0	0	0	0	0	0	0	0	0	0	0	0	0	0	0	130	118	0	0	0
Mcf2l	7.967742	0	0	0	0	0	0	0	126	0	0	0	0	0	0	0	0	0	0	0	0	121	0	0	0	0	0	0	0	0	0	0	0
Hunk	7.935484	0	0	0	0	0	0	0	0	0	0	0	0	0	0	0	0	0	0	0	0	0	0	246	0	0	0	0	0	0	0	0	0
Gpr84	7.935484	0	0	0	0	0	0	0	0	0	0	0	0	0	0	0	0	0	0	0	0	0	0	0	0	0	0	0	105	141	0	0	0
Chst12	7.935484	0	0	0	0	0	0	0	0	0	0	0	0	0	0	0	0	0	0	0	0	0	0	99	0	0	0	0	0	147	0	0	0
Arhgap20	7.903226	0	0	0	0	0	0	0	0	0	0	0	0	0	0	0	0	0	0	0	0	0	0	0	0	0	0	0	135	110	0	0	0
Cga	7.870968	0	0	0	0	0	0	0	0	0	0	0	0	0	0	0	0	114	0	130	0	0	0	0	0	0	0	0	0	0	0	0	0
Map3k1	7.838710	0	0	0	0	0	0	0	0	0	0	0	0	0	0	0	0	98	0	145	0	0	0	0	0	0	0	0	0	0	0	0	0
Ctrb1	7.838710	0	0	0	0	0	0	0	0	0	0	0	0	0	0	0	0	0	0	0	0	0	0	0	0	0	0	0	137	106	0	0	0
Tbc1d30	7.774194	0	0	0	0	0	0	0	0	0	0	0	0	0	0	0	0	0	0	0	0	0	0	0	0	0	0	0	112	129	0	0	0
Cacna1c	7.709677	0	0	0	0	0	0	0	0	0	0	0	0	0	0	0	0	0	0	0	0	0	0	0	0	0	0	0	114	125	0	0	0
Tma16	7.677419	0	0	0	0	0	0	0	0	0	0	0	0	0	0	0	0	0	0	0	0	0	0	0	0	0	0	0	137	101	0	0	0
Nme5	7.677419	0	0	0	0	0	0	0	0	0	0	0	0	0	0	0	0	105	0	133	0	0	0	0	0	0	0	0	0	0	0	0	0
Alcam	7.677419	0	0	0	0	0	0	0	0	0	0	0	0	0	0	0	0	0	93	145	0	0	0	0	0	0	0	0	0	0	0	0	0
Tlr11	7.612903	0	0	0	0	0	0	0	0	0	88	0	0	0	0	0	0	0	148	0	0	0	0	0	0	0	0	0	0	0	0	0	0
Primpol	7.612903	0	0	0	0	0	0	0	0	0	0	0	0	0	0	0	0	156	0	80	0	0	0	0	0	0	0	0	0	0	0	0	0
Jam2	7.612903	0	0	0	0	0	0	0	0	0	0	0	0	0	0	0	0	0	0	0	0	236	0	0	0	0	0	0	0	0	0	0	0
Fzd1	7.612903	0	0	0	0	0	0	0	0	0	0	0	0	0	0	0	0	0	0	0	0	0	0	0	0	0	0	0	151	85	0	0	0
Casp3	7.612903	0	0	0	0	0	0	0	0	0	0	0	0	0	0	0	0	156	0	80	0	0	0	0	0	0	0	0	0	0	0	0	0
Hrh2	7.580645	108	0	0	0	0	0	0	0	0	0	0	0	0	0	0	0	0	0	0	0	0	0	127	0	0	0	0	0	0	0	0	0
Arhgef3	7.580645	0	0	0	0	0	0	0	0	0	0	0	0	0	0	0	0	0	0	0	0	0	0	0	0	0	0	0	118	117	0	0	0
Ndufv1	7.548387	0	0	0	0	0	0	0	0	0	0	0	0	0	0	0	0	0	0	147	0	0	0	0	0	0	0	0	0	87	0	0	0
Sema3b	7.451613	0	0	0	0	0	0	0	0	0	0	0	0	0	0	0	0	0	0	0	0	0	0	0	0	0	0	0	0	231	0	0	0
Lurap1l	7.451613	0	0	0	0	0	0	0	0	0	0	0	104	0	0	0	0	0	0	127	0	0	0	0	0	0	0	0	0	0	0	0	0
Slc16a9	7.387097	0	0	0	0	0	0	0	0	0	0	0	0	0	0	0	0	0	0	0	0	229	0	0	0	0	0	0	0	0	0	0	0
Gfra2	7.387097	0	0	0	0	0	0	0	0	0	0	0	0	0	0	0	0	0	0	229	0	0	0	0	0	0	0	0	0	0	0	0	0
Nfatc4	7.354839	0	0	0	0	0	0	0	0	0	0	0	0	0	0	0	0	0	0	228	0	0	0	0	0	0	0	0	0	0	0	0	0
1700008O03Rik	7.354839	0	0	0	0	0	0	0	0	0	0	0	0	0	0	0	0	0	0	145	0	83	0	0	0	0	0	0	0	0	0	0	0
Tgds	7.322581	0	0	0	0	0	0	0	0	0	0	0	0	0	0	0	0	0	0	227	0	0	0	0	0	0	0	0	0	0	0	0	0
Id3	7.322581	0	0	0	0	0	0	0	0	0	0	0	0	0	0	0	0	0	0	0	0	227	0	0	0	0	0	0	0	0	0	0	0
Gpr180	7.322581	0	0	0	0	0	0	0	0	0	0	0	0	0	0	0	0	0	0	227	0	0	0	0	0	0	0	0	0	0	0	0	0
Gm973	7.322581	0	0	0	0	0	0	0	0	0	0	0	0	0	0	0	0	0	0	0	0	0	0	0	0	0	0	0	111	116	0	0	0
Naalad2	7.290323	0	0	0	0	0	0	0	0	0	0	0	226	0	0	0	0	0	0	0	0	0	0	0	0	0	0	0	0	0	0	0	0
Lpar2	7.290323	0	0	0	0	0	0	0	0	0	0	0	0	0	0	0	0	0	121	105	0	0	0	0	0	0	0	0	0	0	0	0	0
Aebp1	7.290323	0	0	0	0	0	0	0	0	0	0	0	0	0	0	0	0	0	0	0	0	0	0	0	0	0	0	0	100	126	0	0	0
Zfp532	7.258065	0	0	0	0	0	0	0	0	0	0	0	121	0	0	0	0	0	0	0	0	104	0	0	0	0	0	0	0	0	0	0	0
Epha2	7.258065	0	0	0	0	0	0	0	0	0	0	0	0	0	0	0	0	0	0	225	0	0	0	0	0	0	0	0	0	0	0	0	0
Agmat	7.258065	150	0	0	0	0	0	0	0	0	0	0	0	0	0	0	0	0	0	0	0	0	0	75	0	0	0	0	0	0	0	0	0
Fbxl22	7.193548	0	0	0	0	0	0	0	0	0	0	0	0	0	0	0	0	123	0	100	0	0	0	0	0	0	0	0	0	0	0	0	0
Adipor2	7.193548	0	0	0	0	0	0	0	0	0	0	0	223	0	0	0	0	0	0	0	0	0	0	0	0	0	0	0	0	0	0	0	0
Rpl27	7.161290	0	0	0	0	0	0	0	0	0	0	0	0	0	0	0	0	0	0	0	0	0	0	94	0	0	0	0	0	128	0	0	0
Rasal2	7.129032	0	0	0	0	0	0	0	0	0	0	0	0	0	0	0	0	0	111	110	0	0	0	0	0	0	0	0	0	0	0	0	0
Tuba1a	7.096774	0	0	0	0	0	0	0	0	0	0	0	0	0	0	0	0	94	0	126	0	0	0	0	0	0	0	0	0	0	0	0	0
Rps19	7.096774	0	0	0	0	0	0	0	0	0	0	0	220	0	0	0	0	0	0	0	0	0	0	0	0	0	0	0	0	0	0	0	0
Jarid2	7.064516	0	0	0	0	0	0	0	0	0	0	0	0	0	0	0	0	0	0	102	0	117	0	0	0	0	0	0	0	0	0	0	0
Btn1a1	7.032258	0	0	0	0	0	0	0	0	0	0	0	0	0	0	0	0	0	102	116	0	0	0	0	0	0	0	0	0	0	0	0	0
Zfat	7.000000	0	0	0	0	0	0	0	0	0	0	0	0	0	0	0	0	0	0	0	0	0	0	0	0	0	0	0	110	107	0	0	0
Smarca4	6.967742	0	0	0	0	0	0	0	0	0	0	0	0	0	0	0	0	0	0	141	0	0	0	75	0	0	0	0	0	0	0	0	0
Gna13	6.967742	0	0	0	0	0	0	0	0	0	0	0	0	0	0	0	0	0	0	216	0	0	0	0	0	0	0	0	0	0	0	0	0
Bcas1	6.967742	0	0	0	0	0	0	0	0	0	0	0	0	0	0	0	0	0	0	0	0	0	0	216	0	0	0	0	0	0	0	0	0
Gm1113	6.935484	0	0	0	0	0	0	0	0	0	0	0	0	0	0	0	0	0	0	0	0	0	0	0	0	0	0	0	120	95	0	0	0
Rev1	6.903226	0	0	0	0	0	0	0	0	0	0	0	0	0	0	0	0	0	0	214	0	0	0	0	0	0	0	0	0	0	0	0	0
Marchf9	6.903226	0	0	0	0	0	0	0	0	0	0	0	0	0	0	0	0	0	0	214	0	0	0	0	0	0	0	0	0	0	0	0	0
Cdk4	6.903226	0	0	0	0	0	0	0	0	0	0	0	0	0	0	0	0	0	0	214	0	0	0	0	0	0	0	0	0	0	0	0	0
Kdsr	6.870968	0	0	0	0	0	0	0	0	0	0	0	0	0	0	0	0	0	0	0	0	0	0	0	0	0	0	0	213	0	0	0	0
Arl2	6.870968	0	0	0	0	0	0	0	0	0	0	0	0	0	0	0	0	0	0	213	0	0	0	0	0	0	0	0	0	0	0	0	0
Adcy3	6.870968	0	0	0	0	0	0	0	0	0	0	0	0	0	0	0	0	0	0	130	0	0	0	0	0	0	0	0	83	0	0	0	0
Fem1al	6.838710	0	0	0	0	0	0	0	0	0	0	0	0	0	0	0	0	0	127	85	0	0	0	0	0	0	0	0	0	0	0	0	0
Slc16a13	6.774194	0	0	0	0	0	0	0	0	0	0	0	0	0	0	0	0	0	0	0	0	0	0	210	0	0	0	0	0	0	0	0	0
Shisa3	6.774194	0	0	0	0	0	0	0	0	0	0	0	0	0	0	0	0	0	0	0	0	0	0	0	0	0	0	0	0	210	0	0	0
Olfr141	6.774194	0	0	0	0	0	0	0	0	0	0	0	0	0	0	0	0	0	210	0	0	0	0	0	0	0	0	0	0	0	0	0	0
Kat7	6.774194	0	0	0	0	0	83	0	0	0	0	0	127	0	0	0	0	0	0	0	0	0	0	0	0	0	0	0	0	0	0	0	0
Zfp827	6.741935	0	0	0	0	0	0	0	0	0	0	0	0	0	0	0	0	0	0	209	0	0	0	0	0	0	0	0	0	0	0	0	0
Zpld1	6.709677	0	0	0	0	0	0	0	0	0	0	0	0	0	0	0	0	0	0	0	0	0	0	208	0	0	0	0	0	0	0	0	0
Zmynd8	6.709677	0	0	0	0	0	0	0	0	0	0	0	0	0	0	0	0	0	208	0	0	0	0	0	0	0	0	0	0	0	0	0	0
Srcin1	6.709677	0	0	0	0	0	0	0	0	0	0	0	0	0	0	0	0	134	74	0	0	0	0	0	0	0	0	0	0	0	0	0	0
Rps29	6.677419	0	0	0	0	0	0	0	0	0	0	0	0	0	0	0	0	0	0	0	0	0	0	0	0	0	118	0	89	0	0	0	0
Nme1	6.677419	0	0	0	0	0	0	0	0	0	0	0	0	0	0	0	0	0	0	0	0	0	0	86	0	0	0	0	121	0	0	0	0
Alpl	6.677419	0	0	0	0	0	0	0	0	0	0	0	0	0	0	0	0	0	0	0	0	207	0	0	0	0	0	0	0	0	0	0	0
Snai1	6.645161	0	0	0	0	0	0	0	0	0	0	0	0	0	0	0	0	0	0	0	0	206	0	0	0	0	0	0	0	0	0	0	0
Dcp1a	6.645161	0	0	0	0	0	0	0	0	0	0	0	0	0	0	0	0	0	0	0	0	0	0	0	0	0	0	0	206	0	0	0	0
Zdhhc16	6.612903	0	0	0	0	0	0	0	0	0	0	0	0	0	0	0	0	0	95	110	0	0	0	0	0	0	0	0	0	0	0	0	0
Mrpl21	6.612903	0	0	0	0	0	0	0	0	0	0	0	0	0	0	0	0	0	0	0	0	0	0	104	0	0	0	0	101	0	0	0	0
Ighmbp2	6.612903	0	0	0	0	0	0	0	0	0	0	0	0	0	0	0	0	0	0	0	0	0	0	104	0	0	0	0	101	0	0	0	0
Exosc1	6.612903	0	0	0	0	0	0	0	0	0	0	0	0	0	0	0	0	0	95	110	0	0	0	0	0	0	0	0	0	0	0	0	0
Tpst2	6.548387	0	0	0	0	0	0	0	0	0	0	0	0	0	0	0	0	0	0	0	0	0	0	0	0	0	0	0	0	203	0	0	0
Ptn	6.548387	0	0	0	0	0	0	0	0	0	0	0	0	0	0	0	0	0	0	0	0	0	0	0	0	0	0	0	203	0	0	0	0
Sox6	6.516129	0	0	0	0	0	0	0	0	0	0	0	0	0	0	0	0	0	98	104	0	0	0	0	0	0	0	0	0	0	0	0	0
Lrrc18	6.483871	0	0	0	0	0	0	0	0	0	0	0	0	0	0	0	0	201	0	0	0	0	0	0	0	0	0	0	0	0	0	0	0
Tfap2d	6.451613	0	0	0	0	0	0	0	0	0	0	0	0	0	0	0	0	0	0	200	0	0	0	0	0	0	0	0	0	0	0	0	0
Emx2	6.451613	0	0	0	0	0	0	0	0	0	0	0	0	0	0	0	0	0	93	107	0	0	0	0	0	0	0	0	0	0	0	0	0
Cdh22	6.451613	0	0	0	0	0	0	0	0	0	0	0	0	0	0	0	0	0	0	0	0	0	0	0	0	0	0	0	0	200	0	0	0
Prss56	6.419355	0	0	0	0	0	0	0	0	0	0	0	0	0	0	0	0	199	0	0	0	0	0	0	0	0	0	0	0	0	0	0	0
Lman2l	6.419355	0	0	0	0	0	0	0	0	0	0	0	0	0	0	0	0	0	0	199	0	0	0	0	0	0	0	0	0	0	0	0	0
Arid3b	6.419355	0	0	0	0	0	0	0	0	0	0	0	0	0	0	0	0	0	0	0	0	0	0	199	0	0	0	0	0	0	0	0	0
Slc16a2	6.387097	0	0	0	0	0	0	0	0	0	0	0	0	0	0	0	0	0	99	99	0	0	0	0	0	0	0	0	0	0	0	0	0
Ahsa2	6.354839	0	0	0	0	0	0	0	0	0	0	0	0	0	0	0	0	0	0	0	0	0	0	197	0	0	0	0	0	0	0	0	0
Adamts5	6.322581	0	0	0	0	0	0	0	0	0	0	0	0	0	0	0	0	0	0	0	0	0	0	0	0	0	0	0	0	196	0	0	0
Sctr	6.290323	0	0	0	0	0	0	0	0	0	0	0	0	0	0	0	0	0	0	0	0	0	0	0	0	0	0	0	92	103	0	0	0
Oscp1	6.258065	0	0	0	0	0	0	0	0	0	0	0	0	0	0	0	0	0	0	0	0	0	0	0	0	0	0	0	0	194	0	0	0
Steap1	6.225806	0	0	0	0	0	0	0	0	0	0	0	0	0	0	0	0	0	0	193	0	0	0	0	0	0	0	0	0	0	0	0	0
Nubp1	6.161290	0	0	0	0	0	0	0	0	0	0	0	0	0	0	0	0	0	0	0	0	0	0	0	0	0	0	0	94	97	0	0	0
Nr4a1	6.161290	0	0	0	0	0	0	0	0	0	0	0	0	0	0	0	0	0	0	191	0	0	0	0	0	0	0	0	0	0	0	0	0
Map4	6.161290	0	0	0	0	0	0	0	0	0	0	0	191	0	0	0	0	0	0	0	0	0	0	0	0	0	0	0	0	0	0	0	0
Kdm5c	6.161290	0	0	0	0	0	0	0	0	0	0	0	0	0	0	0	0	0	0	0	0	0	0	191	0	0	0	0	0	0	0	0	0
Fzd2	6.129032	0	0	0	0	0	0	0	0	0	0	0	0	0	0	0	0	0	0	190	0	0	0	0	0	0	0	0	0	0	0	0	0
Ppt1	6.096774	0	0	0	0	0	0	0	0	0	0	0	0	0	0	0	0	0	0	0	0	0	0	0	0	0	0	0	0	189	0	0	0
Hax1	6.096774	0	0	0	0	0	0	0	0	0	0	0	0	0	0	0	0	87	0	0	0	0	0	0	0	0	0	0	102	0	0	0	0
Amd2	6.096774	0	0	0	0	0	0	0	0	0	0	0	0	0	0	0	0	102	0	87	0	0	0	0	0	0	0	0	0	0	0	0	0
Amd1	6.096774	0	0	0	0	0	0	0	0	0	0	0	0	0	0	0	0	102	0	87	0	0	0	0	0	0	0	0	0	0	0	0	0
Pgap2	6.064516	0	0	0	0	0	0	0	0	0	0	0	0	0	0	0	0	0	0	0	0	0	0	0	0	0	0	0	188	0	0	0	0
Nup98	6.064516	0	0	0	0	0	0	0	0	0	0	0	0	0	0	0	0	0	0	0	0	0	0	0	0	0	0	0	188	0	0	0	0
Ccdc71l	6.064516	0	0	0	0	0	0	0	0	0	0	0	0	0	0	0	0	85	0	0	0	0	0	0	0	0	0	0	0	103	0	0	0
Klhdc10	6.032258	0	0	0	0	0	0	0	0	0	0	0	0	0	0	0	0	0	0	94	0	0	0	0	0	0	0	0	93	0	0	0	0
Cpz	6.000000	0	0	0	0	0	0	0	0	0	0	0	0	0	0	0	186	0	0	0	0	0	0	0	0	0	0	0	0	0	0	0	0
Cox7a1	5.967742	0	0	0	0	0	0	0	0	0	0	0	0	0	0	0	0	0	0	0	0	0	0	0	0	0	0	0	0	185	0	0	0
Disp1	5.935484	0	0	0	0	0	0	0	0	0	0	0	0	0	0	0	0	0	0	0	0	0	0	0	0	0	0	0	0	184	0	0	0
Copz1	5.935484	0	0	0	0	0	0	0	0	0	0	0	0	0	0	0	0	0	0	0	0	0	0	0	0	184	0	0	0	0	0	0	0
Asb8	5.870968	0	0	0	0	0	0	0	0	0	0	0	0	0	0	0	0	0	0	0	0	0	182	0	0	0	0	0	0	0	0	0	0
Tuba1b	5.838710	0	0	0	0	0	0	0	0	0	0	0	0	0	0	0	0	0	0	0	0	0	0	0	0	0	0	0	181	0	0	0	0
Prss12	5.838710	0	0	0	0	0	0	0	0	0	0	0	0	0	0	0	0	0	0	0	0	0	0	181	0	0	0	0	0	0	0	0	0
Nr1h5	5.838710	0	0	0	0	0	0	0	0	0	0	0	0	0	0	0	0	0	0	0	0	0	0	0	0	0	0	0	181	0	0	0	0
Mdm4	5.838710	0	0	0	0	0	0	0	0	0	0	0	0	0	0	0	0	0	0	181	0	0	0	0	0	0	0	0	0	0	0	0	0
Mdk	5.838710	0	0	0	0	0	0	0	0	0	0	0	0	0	0	0	0	0	0	0	0	181	0	0	0	0	0	0	0	0	0	0	0
Krt90	5.838710	0	0	0	0	0	0	0	0	0	0	0	0	0	0	0	0	0	0	0	0	0	0	181	0	0	0	0	0	0	0	0	0
Il21	5.838710	0	0	0	0	0	0	0	0	0	0	0	0	0	0	0	0	0	0	0	0	0	0	0	0	0	0	0	0	181	0	0	0
Rps6ka5	5.806452	0	0	0	0	0	0	0	0	0	0	0	0	0	0	0	0	0	84	96	0	0	0	0	0	0	0	0	0	0	0	0	0
Nkap	5.806452	0	0	0	0	0	0	0	0	0	0	0	0	0	0	0	0	0	0	0	0	0	0	0	0	0	0	180	0	0	0	0	0
Mesp2	5.806452	0	0	0	0	0	0	0	0	0	0	0	0	0	0	0	0	0	0	180	0	0	0	0	0	0	0	0	0	0	0	0	0
Baz1b	5.806452	0	0	0	0	0	0	0	0	0	0	0	0	0	0	0	0	0	0	180	0	0	0	0	0	0	0	0	0	0	0	0	0
Tfeb	5.774194	0	0	0	0	0	0	0	0	0	0	0	0	0	0	0	0	73	0	0	0	0	0	0	0	0	0	0	106	0	0	0	0
Ncoa4	5.774194	179	0	0	0	0	0	0	0	0	0	0	0	0	0	0	0	0	0	0	0	0	0	0	0	0	0	0	0	0	0	0	0
Bdnf	5.741935	0	0	0	0	0	0	0	0	0	0	0	0	0	0	0	0	0	0	0	0	0	0	178	0	0	0	0	0	0	0	0	0
Zfp598	5.709677	0	0	0	0	0	0	0	0	0	0	0	0	0	0	0	0	0	0	0	0	0	0	0	177	0	0	0	0	0	0	0	0
Tnfaip3	5.709677	0	0	0	0	0	0	0	0	0	0	0	0	0	0	0	0	0	0	177	0	0	0	0	0	0	0	0	0	0	0	0	0
Ctf1	5.709677	0	0	0	0	0	0	0	0	0	0	0	0	0	0	0	0	84	0	93	0	0	0	0	0	0	0	0	0	0	0	0	0
Bcl7c	5.709677	0	0	0	0	0	0	0	0	0	0	0	0	0	0	0	0	84	0	93	0	0	0	0	0	0	0	0	0	0	0	0	0
Spata2l	5.645161	0	0	0	0	0	0	0	0	0	0	0	0	0	0	0	0	0	0	175	0	0	0	0	0	0	0	0	0	0	0	0	0
Ap2m1	5.612903	0	0	0	0	0	0	0	0	0	0	0	0	0	0	0	0	0	0	174	0	0	0	0	0	0	0	0	0	0	0	0	0
Xpot	5.548387	0	0	0	0	0	0	0	0	0	0	0	0	0	0	0	0	0	0	0	0	0	0	172	0	0	0	0	0	0	0	0	0
Drosha	5.548387	0	0	0	0	0	0	0	0	0	0	0	0	0	0	0	0	0	0	172	0	0	0	0	0	0	0	0	0	0	0	0	0
Dars	5.548387	0	0	0	0	0	0	0	0	0	0	0	0	0	0	0	0	0	0	0	0	0	0	0	0	0	0	0	0	172	0	0	0
Arhgap28	5.548387	0	0	0	0	0	0	0	0	0	0	0	0	0	0	0	0	61	0	111	0	0	0	0	0	0	0	0	0	0	0	0	0
6030458C11Rik	5.548387	0	0	0	0	0	0	0	0	0	0	0	0	0	0	0	0	0	0	172	0	0	0	0	0	0	0	0	0	0	0	0	0
Vgll1	5.516129	0	0	0	0	0	0	0	0	0	0	0	0	0	0	0	0	0	0	171	0	0	0	0	0	0	0	0	0	0	0	0	0
Pltp	5.516129	0	0	0	0	0	0	0	0	0	0	0	0	0	0	0	0	0	0	0	0	0	0	0	0	0	0	0	0	171	0	0	0
5430403G16Rik	5.516129	0	0	0	0	0	0	0	0	0	0	0	0	0	0	0	0	0	0	171	0	0	0	0	0	0	0	0	0	0	0	0	0
Sult2b1	5.483871	170	0	0	0	0	0	0	0	0	0	0	0	0	0	0	0	0	0	0	0	0	0	0	0	0	0	0	0	0	0	0	0
Ndst1	5.483871	0	0	0	0	0	0	0	0	0	0	0	0	0	0	0	0	0	0	0	0	0	0	170	0	0	0	0	0	0	0	0	0
Gpnmb	5.483871	0	0	0	0	0	0	0	0	0	0	0	0	0	0	0	0	0	0	0	0	0	0	0	0	0	0	0	0	170	0	0	0
Med23	5.419355	0	0	0	0	0	0	0	0	0	0	0	0	0	0	0	0	0	0	0	0	0	0	0	0	0	0	0	168	0	0	0	0
Cacybp	5.419355	0	0	0	0	0	0	0	0	0	0	0	0	0	0	0	0	0	0	0	0	0	0	0	0	0	0	0	168	0	0	0	0
Bcl11b	5.419355	0	0	0	0	0	0	0	0	0	0	0	0	0	0	0	0	0	0	168	0	0	0	0	0	0	0	0	0	0	0	0	0
Pkn2	5.387097	0	0	0	0	0	0	0	0	0	0	0	0	0	0	0	0	0	0	167	0	0	0	0	0	0	0	0	0	0	0	0	0
Uhrf1bp1l	5.354839	0	0	0	0	0	0	0	0	0	0	0	0	0	0	0	0	0	0	166	0	0	0	0	0	0	0	0	0	0	0	0	0
Thap12	5.354839	0	0	0	0	0	0	0	0	0	0	0	0	0	0	0	0	0	0	166	0	0	0	0	0	0	0	0	0	0	0	0	0
Trib2	5.322581	0	0	0	0	0	0	0	0	0	0	0	165	0	0	0	0	0	0	0	0	0	0	0	0	0	0	0	0	0	0	0	0
Pim1	5.322581	0	0	0	0	0	0	0	0	0	0	0	0	0	0	0	0	0	0	165	0	0	0	0	0	0	0	0	0	0	0	0	0
Jakmip1	5.322581	0	0	0	0	0	0	0	0	0	0	0	0	0	0	0	0	0	165	0	0	0	0	0	0	0	0	0	0	0	0	0	0
Fasn	5.322581	0	0	0	0	0	0	0	0	0	0	0	0	0	0	0	0	0	0	165	0	0	0	0	0	0	0	0	0	0	0	0	0
Dkk4	5.322581	0	0	0	0	0	0	0	0	0	0	0	0	0	0	0	0	0	165	0	0	0	0	0	0	0	0	0	0	0	0	0	0
Zyg11a	5.290323	0	0	0	0	0	0	0	0	0	0	0	0	0	0	0	0	0	0	0	0	164	0	0	0	0	0	0	0	0	0	0	0
Zswim6	5.290323	0	0	0	0	0	0	0	0	0	0	0	0	0	0	0	0	0	0	164	0	0	0	0	0	0	0	0	0	0	0	0	0
Hdx	5.290323	0	0	0	0	0	0	0	0	0	0	0	0	0	0	0	0	0	0	0	0	0	0	0	0	0	0	164	0	0	0	0	0
Eogt	5.290323	0	0	0	0	0	0	0	0	0	0	0	0	0	0	0	0	0	0	0	0	164	0	0	0	0	0	0	0	0	0	0	0
Dbr1	5.290323	0	0	0	0	0	0	0	0	0	0	0	0	0	0	0	0	0	0	164	0	0	0	0	0	0	0	0	0	0	0	0	0
3300002I08Rik	5.290323	0	0	0	0	0	0	0	164	0	0	0	0	0	0	0	0	0	0	0	0	0	0	0	0	0	0	0	0	0	0	0	0
Trappc9	5.258065	0	0	0	0	0	0	0	0	0	0	0	0	0	0	0	0	0	0	163	0	0	0	0	0	0	0	0	0	0	0	0	0
Cyp2w1	5.258065	0	0	0	0	0	0	0	0	0	0	0	0	0	0	0	0	0	0	163	0	0	0	0	0	0	0	0	0	0	0	0	0
Triml1	5.193548	0	0	0	0	0	0	0	0	0	0	0	0	0	0	0	0	0	0	0	0	0	0	0	0	0	0	0	161	0	0	0	0
Cdkn2aipnl	5.193548	0	0	0	0	0	0	0	0	0	0	0	0	0	0	0	0	0	0	0	0	0	0	0	0	0	0	0	0	161	0	0	0
Xndc1	5.161290	0	0	0	0	0	0	0	0	0	0	0	0	0	0	0	0	0	0	0	0	0	0	160	0	0	0	0	0	0	0	0	0
Rnf121	5.161290	0	0	0	0	0	0	0	0	0	0	0	0	0	0	0	0	0	0	0	0	0	0	160	0	0	0	0	0	0	0	0	0
Grhl2	5.161290	160	0	0	0	0	0	0	0	0	0	0	0	0	0	0	0	0	0	0	0	0	0	0	0	0	0	0	0	0	0	0	0
Fam227b	5.161290	0	0	0	0	0	0	0	0	0	0	0	0	0	0	0	0	0	0	0	0	0	0	160	0	0	0	0	0	0	0	0	0
Dtwd1	5.161290	0	0	0	0	0	0	0	0	0	0	0	0	0	0	0	0	0	0	0	0	0	0	160	0	0	0	0	0	0	0	0	0
Tgfbr3	5.129032	0	0	0	0	0	0	0	0	0	0	0	0	0	0	0	0	0	0	0	0	159	0	0	0	0	0	0	0	0	0	0	0
H2-Eb1	5.129032	0	0	0	0	0	0	0	0	0	0	0	0	0	0	0	0	0	0	159	0	0	0	0	0	0	0	0	0	0	0	0	0
Csrp1	5.129032	0	0	0	0	0	0	0	0	0	0	0	0	0	0	0	0	0	0	0	0	0	0	159	0	0	0	0	0	0	0	0	0
Zbtb40	5.096774	0	0	0	0	0	0	0	0	0	0	0	0	0	0	0	0	0	0	0	0	0	0	0	0	0	0	0	0	158	0	0	0
Tmem252	5.096774	0	0	0	0	0	0	0	0	0	0	0	0	0	0	0	0	0	0	0	0	0	0	0	0	0	0	0	158	0	0	0	0
Hlx	5.096774	0	0	0	0	0	0	0	0	0	0	0	0	0	0	0	0	0	0	158	0	0	0	0	0	0	0	0	0	0	0	0	0
Pik3c3	5.064516	0	0	0	0	0	0	0	0	0	0	0	0	0	0	0	0	0	0	157	0	0	0	0	0	0	0	0	0	0	0	0	0
Cyth1	5.032258	0	0	0	0	0	0	0	0	0	0	0	0	0	0	0	0	0	0	156	0	0	0	0	0	0	0	0	0	0	0	0	0
Sike1	5.000000	0	0	0	0	0	0	0	0	0	0	0	0	0	0	0	0	0	0	0	0	0	0	0	0	0	0	0	0	155	0	0	0
Hivep1	5.000000	0	0	0	0	0	0	0	0	0	0	0	0	0	0	0	0	0	0	155	0	0	0	0	0	0	0	0	0	0	0	0	0
Plscr2	4.967742	0	0	0	0	0	0	0	0	0	0	0	0	0	0	0	0	0	0	0	0	0	0	0	0	0	0	0	0	154	0	0	0
BC028528	4.967742	0	0	0	0	0	0	0	0	0	0	0	0	0	0	0	0	0	0	154	0	0	0	0	0	0	0	0	0	0	0	0	0
Aph1a	4.967742	0	0	0	0	0	0	0	0	0	0	0	0	0	0	0	0	0	0	154	0	0	0	0	0	0	0	0	0	0	0	0	0
Alyref2	4.967742	0	0	0	0	0	0	0	0	0	0	0	0	0	0	0	0	0	0	0	0	0	0	0	0	0	0	0	0	154	0	0	0
Olfr810	4.935484	0	0	0	0	0	0	0	0	0	0	0	0	0	0	0	0	0	0	0	0	0	0	153	0	0	0	0	0	0	0	0	0
Kti12	4.935484	0	0	0	0	0	0	0	0	0	0	0	153	0	0	0	0	0	0	0	0	0	0	0	0	0	0	0	0	0	0	0	0
Grid1	4.935484	0	0	0	0	0	0	0	0	0	0	0	0	0	0	0	0	0	0	0	0	0	0	0	0	0	0	0	0	153	0	0	0
AI413582	4.935484	0	0	0	0	0	0	0	0	0	0	0	0	0	0	0	0	0	0	153	0	0	0	0	0	0	0	0	0	0	0	0	0
Tmem151b	4.903226	0	0	0	0	0	0	0	0	0	0	0	0	0	0	0	0	0	0	152	0	0	0	0	0	0	0	0	0	0	0	0	0
Pdss1	4.903226	0	0	0	0	0	0	0	0	0	0	0	0	0	0	0	0	0	0	0	0	152	0	0	0	0	0	0	0	0	0	0	0
Lima1	4.903226	0	0	0	0	0	0	0	0	0	0	0	0	0	0	0	0	0	0	0	0	152	0	0	0	0	0	0	0	0	0	0	0
Iqsec3	4.903226	0	0	0	0	0	0	0	0	0	0	0	0	0	0	0	0	0	0	0	0	0	0	0	0	0	0	0	0	152	0	0	0
Tfcp2l1	4.870968	0	0	0	0	0	0	0	0	0	0	0	0	0	0	0	0	0	0	0	0	151	0	0	0	0	0	0	0	0	0	0	0
Mmp27	4.870968	0	0	0	0	0	0	0	0	0	0	0	0	0	0	0	0	0	0	0	0	0	0	151	0	0	0	0	0	0	0	0	0
Ggta1	4.870968	0	0	0	0	0	0	0	0	0	0	0	0	0	0	0	0	0	0	151	0	0	0	0	0	0	0	0	0	0	0	0	0
Susd4	4.838710	0	0	0	0	0	0	0	0	0	0	0	0	0	0	0	0	0	0	150	0	0	0	0	0	0	0	0	0	0	0	0	0
Nfatc2ip	4.838710	0	0	0	0	0	0	0	0	0	0	0	0	0	0	0	0	0	0	0	0	150	0	0	0	0	0	0	0	0	0	0	0
Lin28a	4.838710	0	0	0	0	0	0	0	0	0	0	0	0	0	0	0	0	0	0	150	0	0	0	0	0	0	0	0	0	0	0	0	0
Grrp1	4.838710	0	0	0	0	0	0	0	0	0	0	0	0	0	0	0	0	0	150	0	0	0	0	0	0	0	0	0	0	0	0	0	0
Acvr1c	4.838710	0	0	0	0	0	0	0	0	0	0	0	0	0	0	0	0	150	0	0	0	0	0	0	0	0	0	0	0	0	0	0	0
Pde4c	4.806452	0	0	0	0	0	0	0	0	0	0	0	0	0	0	0	0	0	0	0	0	0	0	0	0	0	0	0	149	0	0	0	0
Mrps24	4.806452	0	0	0	0	0	0	0	0	0	0	0	149	0	0	0	0	0	0	0	0	0	0	0	0	0	0	0	0	0	0	0	0
Fbxl18	4.806452	0	0	0	0	0	0	0	0	0	0	0	0	0	0	0	0	0	0	0	0	0	0	0	0	0	0	149	0	0	0	0	0
Dkk1	4.806452	0	0	0	0	0	0	0	0	0	0	0	0	0	0	0	0	0	0	149	0	0	0	0	0	0	0	0	0	0	0	0	0
Nwd2	4.774194	0	0	0	0	0	0	0	0	0	0	0	0	0	0	0	0	0	0	148	0	0	0	0	0	0	0	0	0	0	0	0	0
Zfp330	4.741935	0	0	0	0	0	0	0	0	0	0	0	0	0	0	0	0	0	0	147	0	0	0	0	0	0	0	0	0	0	0	0	0
Vav1	4.741935	0	0	0	0	0	0	0	0	0	0	0	0	0	0	0	0	0	0	147	0	0	0	0	0	0	0	0	0	0	0	0	0
Usp3	4.741935	0	0	0	0	0	0	0	0	0	0	0	0	0	0	0	0	0	0	0	0	0	0	0	0	0	0	0	0	147	0	0	0
Spink4	4.741935	0	0	0	0	0	0	0	0	0	0	0	0	0	0	0	0	0	0	0	0	0	0	0	0	0	0	0	0	147	0	0	0
Snx17	4.741935	0	0	0	0	0	0	0	0	0	0	0	0	0	0	0	0	0	147	0	0	0	0	0	0	0	0	0	0	0	0	0	0
Rapgefl1	4.741935	0	0	0	0	0	0	0	0	0	0	0	0	0	0	0	0	0	0	0	0	147	0	0	0	0	0	0	0	0	0	0	0
Flrt1	4.741935	0	0	0	0	0	0	0	0	0	0	0	0	0	0	0	0	0	147	0	0	0	0	0	0	0	0	0	0	0	0	0	0
Eif2b4	4.741935	0	0	0	0	0	0	0	0	0	0	0	0	0	0	0	0	0	147	0	0	0	0	0	0	0	0	0	0	0	0	0	0
Wnt3	4.709677	0	0	0	0	0	0	0	0	0	0	0	0	0	0	0	0	0	0	146	0	0	0	0	0	0	0	0	0	0	0	0	0
Mpp3	4.709677	0	0	0	0	0	0	0	0	0	0	0	0	0	0	0	0	0	0	146	0	0	0	0	0	0	0	0	0	0	0	0	0
Hopx	4.709677	0	0	0	0	0	0	0	0	0	0	0	0	0	0	0	0	0	0	0	0	0	0	146	0	0	0	0	0	0	0	0	0
Gm11213	4.709677	0	146	0	0	0	0	0	0	0	0	0	0	0	0	0	0	0	0	0	0	0	0	0	0	0	0	0	0	0	0	0	0
Eif4a1	4.677419	0	0	0	0	0	0	0	0	0	0	0	0	0	0	0	0	0	0	145	0	0	0	0	0	0	0	0	0	0	0	0	0
Csnk1a1	4.677419	0	0	0	0	0	0	0	0	0	0	0	0	0	0	0	0	0	145	0	0	0	0	0	0	0	0	0	0	0	0	0	0
Cnot8	4.677419	0	0	0	0	0	0	0	0	0	0	0	0	0	0	0	0	0	0	0	0	145	0	0	0	0	0	0	0	0	0	0	0
Tab2	4.645161	0	0	0	0	0	0	0	0	0	0	0	0	0	0	0	0	144	0	0	0	0	0	0	0	0	0	0	0	0	0	0	0
Dnase2a	4.645161	0	0	0	0	0	0	0	0	0	0	0	0	0	0	0	0	0	0	144	0	0	0	0	0	0	0	0	0	0	0	0	0
Cnpy2	4.645161	0	0	0	0	0	0	0	0	0	0	0	0	0	0	0	0	0	0	144	0	0	0	0	0	0	0	0	0	0	0	0	0
Aif1	4.645161	0	0	0	0	0	0	0	0	0	0	0	0	0	0	0	0	0	0	0	0	0	0	0	0	0	0	0	144	0	0	0	0
Ablim1	4.645161	0	0	0	0	0	0	0	0	0	0	0	0	0	0	0	0	0	0	0	0	0	0	0	0	0	0	0	0	144	0	0	0
1810058I24Rik	4.645161	0	0	0	0	0	0	0	0	0	0	0	0	0	0	0	0	0	0	0	0	0	0	144	0	0	0	0	0	0	0	0	0
Ovol1	4.612903	0	0	0	0	0	0	0	0	0	0	0	0	0	0	0	0	0	0	0	0	0	0	0	0	0	0	0	143	0	0	0	0
Olfr1151	4.612903	0	0	0	0	0	0	0	0	0	0	0	0	0	0	0	0	0	0	143	0	0	0	0	0	0	0	0	0	0	0	0	0
Adam5	4.612903	0	0	0	0	0	0	0	0	0	0	0	0	0	0	0	0	0	0	143	0	0	0	0	0	0	0	0	0	0	0	0	0
Vwc2	4.580645	0	0	0	0	0	0	0	0	0	0	0	0	0	0	0	0	0	0	142	0	0	0	0	0	0	0	0	0	0	0	0	0
Usp30	4.580645	0	0	0	0	0	0	0	0	0	0	0	0	0	0	0	0	0	0	0	0	0	0	0	0	0	0	0	0	142	0	0	0
Tshz2	4.580645	0	0	0	0	0	0	0	0	0	0	0	0	0	0	0	0	0	0	0	0	0	0	0	0	0	0	0	0	142	0	0	0
Gpr153	4.580645	0	0	0	0	0	0	0	0	0	0	0	0	0	0	0	0	0	0	142	0	0	0	0	0	0	0	0	0	0	0	0	0
Abcd2	4.580645	0	0	0	0	0	0	0	0	0	0	0	0	0	0	0	0	0	0	142	0	0	0	0	0	0	0	0	0	0	0	0	0
Taf15	4.516129	0	0	0	0	0	0	0	0	0	0	0	0	0	0	0	0	0	0	140	0	0	0	0	0	0	0	0	0	0	0	0	0
Fam107b	4.516129	0	0	0	0	0	0	0	0	0	0	0	0	0	0	0	0	0	0	0	0	0	0	0	140	0	0	0	0	0	0	0	0
Col18a1	4.516129	0	0	0	0	0	0	0	0	0	0	0	0	0	0	0	0	0	0	0	0	0	0	140	0	0	0	0	0	0	0	0	0
Slco5a1	4.483871	0	0	0	0	0	0	0	0	0	0	0	0	0	0	0	0	0	0	139	0	0	0	0	0	0	0	0	0	0	0	0	0
Cxcl12	4.483871	0	0	0	0	0	0	0	0	0	0	0	0	0	0	0	0	0	0	139	0	0	0	0	0	0	0	0	0	0	0	0	0
Tnrc18	4.451613	0	0	0	0	0	0	0	0	0	0	0	0	0	0	0	0	0	0	0	0	0	0	0	0	0	0	0	0	138	0	0	0
Tmprss11b	4.451613	0	0	0	0	0	0	0	0	0	0	0	0	0	0	0	0	0	0	0	0	0	0	138	0	0	0	0	0	0	0	0	0
Abraxas2	4.451613	0	0	0	0	0	0	0	0	0	0	0	0	0	0	0	0	0	0	138	0	0	0	0	0	0	0	0	0	0	0	0	0
Vmn1r1	4.419355	0	0	0	0	0	0	0	0	0	0	0	0	0	0	0	0	0	0	137	0	0	0	0	0	0	0	0	0	0	0	0	0
Niban2	4.419355	0	0	0	0	0	0	0	0	0	0	0	0	0	0	0	0	0	0	0	0	0	0	137	0	0	0	0	0	0	0	0	0
Hoatz	4.419355	0	0	0	0	0	0	0	0	0	0	0	0	0	0	0	0	0	0	0	0	0	0	137	0	0	0	0	0	0	0	0	0
H4c17	4.419355	0	0	0	0	0	0	0	0	0	0	0	0	0	0	0	0	0	0	0	0	0	0	0	0	0	0	0	137	0	0	0	0
H4bc24	4.419355	0	0	0	0	0	0	0	0	0	0	0	0	0	0	0	0	0	0	0	0	0	0	0	0	0	0	0	137	0	0	0	0
H2bc23	4.419355	0	0	0	0	0	0	0	0	0	0	0	0	0	0	0	0	0	0	0	0	0	0	0	0	0	0	0	137	0	0	0	0
H2ac24	4.419355	0	0	0	0	0	0	0	0	0	0	0	0	0	0	0	0	0	0	0	0	0	0	0	0	0	0	0	137	0	0	0	0
H2ac23	4.419355	0	0	0	0	0	0	0	0	0	0	0	0	0	0	0	0	0	0	0	0	0	0	0	0	0	0	0	137	0	0	0	0
Tmem123	4.387097	0	0	0	0	0	0	0	0	0	0	0	0	0	0	0	0	0	0	136	0	0	0	0	0	0	0	0	0	0	0	0	0
Srsf12	4.387097	0	0	0	0	0	0	0	0	0	0	0	0	0	0	0	0	0	136	0	0	0	0	0	0	0	0	0	0	0	0	0	0
Olfr459	4.387097	0	0	0	0	0	0	0	0	0	0	0	0	0	0	0	0	0	0	0	0	0	0	136	0	0	0	0	0	0	0	0	0
Glipr1l3	4.387097	0	0	0	0	0	0	0	0	0	0	0	0	0	0	0	0	0	0	136	0	0	0	0	0	0	0	0	0	0	0	0	0
Caps2	4.387097	0	0	0	0	0	0	0	0	0	0	0	0	0	0	0	0	0	0	136	0	0	0	0	0	0	0	0	0	0	0	0	0
Pax2	4.354839	0	0	0	0	0	0	0	0	0	0	0	0	0	0	0	0	0	0	0	0	0	0	0	0	0	0	0	0	135	0	0	0
Klf4	4.354839	0	0	0	0	0	0	0	0	0	0	0	0	0	0	0	0	0	0	135	0	0	0	0	0	0	0	0	0	0	0	0	0
Kif5b	4.354839	0	0	0	0	0	0	0	0	0	0	0	0	0	0	0	0	0	0	135	0	0	0	0	0	0	0	0	0	0	0	0	0
Josd1	4.354839	135	0	0	0	0	0	0	0	0	0	0	0	0	0	0	0	0	0	0	0	0	0	0	0	0	0	0	0	0	0	0	0
Gtpbp1	4.354839	135	0	0	0	0	0	0	0	0	0	0	0	0	0	0	0	0	0	0	0	0	0	0	0	0	0	0	0	0	0	0	0
Glyctk	4.354839	0	0	0	0	0	0	0	0	0	0	0	0	0	0	0	0	0	0	135	0	0	0	0	0	0	0	0	0	0	0	0	0
Foxa2	4.354839	0	0	0	0	0	0	0	0	0	0	0	0	0	0	0	0	0	135	0	0	0	0	0	0	0	0	0	0	0	0	0	0
Epb41l1	4.354839	0	0	0	0	0	0	0	0	0	0	0	0	0	0	0	135	0	0	0	0	0	0	0	0	0	0	0	0	0	0	0	0
Aacs	4.354839	0	0	0	0	0	0	0	0	0	0	0	0	0	0	0	0	0	0	0	0	0	0	0	0	0	0	0	0	135	0	0	0
Trmt44	4.322581	0	0	0	0	0	0	0	0	0	0	0	134	0	0	0	0	0	0	0	0	0	0	0	0	0	0	0	0	0	0	0	0
H2-Ea	4.322581	0	0	0	0	0	0	0	0	0	0	0	134	0	0	0	0	0	0	0	0	0	0	0	0	0	0	0	0	0	0	0	0
Txndc16	4.290323	0	0	0	0	0	0	0	0	0	0	0	0	0	0	0	0	0	0	133	0	0	0	0	0	0	0	0	0	0	0	0	0
Taf12	4.290323	0	0	0	0	0	0	0	0	0	0	0	0	0	0	0	0	0	0	0	0	0	0	0	0	0	0	0	133	0	0	0	0
Lrrc58	4.290323	0	0	0	0	0	0	0	0	0	0	0	0	0	0	0	0	0	0	0	0	0	0	0	0	0	0	0	133	0	0	0	0
Lfng	4.290323	0	0	0	0	0	0	0	0	0	0	0	0	0	0	0	0	0	0	133	0	0	0	0	0	0	0	0	0	0	0	0	0
Gpr137c	4.290323	0	0	0	0	0	0	0	0	0	0	0	0	0	0	0	0	0	0	133	0	0	0	0	0	0	0	0	0	0	0	0	0
Dlc1	4.290323	0	0	0	0	0	0	0	0	0	0	0	0	0	0	0	0	0	0	133	0	0	0	0	0	0	0	0	0	0	0	0	0
Bcl7a	4.290323	0	0	0	0	0	0	0	0	0	0	0	0	0	0	0	0	0	0	0	0	0	0	0	0	0	0	0	0	133	0	0	0
Asb1	4.290323	0	0	0	0	0	0	0	0	0	0	0	0	0	0	0	0	0	133	0	0	0	0	0	0	0	0	0	0	0	0	0	0
Acta2	4.290323	0	0	0	0	0	0	0	0	0	0	0	0	0	0	0	0	0	0	133	0	0	0	0	0	0	0	0	0	0	0	0	0
Krtap12-1	4.258065	0	0	0	0	0	0	0	0	0	0	0	0	0	0	0	0	0	0	0	0	0	0	132	0	0	0	0	0	0	0	0	0
Hip1	4.258065	0	0	0	0	0	0	0	0	0	0	0	0	0	0	0	0	0	0	0	0	0	0	0	0	0	0	0	0	132	0	0	0
Gm10142	4.258065	0	0	0	0	0	0	0	0	0	0	0	0	0	0	0	0	0	0	0	0	0	0	132	0	0	0	0	0	0	0	0	0
Gm10024	4.258065	0	0	0	0	0	0	0	0	0	0	0	0	0	0	0	0	0	0	0	0	0	0	132	0	0	0	0	0	0	0	0	0
Dynll2	4.258065	0	0	0	0	0	0	0	0	0	0	0	0	0	0	0	0	0	0	132	0	0	0	0	0	0	0	0	0	0	0	0	0
Yif1a	4.225806	0	0	0	0	0	0	0	0	0	0	0	0	0	0	0	0	0	0	131	0	0	0	0	0	0	0	0	0	0	0	0	0
Tmem151a	4.225806	0	0	0	0	0	0	0	0	0	0	0	0	0	0	0	0	0	0	131	0	0	0	0	0	0	0	0	0	0	0	0	0
Gnb1l	4.225806	0	0	0	0	0	0	0	0	0	0	0	0	0	0	0	0	0	0	0	0	0	0	131	0	0	0	0	0	0	0	0	0
Zfp672	4.193548	0	0	0	0	0	0	0	0	0	0	0	0	0	0	0	0	0	0	0	0	130	0	0	0	0	0	0	0	0	0	0	0
Svs1	4.193548	0	0	0	0	0	0	0	0	0	0	0	0	0	0	0	0	0	0	130	0	0	0	0	0	0	0	0	0	0	0	0	0
Ropn1	4.193548	0	0	0	0	0	0	0	0	0	0	0	0	0	0	0	0	0	0	0	0	0	0	0	0	0	0	0	0	130	0	0	0
Rflnb	4.193548	0	0	0	0	0	0	0	0	0	0	0	0	0	0	0	0	0	0	0	0	0	0	0	0	0	0	0	130	0	0	0	0
Klhl20	4.193548	0	0	0	0	0	0	0	0	0	0	0	0	0	0	0	0	0	0	0	0	0	0	0	0	0	0	0	0	130	0	0	0
Khk	4.193548	0	0	0	0	0	0	0	0	0	0	0	0	0	0	0	0	0	0	0	0	0	0	0	0	0	0	0	130	0	0	0	0
Hacd4	4.193548	0	0	0	0	0	0	0	0	0	0	0	0	0	0	0	0	0	0	0	0	0	0	0	0	0	0	0	130	0	0	0	0
H1f2	4.193548	0	0	0	0	0	0	0	0	0	0	0	0	0	0	0	0	0	0	0	0	0	0	0	0	0	0	0	130	0	0	0	0
Dynll1	4.193548	0	0	0	0	0	0	0	0	0	0	0	0	0	0	0	0	130	0	0	0	0	0	0	0	0	0	0	0	0	0	0	0
Atad2	4.193548	0	0	0	0	0	0	0	0	0	0	0	0	0	0	0	0	0	0	130	0	0	0	0	0	0	0	0	0	0	0	0	0
Zfp46	4.161290	0	0	0	0	0	0	0	0	0	0	0	0	0	0	0	0	0	0	129	0	0	0	0	0	0	0	0	0	0	0	0	0
Ttc25	4.161290	0	0	0	0	0	0	0	0	0	0	0	0	0	0	0	0	0	0	129	0	0	0	0	0	0	0	0	0	0	0	0	0
Pilrb1	4.161290	0	0	0	0	0	0	0	0	0	0	0	0	0	0	0	0	0	0	0	0	0	0	129	0	0	0	0	0	0	0	0	0
Drg2	4.161290	0	0	0	0	0	0	0	0	0	0	0	0	0	0	0	0	0	0	0	0	0	0	0	0	0	0	0	0	129	0	0	0
Sccpdh	4.129032	0	0	0	0	0	0	0	0	0	0	0	0	0	0	0	0	0	0	0	0	128	0	0	0	0	0	0	0	0	0	0	0
Notum	4.129032	0	0	0	0	0	0	0	0	0	0	0	0	0	0	0	0	0	0	128	0	0	0	0	0	0	0	0	0	0	0	0	0
Kcnc1	4.129032	0	0	0	0	0	0	0	0	0	0	0	0	0	0	0	0	0	0	0	0	0	0	0	0	0	0	0	128	0	0	0	0
Cdh3	4.129032	0	0	0	0	0	0	0	0	0	0	0	0	0	0	0	0	0	0	128	0	0	0	0	0	0	0	0	0	0	0	0	0
Ppme1	4.096774	0	0	0	0	0	0	0	0	0	0	0	0	0	0	0	0	0	0	0	0	0	0	127	0	0	0	0	0	0	0	0	0
Pccb	4.096774	0	0	0	0	0	0	0	0	0	0	0	0	0	0	0	0	0	0	0	0	127	0	0	0	0	0	0	0	0	0	0	0
C2cd3	4.096774	0	0	0	0	0	0	0	0	0	0	0	0	0	0	0	0	0	0	0	0	0	0	127	0	0	0	0	0	0	0	0	0
Aldh1a2	4.096774	0	0	0	0	0	0	0	0	0	0	0	0	0	0	0	0	0	0	0	0	0	0	0	0	0	0	0	0	127	0	0	0
Kctd6	4.064516	0	0	0	0	0	0	0	0	0	0	0	126	0	0	0	0	0	0	0	0	0	0	0	0	0	0	0	0	0	0	0	0
Amt	4.064516	0	0	0	0	0	0	0	0	0	0	0	0	0	0	0	0	0	0	0	0	0	0	126	0	0	0	0	0	0	0	0	0
Tcam1	4.032258	0	0	0	0	0	0	0	0	0	0	0	0	0	0	0	0	0	0	0	0	0	0	125	0	0	0	0	0	0	0	0	0
Smarcd2	4.032258	0	0	0	0	0	0	0	0	0	0	0	0	0	0	0	0	0	0	0	0	0	0	125	0	0	0	0	0	0	0	0	0
Ppp6r2	4.032258	0	0	0	0	0	0	0	0	0	0	0	0	0	0	0	0	0	0	0	0	0	0	0	0	0	0	0	125	0	0	0	0
Mrpl20	4.032258	0	0	0	0	0	0	0	0	0	0	0	0	0	0	0	0	0	0	0	0	0	0	0	0	0	0	0	0	125	0	0	0
Krr1	4.032258	0	0	0	0	0	0	0	0	0	0	0	0	0	0	0	0	0	0	0	0	0	0	0	0	0	0	0	125	0	0	0	0
Gng3	4.032258	0	0	0	0	0	0	0	0	0	0	0	0	0	0	0	0	0	0	125	0	0	0	0	0	0	0	0	0	0	0	0	0
Bscl2	4.032258	0	0	0	0	0	0	0	0	0	0	0	0	0	0	0	0	0	0	125	0	0	0	0	0	0	0	0	0	0	0	0	0
1700019N19Rik	4.032258	0	0	0	0	0	0	0	0	0	0	0	0	0	0	0	0	0	0	0	0	0	0	0	0	0	0	0	125	0	0	0	0
Zfp703	4.000000	0	0	0	0	0	0	0	0	0	0	0	0	0	0	0	0	0	0	124	0	0	0	0	0	0	0	0	0	0	0	0	0
Vgll4	4.000000	0	0	0	0	0	0	0	0	0	0	0	0	0	0	0	0	0	0	0	0	0	0	124	0	0	0	0	0	0	0	0	0
Tas2r135	4.000000	0	0	0	0	0	0	0	0	0	0	0	0	0	0	0	0	0	124	0	0	0	0	0	0	0	0	0	0	0	0	0	0
Ntn1	4.000000	0	0	0	0	0	0	0	0	0	0	0	0	0	0	0	0	124	0	0	0	0	0	0	0	0	0	0	0	0	0	0	0
Kremen2	4.000000	0	0	0	0	0	0	0	0	0	0	0	0	0	0	0	0	0	0	124	0	0	0	0	0	0	0	0	0	0	0	0	0
Il9r	4.000000	0	0	0	0	0	0	0	0	0	0	0	0	0	0	0	0	0	0	124	0	0	0	0	0	0	0	0	0	0	0	0	0
Zfp983	3.967742	0	0	0	0	0	0	0	0	0	0	0	0	0	0	0	0	0	0	123	0	0	0	0	0	0	0	0	0	0	0	0	0
Zfp768	3.967742	0	0	0	0	0	0	0	0	0	0	0	0	0	0	0	0	0	0	0	0	0	0	0	0	0	0	0	0	123	0	0	0
Tsc22d3	3.967742	0	0	0	0	0	0	0	0	0	0	0	123	0	0	0	0	0	0	0	0	0	0	0	0	0	0	0	0	0	0	0	0
Mvb12b	3.967742	0	0	0	0	0	0	0	0	0	0	0	0	0	0	0	0	0	0	123	0	0	0	0	0	0	0	0	0	0	0	0	0
Cdk12	3.967742	0	0	0	0	0	0	0	0	0	0	0	0	0	0	0	0	0	0	123	0	0	0	0	0	0	0	0	0	0	0	0	0
Cd81	3.967742	0	0	0	0	0	0	0	0	0	0	0	0	0	0	0	0	0	0	123	0	0	0	0	0	0	0	0	0	0	0	0	0
Agk	3.967742	0	0	0	0	0	0	0	0	0	0	0	0	0	0	0	0	0	0	0	0	0	0	0	0	0	0	0	0	123	0	0	0
Taar7d	3.935484	0	0	0	0	0	0	0	0	0	0	0	122	0	0	0	0	0	0	0	0	0	0	0	0	0	0	0	0	0	0	0	0
Ss18l2	3.935484	0	0	0	0	0	0	0	0	0	0	0	0	0	0	0	0	0	0	0	0	0	0	0	0	0	0	0	122	0	0	0	0
Sec22c	3.935484	0	0	0	0	0	0	0	0	0	0	0	0	0	0	0	0	0	0	0	0	0	0	0	0	0	0	0	122	0	0	0	0
Msl2	3.935484	0	0	0	0	0	0	0	0	0	0	0	0	0	0	0	0	0	0	0	0	0	0	0	0	0	0	0	0	122	0	0	0
Mob3b	3.935484	0	0	0	0	0	0	0	0	0	0	0	0	0	0	0	0	122	0	0	0	0	0	0	0	0	0	0	0	0	0	0	0
Ifnk	3.935484	0	0	0	0	0	0	0	0	0	0	0	0	0	0	0	0	122	0	0	0	0	0	0	0	0	0	0	0	0	0	0	0
H2bc6	3.935484	0	0	0	0	0	0	0	0	0	0	0	0	0	0	0	0	0	0	0	0	0	0	0	0	0	0	0	0	122	0	0	0
H1f4	3.935484	0	0	0	0	0	0	0	0	0	0	0	0	0	0	0	0	0	0	0	0	0	0	0	0	0	0	0	0	122	0	0	0
Sox12	3.903226	0	0	0	0	0	0	0	0	0	0	0	0	0	0	0	0	0	0	121	0	0	0	0	0	0	0	0	0	0	0	0	0
Fam149b	3.903226	0	0	0	0	0	0	0	0	0	0	0	0	0	0	0	0	0	0	0	0	0	0	0	0	0	0	0	0	121	0	0	0
Ecd	3.903226	0	0	0	0	0	0	0	0	0	0	0	0	0	0	0	0	0	0	0	0	0	0	0	0	0	0	0	0	121	0	0	0
Acsl6	3.903226	0	0	0	0	0	0	0	0	0	0	0	0	0	0	0	0	0	0	121	0	0	0	0	0	0	0	0	0	0	0	0	0
Slc34a2	3.870968	0	0	0	0	0	0	0	0	0	0	0	0	0	0	0	0	0	0	0	0	0	0	0	0	0	0	0	120	0	0	0	0
Pdpn	3.870968	0	0	0	0	0	0	0	0	0	0	0	0	0	0	0	0	0	0	0	0	120	0	0	0	0	0	0	0	0	0	0	0
H4c6	3.870968	0	0	0	0	0	0	0	0	0	0	0	0	0	0	0	0	0	0	0	0	0	0	0	0	0	0	0	120	0	0	0	0
H1f3	3.870968	0	0	0	0	0	0	0	0	0	0	0	0	0	0	0	0	0	0	0	0	0	0	0	0	0	0	0	120	0	0	0	0
Aurkaip1	3.870968	0	0	0	0	0	0	0	0	0	0	0	0	0	0	0	0	0	0	0	0	0	0	0	0	0	0	0	0	120	0	0	0
Xpo6	3.838710	0	0	0	0	0	0	0	0	0	0	0	0	0	0	0	0	0	119	0	0	0	0	0	0	0	0	0	0	0	0	0	0
Ppp1ccb	3.838710	0	0	0	0	0	0	0	0	0	0	0	0	0	0	0	0	0	0	0	0	0	0	0	0	0	0	0	0	119	0	0	0
Ppp1cc	3.838710	0	0	0	0	0	0	0	0	0	0	0	0	0	0	0	0	0	0	0	0	0	0	0	0	0	0	0	0	119	0	0	0
Plxna2	3.838710	0	0	0	0	0	0	0	0	0	0	0	0	0	0	0	0	0	0	0	0	0	0	0	0	0	0	0	0	119	0	0	0
Olfr1107	3.838710	0	0	0	0	0	0	0	0	0	0	0	0	0	0	0	0	0	0	0	0	0	0	0	0	0	0	0	0	119	0	0	0
Mbd5	3.838710	0	0	0	0	0	0	0	0	0	0	0	0	0	0	0	0	0	0	0	0	119	0	0	0	0	0	0	0	0	0	0	0
Hoxb9	3.838710	0	0	0	0	0	0	0	0	0	0	0	0	0	0	0	0	119	0	0	0	0	0	0	0	0	0	0	0	0	0	0	0
Fgfbp1	3.838710	0	0	0	0	0	0	0	0	0	0	0	119	0	0	0	0	0	0	0	0	0	0	0	0	0	0	0	0	0	0	0	0
Dmap1	3.838710	0	0	0	0	0	0	0	0	0	0	0	0	0	0	0	0	0	0	0	0	0	0	0	0	0	0	0	0	119	0	0	0
Unc13b	3.806452	0	0	0	0	0	0	0	0	0	0	0	0	0	0	0	0	0	0	118	0	0	0	0	0	0	0	0	0	0	0	0	0
Nvl	3.806452	0	0	0	0	0	0	0	0	0	0	0	0	0	0	0	0	0	0	0	0	0	0	0	0	0	0	0	0	118	0	0	0
Ndufs7	3.806452	0	0	0	0	0	0	0	0	0	0	0	0	0	0	0	0	0	0	0	0	0	0	0	0	0	0	0	118	0	0	0	0
Mrpl30	3.806452	0	0	0	0	0	0	0	0	0	0	0	0	0	0	0	0	0	0	0	0	0	0	118	0	0	0	0	0	0	0	0	0
Mosmo	3.806452	0	0	0	0	0	0	0	0	0	0	0	0	0	0	0	0	0	0	118	0	0	0	0	0	0	0	0	0	0	0	0	0
Mitd1	3.806452	0	0	0	0	0	0	0	0	0	0	0	0	0	0	0	0	0	0	0	0	0	0	118	0	0	0	0	0	0	0	0	0
Fzd3	3.806452	0	0	0	0	0	0	0	0	0	0	0	0	0	0	0	0	0	0	118	0	0	0	0	0	0	0	0	0	0	0	0	0
Fbxo16	3.806452	0	0	0	0	0	0	0	0	0	0	0	0	0	0	0	0	0	0	118	0	0	0	0	0	0	0	0	0	0	0	0	0
Efnb3	3.806452	0	0	0	0	0	0	0	0	0	0	0	0	0	0	0	0	0	0	0	0	118	0	0	0	0	0	0	0	0	0	0	0
Ube2f	3.774194	0	0	0	0	0	0	0	0	0	0	0	0	0	0	0	0	0	0	0	0	0	0	117	0	0	0	0	0	0	0	0	0
Tbc1d7	3.774194	0	0	0	0	0	0	0	0	0	0	0	0	0	0	0	0	0	0	0	0	0	0	0	0	0	0	0	117	0	0	0	0
Gm14092	3.774194	0	0	0	0	0	0	0	0	0	0	0	0	0	0	0	0	0	0	0	0	0	0	0	0	0	0	0	0	117	0	0	0
Ccnd2	3.774194	0	0	0	0	0	0	0	0	0	0	0	0	0	0	0	0	0	0	117	0	0	0	0	0	0	0	0	0	0	0	0	0
Suz12	3.741935	0	0	0	0	0	0	0	0	0	0	0	0	0	0	0	0	0	0	116	0	0	0	0	0	0	0	0	0	0	0	0	0
Slc19a3	3.741935	0	0	0	0	0	0	0	0	0	0	0	0	0	0	0	0	0	0	116	0	0	0	0	0	0	0	0	0	0	0	0	0
Rpe	3.741935	0	0	0	0	0	0	0	0	0	0	0	0	0	0	0	0	0	0	0	0	116	0	0	0	0	0	0	0	0	0	0	0
Nsfl1c	3.741935	0	0	0	0	0	0	0	0	0	0	0	0	0	0	0	0	0	0	0	0	0	0	0	0	0	0	0	0	116	0	0	0
Myt1	3.741935	0	0	0	0	0	0	0	0	0	0	0	0	0	0	0	0	0	0	116	0	0	0	0	0	0	0	0	0	0	0	0	0
Ddhd2	3.741935	0	0	0	0	0	0	0	0	0	0	0	0	0	0	0	0	0	0	116	0	0	0	0	0	0	0	0	0	0	0	0	0
Cdh6	3.741935	0	0	0	0	0	0	0	0	0	0	0	0	0	0	0	0	116	0	0	0	0	0	0	0	0	0	0	0	0	0	0	0
Ap3s2	3.741935	0	0	0	0	0	0	0	0	0	0	0	0	0	0	0	0	0	0	0	0	0	0	0	0	0	0	0	116	0	0	0	0
Zc3hc1	3.709677	0	0	0	0	0	0	0	0	0	0	0	0	0	0	0	0	0	0	115	0	0	0	0	0	0	0	0	0	0	0	0	0
Wdr36	3.709677	0	0	0	0	0	0	0	0	0	0	0	0	0	0	0	0	0	0	0	0	0	0	115	0	0	0	0	0	0	0	0	0
Slf2	3.709677	0	0	0	0	0	0	0	0	0	0	0	0	0	0	0	0	0	0	115	0	0	0	0	0	0	0	0	0	0	0	0	0
Shcbp1l	3.709677	0	0	0	0	0	0	0	0	0	0	0	0	0	0	0	115	0	0	0	0	0	0	0	0	0	0	0	0	0	0	0	0
Ptgs1	3.709677	0	0	0	0	0	0	0	0	0	0	0	0	0	0	0	0	0	0	0	0	0	0	115	0	0	0	0	0	0	0	0	0
Plag1	3.709677	115	0	0	0	0	0	0	0	0	0	0	0	0	0	0	0	0	0	0	0	0	0	0	0	0	0	0	0	0	0	0	0
Osbpl3	3.709677	0	0	0	0	0	0	0	0	0	0	0	0	0	0	0	0	0	0	0	0	0	0	115	0	0	0	0	0	0	0	0	0
Olfml3	3.709677	0	0	0	0	0	0	0	0	0	0	0	0	0	0	0	0	0	0	115	0	0	0	0	0	0	0	0	0	0	0	0	0
Cd83	3.709677	0	0	0	0	0	0	0	0	0	0	0	0	0	0	0	0	0	0	0	0	0	0	0	0	0	0	0	0	115	0	0	0
Psmc3ip	3.677419	0	0	0	0	0	0	0	0	0	0	0	0	0	0	0	0	0	0	114	0	0	0	0	0	0	0	0	0	0	0	0	0
Dpy19l4	3.677419	0	0	0	0	0	0	0	0	0	0	0	0	0	0	0	0	0	0	0	0	0	0	0	0	0	0	0	114	0	0	0	0
Ctnnbip1	3.677419	0	0	0	0	0	0	0	0	0	0	0	0	0	0	0	0	0	0	0	0	0	0	0	0	0	0	0	0	114	0	0	0
Atxn7l2	3.677419	0	0	0	0	0	0	0	0	0	0	0	0	0	0	0	0	0	0	114	0	0	0	0	0	0	0	0	0	0	0	0	0
Ap5s1	3.677419	0	0	0	0	0	0	0	0	0	0	0	0	0	0	0	0	0	0	114	0	0	0	0	0	0	0	0	0	0	0	0	0
1110032F04Rik	3.677419	0	0	0	0	0	0	0	0	0	0	0	0	0	0	0	0	0	0	0	0	0	0	0	0	0	0	0	0	114	0	0	0
Ubr7	3.645161	0	0	0	0	0	0	0	0	0	0	0	0	0	0	0	0	0	113	0	0	0	0	0	0	0	0	0	0	0	0	0	0
Txnl4b	3.645161	0	0	0	0	0	0	0	0	0	0	0	0	0	0	0	0	0	0	0	0	0	0	0	0	0	0	0	113	0	0	0	0
Oaz2	3.645161	0	0	0	0	0	0	0	0	0	0	0	0	0	0	0	0	0	0	113	0	0	0	0	0	0	0	0	0	0	0	0	0
Gon7	3.645161	0	0	0	0	0	0	0	0	0	0	0	0	0	0	0	0	0	113	0	0	0	0	0	0	0	0	0	0	0	0	0	0
Gm20604	3.645161	0	0	0	0	0	0	0	0	0	0	0	0	0	0	0	0	0	113	0	0	0	0	0	0	0	0	0	0	0	0	0	0
Dhx38	3.645161	0	0	0	0	0	0	0	0	0	0	0	0	0	0	0	0	0	0	0	0	0	0	0	0	0	0	0	113	0	0	0	0
Dad1	3.645161	0	0	0	0	0	0	0	0	0	0	0	0	0	0	0	0	0	0	113	0	0	0	0	0	0	0	0	0	0	0	0	0
Bms1	3.645161	0	0	0	0	0	0	0	0	0	0	0	0	0	0	0	0	0	0	0	0	0	0	0	0	0	0	0	113	0	0	0	0
Abhd4	3.645161	0	0	0	0	0	0	0	0	0	0	0	0	0	0	0	0	0	0	113	0	0	0	0	0	0	0	0	0	0	0	0	0
AI467606	3.645161	0	0	0	0	0	0	0	0	0	0	0	0	0	0	0	0	0	0	113	0	0	0	0	0	0	0	0	0	0	0	0	0
Slc8a2	3.612903	0	0	0	0	0	0	0	0	0	0	0	0	0	0	0	0	0	0	0	0	0	0	0	0	0	0	0	0	112	0	0	0
Pcx	3.612903	0	0	0	0	0	0	0	0	0	0	0	0	0	0	0	0	0	0	0	0	0	0	112	0	0	0	0	0	0	0	0	0
Ncbp3	3.612903	0	0	0	0	0	0	0	0	0	0	0	0	0	0	0	0	0	0	0	0	0	0	0	0	0	0	0	0	112	0	0	0
Tlx2	3.580645	0	0	0	0	0	0	0	0	0	0	0	0	0	0	0	0	0	0	111	0	0	0	0	0	0	0	0	0	0	0	0	0
Nrp1	3.580645	0	0	0	0	0	0	0	0	0	0	0	0	0	0	0	0	0	0	0	0	0	0	0	0	0	0	0	111	0	0	0	0
Gm14325	3.580645	0	0	0	0	0	0	0	0	0	0	0	0	0	0	0	0	0	0	0	0	111	0	0	0	0	0	0	0	0	0	0	0
Fut8	3.580645	0	0	0	0	0	0	0	0	0	0	0	0	0	0	0	0	0	0	111	0	0	0	0	0	0	0	0	0	0	0	0	0
Ddx20	3.580645	0	0	0	0	0	0	0	0	0	0	0	0	0	0	0	0	0	0	0	0	0	0	0	0	0	0	0	111	0	0	0	0
Zfp788	3.548387	0	0	0	0	0	0	0	0	0	0	0	0	0	0	0	0	0	0	0	0	0	0	0	110	0	0	0	0	0	0	0	0
Sirt4	3.548387	0	0	0	0	0	0	0	0	0	0	0	0	0	0	0	0	0	0	0	0	0	0	0	0	0	0	0	110	0	0	0	0
Olfm3	3.548387	0	0	0	0	0	0	0	0	0	0	0	0	0	0	0	0	0	0	0	0	0	0	0	0	0	0	0	0	110	0	0	0
Mfsd4b5	3.548387	0	0	0	0	0	0	0	0	0	0	0	0	0	0	0	0	0	0	0	0	0	0	0	0	0	0	0	0	110	0	0	0
4931414P19Rik	3.548387	0	0	0	0	0	0	0	0	0	0	0	0	0	0	0	0	0	0	0	0	110	0	0	0	0	0	0	0	0	0	0	0
Pdpk1	3.516129	0	0	0	0	0	0	0	0	0	0	0	0	0	0	0	0	0	0	0	0	109	0	0	0	0	0	0	0	0	0	0	0
Osgin1	3.516129	109	0	0	0	0	0	0	0	0	0	0	0	0	0	0	0	0	0	0	0	0	0	0	0	0	0	0	0	0	0	0	0
Msl1	3.516129	0	0	0	0	0	0	0	0	0	0	0	0	0	0	0	0	0	109	0	0	0	0	0	0	0	0	0	0	0	0	0	0
Pigq	3.483871	0	0	0	0	0	0	0	0	0	0	0	0	0	0	0	0	108	0	0	0	0	0	0	0	0	0	0	0	0	0	0	0
Nhlrc4	3.483871	0	0	0	0	0	0	0	0	0	0	0	0	0	0	0	0	108	0	0	0	0	0	0	0	0	0	0	0	0	0	0	0
Cmtm7	3.483871	0	0	0	0	0	0	0	0	0	0	0	0	0	0	0	0	0	0	0	0	0	0	0	0	0	0	0	108	0	0	0	0
Ppfia4	3.451613	0	0	0	0	0	0	0	0	0	0	0	0	0	0	0	0	0	107	0	0	0	0	0	0	0	0	0	0	0	0	0	0
H4f16	3.451613	0	0	0	0	0	0	0	0	0	0	0	0	0	0	0	0	0	0	0	0	0	0	0	0	0	0	0	107	0	0	0	0
H2aj	3.451613	0	0	0	0	0	0	0	0	0	0	0	0	0	0	0	0	0	0	0	0	0	0	0	0	0	0	0	107	0	0	0	0
Esco1	3.451613	0	0	0	0	0	0	0	0	0	0	0	0	0	0	0	0	0	0	0	0	0	0	0	0	0	0	0	107	0	0	0	0
Arhgef5	3.451613	0	0	0	0	0	0	0	0	0	0	0	0	0	0	0	0	0	0	107	0	0	0	0	0	0	0	0	0	0	0	0	0
Rbms1	3.419355	0	0	0	0	0	0	0	0	0	0	0	0	0	0	0	0	0	0	106	0	0	0	0	0	0	0	0	0	0	0	0	0
Hectd1	3.419355	0	0	0	0	0	0	0	0	0	0	0	0	0	0	0	0	0	106	0	0	0	0	0	0	0	0	0	0	0	0	0	0
Fcgr3	3.419355	0	0	0	0	0	0	0	0	0	0	0	0	0	0	0	0	0	0	0	0	0	0	0	0	0	0	0	106	0	0	0	0
Fam167a	3.419355	0	0	0	0	0	0	0	0	0	0	0	0	0	0	0	0	0	0	0	0	0	0	0	0	0	0	0	0	106	0	0	0
Eci1	3.419355	0	0	0	0	0	0	0	0	0	0	0	0	0	0	0	0	0	0	0	0	0	0	106	0	0	0	0	0	0	0	0	0
Ap3m2	3.419355	0	0	0	0	0	0	0	0	0	0	0	0	0	0	0	0	0	0	0	0	0	0	0	0	0	0	0	106	0	0	0	0
Smim15	3.387097	105	0	0	0	0	0	0	0	0	0	0	0	0	0	0	0	0	0	0	0	0	0	0	0	0	0	0	0	0	0	0	0
Rasl10b	3.387097	0	0	0	0	0	0	0	0	0	0	0	0	0	0	0	0	0	0	105	0	0	0	0	0	0	0	0	0	0	0	0	0
Pla1a	3.387097	0	0	0	0	0	0	0	0	0	0	0	0	0	0	0	0	0	0	0	0	0	0	105	0	0	0	0	0	0	0	0	0
Orm3	3.387097	0	0	0	0	0	0	0	0	0	0	0	0	0	0	0	0	0	0	0	0	0	0	105	0	0	0	0	0	0	0	0	0
Nanos3	3.387097	0	0	0	0	0	0	0	0	0	0	0	0	0	0	0	0	0	0	105	0	0	0	0	0	0	0	0	0	0	0	0	0
Mtmr10	3.387097	0	0	0	0	0	0	0	0	0	0	0	0	0	0	0	0	0	0	0	0	0	0	0	0	0	0	0	0	105	0	0	0
Maf	3.387097	0	0	0	0	0	0	0	0	0	0	0	0	0	0	0	0	0	0	105	0	0	0	0	0	0	0	0	0	0	0	0	0
Arhgef4	3.387097	0	0	0	0	0	0	0	0	0	0	0	0	0	0	0	0	0	0	0	0	0	0	105	0	0	0	0	0	0	0	0	0
Tnfrsf11b	3.354839	0	0	0	0	0	0	0	0	0	0	0	0	0	0	0	0	0	0	0	0	0	0	0	0	0	0	0	104	0	0	0	0
Smarca5	3.354839	0	0	0	0	0	0	0	0	0	0	0	0	0	0	0	0	0	0	104	0	0	0	0	0	0	0	0	0	0	0	0	0
Btbd8	3.354839	0	0	0	0	0	0	0	0	0	0	0	0	0	0	0	0	0	0	0	0	0	0	0	0	0	0	0	104	0	0	0	0
Adcy2	3.354839	0	0	0	0	0	0	0	0	0	0	0	0	0	0	0	0	0	0	104	0	0	0	0	0	0	0	0	0	0	0	0	0
Trim50	3.322581	0	0	0	0	0	0	0	0	0	0	0	0	0	0	0	0	0	0	0	0	0	0	0	103	0	0	0	0	0	0	0	0
Set	3.322581	0	0	0	0	0	0	0	0	0	0	0	0	0	0	0	0	0	0	103	0	0	0	0	0	0	0	0	0	0	0	0	0
Rnaset2b	3.322581	0	0	0	0	0	0	0	0	0	0	0	0	0	0	0	0	0	0	0	0	0	0	0	0	0	0	0	0	103	0	0	0
Rnaset2a	3.322581	0	0	0	0	0	0	0	0	0	0	0	0	0	0	0	0	0	0	0	0	0	0	0	0	0	0	0	0	103	0	0	0
Pcgf1	3.322581	0	0	0	0	0	0	0	0	0	0	0	0	0	0	0	0	0	0	103	0	0	0	0	0	0	0	0	0	0	0	0	0
Lrp3	3.322581	0	0	0	0	0	0	0	0	0	0	0	0	0	0	0	0	103	0	0	0	0	0	0	0	0	0	0	0	0	0	0	0
Fat2	3.322581	103	0	0	0	0	0	0	0	0	0	0	0	0	0	0	0	0	0	0	0	0	0	0	0	0	0	0	0	0	0	0	0
Xrcc5	3.290323	0	0	0	0	0	0	0	0	0	0	0	0	0	0	0	0	0	0	102	0	0	0	0	0	0	0	0	0	0	0	0	0
Stac	3.290323	0	0	0	0	0	0	0	0	0	0	0	0	0	0	0	0	0	0	0	0	0	0	0	0	0	0	0	102	0	0	0	0
Mrps31	3.290323	0	0	0	0	0	0	0	0	0	0	0	0	0	0	0	0	0	0	0	0	0	0	102	0	0	0	0	0	0	0	0	0
Eif5	3.290323	0	0	0	0	0	0	0	0	0	0	0	0	0	0	0	0	0	0	0	0	0	0	0	0	0	0	0	102	0	0	0	0
Ddx59	3.290323	0	0	0	0	0	0	0	0	0	0	0	0	0	0	0	0	0	0	0	0	0	0	102	0	0	0	0	0	0	0	0	0
Vps37b	3.258065	0	0	0	0	0	0	0	0	0	0	0	0	0	0	0	0	0	0	0	0	0	0	101	0	0	0	0	0	0	0	0	0
Olfr1090	3.258065	0	0	0	0	0	0	0	0	0	0	0	0	0	0	0	0	0	101	0	0	0	0	0	0	0	0	0	0	0	0	0	0
Cbx7	3.258065	0	0	0	0	0	0	0	0	0	0	0	0	0	0	0	0	0	0	101	0	0	0	0	0	0	0	0	0	0	0	0	0
Aak1	3.258065	0	0	0	0	0	0	0	0	0	0	0	0	0	0	0	0	0	0	0	0	0	0	101	0	0	0	0	0	0	0	0	0
Vta1	3.225806	0	0	0	0	0	0	0	0	0	0	0	0	0	0	0	0	0	0	0	0	100	0	0	0	0	0	0	0	0	0	0	0
Schip1	3.225806	0	0	0	0	0	0	0	0	0	0	0	0	0	0	0	0	0	0	0	0	0	0	0	0	0	0	0	100	0	0	0	0
Psmd3	3.225806	0	0	0	0	0	0	0	0	0	0	0	0	0	0	0	0	0	0	100	0	0	0	0	0	0	0	0	0	0	0	0	0
Plcg2	3.225806	0	0	0	0	0	0	0	0	0	0	0	0	0	0	0	0	0	0	0	0	100	0	0	0	0	0	0	0	0	0	0	0
Lsm2	3.225806	0	0	0	0	0	0	0	0	0	0	0	0	0	0	0	0	0	0	100	0	0	0	0	0	0	0	0	0	0	0	0	0
Fam155a	3.225806	0	0	0	0	0	0	0	0	0	0	0	0	0	0	0	0	0	0	100	0	0	0	0	0	0	0	0	0	0	0	0	0
Trmo	3.193548	0	0	0	0	0	0	0	0	0	0	0	0	0	0	0	0	0	0	99	0	0	0	0	0	0	0	0	0	0	0	0	0
Rmnd1	3.193548	0	0	0	0	0	0	0	0	0	0	0	0	0	0	0	0	0	0	0	0	0	0	0	0	0	0	0	0	99	0	0	0
Mmgt2	3.193548	0	0	0	0	0	0	0	0	0	0	0	0	0	0	0	0	0	0	99	0	0	0	0	0	0	0	0	0	0	0	0	0
Lrrc75a	3.193548	0	0	0	0	0	0	0	0	0	0	0	0	0	0	0	0	0	0	99	0	0	0	0	0	0	0	0	0	0	0	0	0
Ier3	3.193548	0	0	0	0	0	0	0	0	0	0	0	0	0	0	0	0	0	0	99	0	0	0	0	0	0	0	0	0	0	0	0	0
Flot1	3.193548	0	0	0	0	0	0	0	0	0	0	0	0	0	0	0	0	0	0	99	0	0	0	0	0	0	0	0	0	0	0	0	0
Ccdc34	3.193548	0	0	0	0	0	0	0	0	0	0	0	0	0	0	0	0	0	0	99	0	0	0	0	0	0	0	0	0	0	0	0	0
Armt1	3.193548	0	0	0	0	0	0	0	0	0	0	0	0	0	0	0	0	0	0	0	0	0	0	0	0	0	0	0	0	99	0	0	0
Wasf1	3.161290	0	0	0	0	0	0	0	0	0	0	0	0	0	0	0	0	0	0	98	0	0	0	0	0	0	0	0	0	0	0	0	0
Rtn4rl2	3.161290	0	0	0	0	0	0	0	0	0	0	0	0	0	0	0	0	0	0	98	0	0	0	0	0	0	0	0	0	0	0	0	0
Reep4	3.161290	0	0	0	0	0	0	0	0	0	0	0	0	0	0	0	0	0	0	98	0	0	0	0	0	0	0	0	0	0	0	0	0
Hr	3.161290	0	0	0	0	0	0	0	0	0	0	0	0	0	0	0	0	0	0	98	0	0	0	0	0	0	0	0	0	0	0	0	0
Cdc40	3.161290	0	0	0	0	0	0	0	0	0	0	0	0	0	0	0	0	0	0	98	0	0	0	0	0	0	0	0	0	0	0	0	0
Zfp609	3.129032	0	0	0	0	0	0	0	0	0	0	0	0	0	0	0	0	0	0	97	0	0	0	0	0	0	0	0	0	0	0	0	0
Wnt11	3.129032	0	0	0	0	0	0	0	0	0	0	0	0	0	0	0	0	97	0	0	0	0	0	0	0	0	0	0	0	0	0	0	0
Rnf220	3.129032	0	0	0	0	0	0	0	0	0	0	0	0	0	0	0	0	97	0	0	0	0	0	0	0	0	0	0	0	0	0	0	0
Mtcl1	3.129032	0	0	0	0	0	0	0	0	0	0	0	0	0	0	0	0	0	0	97	0	0	0	0	0	0	0	0	0	0	0	0	0
H3c6	3.129032	0	0	0	0	0	0	0	0	0	0	0	0	0	0	0	0	0	0	0	0	0	0	0	0	0	0	0	0	97	0	0	0
Srsf7	3.096774	0	0	0	0	0	0	0	0	0	0	0	0	0	0	0	0	0	0	0	0	0	0	0	0	0	0	0	96	0	0	0	0
Rel	3.096774	0	0	0	0	0	0	0	0	0	0	0	0	0	0	0	0	0	0	96	0	0	0	0	0	0	0	0	0	0	0	0	0
Med10	3.096774	0	0	0	0	0	0	0	0	0	0	0	0	0	0	0	0	0	96	0	0	0	0	0	0	0	0	0	0	0	0	0	0
Laptm4b	3.096774	0	0	0	0	0	0	0	0	0	0	0	0	0	0	0	0	0	0	96	0	0	0	0	0	0	0	0	0	0	0	0	0
Il17rd	3.096774	0	0	0	0	0	0	0	0	0	0	0	0	0	0	0	0	0	0	96	0	0	0	0	0	0	0	0	0	0	0	0	0
Fign	3.096774	0	0	0	0	0	0	0	0	0	0	0	0	0	0	0	0	0	0	0	0	0	0	0	0	0	0	0	0	96	0	0	0
Fads3	3.096774	0	0	0	0	0	0	0	0	0	0	0	0	0	0	0	0	0	0	0	0	0	0	0	0	0	0	0	0	96	0	0	0
Ada	3.096774	0	0	0	0	0	0	0	0	0	0	0	0	0	0	0	0	0	0	96	0	0	0	0	0	0	0	0	0	0	0	0	0
Zfp580	3.064516	0	0	0	0	0	0	0	0	0	0	0	0	0	0	0	0	0	0	95	0	0	0	0	0	0	0	0	0	0	0	0	0
Zfp11	3.064516	0	0	0	0	0	0	0	0	0	0	0	0	0	0	0	0	0	0	0	0	0	0	0	0	0	0	0	95	0	0	0	0
Wfdc11	3.064516	0	0	0	0	0	0	0	0	0	0	0	0	0	0	0	0	0	0	0	0	0	0	95	0	0	0	0	0	0	0	0	0
Olfr288	3.064516	0	95	0	0	0	0	0	0	0	0	0	0	0	0	0	0	0	0	0	0	0	0	0	0	0	0	0	0	0	0	0	0
Eml5	3.064516	0	0	0	0	0	0	0	0	0	0	0	0	0	0	0	0	0	95	0	0	0	0	0	0	0	0	0	0	0	0	0	0
Tll2	3.032258	0	0	0	0	0	0	0	0	0	0	0	0	0	0	0	0	0	0	94	0	0	0	0	0	0	0	0	0	0	0	0	0
Nuf2	3.032258	0	0	0	0	0	0	0	0	0	0	0	0	0	0	0	0	0	0	0	0	0	0	0	0	0	0	0	94	0	0	0	0
Vsnl1	3.000000	0	0	0	0	0	0	0	0	0	0	0	0	0	0	0	0	93	0	0	0	0	0	0	0	0	0	0	0	0	0	0	0
Lats2	3.000000	0	0	0	0	0	0	0	0	0	0	0	0	0	0	0	0	0	0	0	0	93	0	0	0	0	0	0	0	0	0	0	0
Golga7b	3.000000	93	0	0	0	0	0	0	0	0	0	0	0	0	0	0	0	0	0	0	0	0	0	0	0	0	0	0	0	0	0	0	0
Chrna6	3.000000	0	0	0	0	0	0	0	0	0	0	0	0	0	0	0	0	0	0	0	0	0	0	0	0	0	0	0	0	93	0	0	0
Zfp385a	2.967742	0	0	0	0	0	0	0	0	0	0	0	0	0	0	0	0	0	0	92	0	0	0	0	0	0	0	0	0	0	0	0	0
Tatdn3	2.967742	0	0	0	0	0	0	0	0	0	0	0	0	0	0	0	0	0	0	0	0	0	0	0	0	0	0	0	92	0	0	0	0
Samd8	2.967742	0	0	0	0	0	0	0	0	0	0	0	0	0	0	0	0	0	0	92	0	0	0	0	0	0	0	0	0	0	0	0	0
Nsl1	2.967742	0	0	0	0	0	0	0	0	0	0	0	0	0	0	0	0	0	0	0	0	0	0	0	0	0	0	0	92	0	0	0	0
Dusp13	2.967742	0	0	0	0	0	0	0	0	0	0	0	0	0	0	0	0	0	0	92	0	0	0	0	0	0	0	0	0	0	0	0	0
Ankle2	2.967742	0	0	0	0	0	0	0	0	0	0	0	0	0	0	0	0	0	0	0	0	92	0	0	0	0	0	0	0	0	0	0	0
Rhag	2.935484	0	0	0	0	0	0	0	0	0	0	0	0	0	0	0	0	0	0	0	0	0	0	0	0	0	0	0	91	0	0	0	0
Rer1	2.935484	0	0	0	0	0	0	0	0	0	0	0	0	0	0	0	0	0	0	0	0	0	0	91	0	0	0	0	0	0	0	0	0
Psors1c2	2.935484	0	0	0	0	0	0	0	0	0	0	0	0	0	0	0	0	0	0	0	0	0	0	91	0	0	0	0	0	0	0	0	0
Ppfibp2	2.935484	91	0	0	0	0	0	0	0	0	0	0	0	0	0	0	0	0	0	0	0	0	0	0	0	0	0	0	0	0	0	0	0
Poldip3	2.935484	0	0	0	0	0	0	0	0	0	0	0	0	0	0	0	0	0	0	0	0	0	0	91	0	0	0	0	0	0	0	0	0
Morn1	2.935484	0	0	0	0	0	0	0	0	0	0	0	0	0	0	0	0	0	0	0	0	0	0	91	0	0	0	0	0	0	0	0	0
Dach1	2.935484	0	0	0	0	0	0	0	0	0	0	0	0	0	0	0	0	0	0	91	0	0	0	0	0	0	0	0	0	0	0	0	0
Ptgs2	2.903226	0	0	0	0	0	0	0	0	0	0	0	0	0	0	0	0	0	0	90	0	0	0	0	0	0	0	0	0	0	0	0	0
Prr15l	2.903226	0	0	0	0	0	0	0	0	0	0	0	0	0	0	0	0	0	0	90	0	0	0	0	0	0	0	0	0	0	0	0	0
Mzt1	2.903226	0	0	0	0	0	0	0	0	0	0	0	0	0	0	0	0	0	0	90	0	0	0	0	0	0	0	0	0	0	0	0	0
Cdca7l	2.903226	0	0	0	0	0	0	0	0	0	0	0	0	0	0	0	0	0	0	90	0	0	0	0	0	0	0	0	0	0	0	0	0
Cavin1	2.903226	0	0	0	0	0	0	0	0	0	0	0	0	0	0	0	0	0	90	0	0	0	0	0	0	0	0	0	0	0	0	0	0
Bora	2.903226	0	0	0	0	0	0	0	0	0	0	0	0	0	0	0	0	0	0	90	0	0	0	0	0	0	0	0	0	0	0	0	0
Thra	2.870968	0	0	0	0	0	0	0	0	0	0	0	0	0	0	0	0	0	0	89	0	0	0	0	0	0	0	0	0	0	0	0	0
Limk2	2.870968	0	0	0	0	0	0	0	0	0	0	0	0	0	0	0	0	0	0	0	0	0	0	0	0	0	0	0	89	0	0	0	0
A130010J15Rik	2.870968	0	0	0	0	0	0	0	0	0	0	0	0	0	0	0	0	0	89	0	0	0	0	0	0	0	0	0	0	0	0	0	0
Osbp	2.838710	0	0	0	0	0	0	0	0	0	0	0	0	0	0	0	0	0	0	88	0	0	0	0	0	0	0	0	0	0	0	0	0
Kif5c	2.838710	0	0	0	0	0	0	0	0	0	0	0	0	0	0	0	0	0	0	88	0	0	0	0	0	0	0	0	0	0	0	0	0
Fabp4	2.838710	0	0	0	0	0	0	0	0	0	0	0	0	0	0	0	0	0	0	0	0	0	0	88	0	0	0	0	0	0	0	0	0
Elf2	2.838710	0	0	0	0	0	0	0	0	0	0	0	0	0	0	0	0	0	0	88	0	0	0	0	0	0	0	0	0	0	0	0	0
Cmss1	2.838710	0	0	0	0	0	0	0	0	0	0	0	0	0	0	0	0	0	0	88	0	0	0	0	0	0	0	0	0	0	0	0	0
Wipi2	2.806452	0	0	0	0	0	0	0	0	0	0	0	0	0	0	0	0	0	0	0	0	0	0	0	0	0	0	0	87	0	0	0	0
Dnlz	2.806452	0	0	0	0	0	0	0	0	0	0	0	0	0	0	0	0	0	0	0	0	0	0	0	0	0	0	0	0	87	0	0	0
Chmp4b	2.806452	0	0	0	0	0	0	0	0	0	0	0	0	0	0	0	0	0	0	87	0	0	0	0	0	0	0	0	0	0	0	0	0
BC107364	2.806452	0	0	0	0	0	0	0	0	0	0	0	0	0	0	0	0	0	0	0	0	0	0	0	0	0	0	0	87	0	0	0	0
Xirp1	2.774194	0	0	0	0	0	0	0	0	0	0	0	0	0	0	0	0	0	0	0	0	0	0	86	0	0	0	0	0	0	0	0	0
Tmem18	2.774194	0	0	0	0	0	0	0	0	0	0	0	0	0	0	0	0	0	0	0	0	0	0	0	0	0	0	0	0	86	0	0	0
Tars	2.774194	0	0	0	0	0	0	0	0	0	0	0	0	0	0	0	0	0	0	0	0	0	0	0	0	0	0	0	86	0	0	0	0
Senp1	2.774194	0	0	0	0	0	0	0	0	0	0	0	0	0	0	0	0	0	0	0	0	0	0	0	0	0	0	0	86	0	0	0	0
Plscr3	2.774194	0	0	0	0	0	0	0	0	0	0	0	0	0	0	0	0	0	0	86	0	0	0	0	0	0	0	0	0	0	0	0	0
Pfkm	2.774194	0	0	0	0	0	0	0	0	0	0	0	0	0	0	0	0	0	0	0	0	0	0	0	0	0	0	0	86	0	0	0	0
Mnd1	2.774194	86	0	0	0	0	0	0	0	0	0	0	0	0	0	0	0	0	0	0	0	0	0	0	0	0	0	0	0	0	0	0	0
Hspa1l	2.774194	0	0	0	0	0	0	86	0	0	0	0	0	0	0	0	0	0	0	0	0	0	0	0	0	0	0	0	0	0	0	0	0
Hspa1a	2.774194	0	0	0	0	0	0	86	0	0	0	0	0	0	0	0	0	0	0	0	0	0	0	0	0	0	0	0	0	0	0	0	0
Gm5622	2.774194	0	0	0	0	0	0	0	0	0	0	0	86	0	0	0	0	0	0	0	0	0	0	0	0	0	0	0	0	0	0	0	0
Gins3	2.774194	0	0	0	0	0	0	0	0	0	0	0	0	0	0	0	0	0	0	0	0	0	0	0	0	0	0	0	0	86	0	0	0
Mrpl58	2.741935	0	0	0	0	0	0	0	0	0	0	0	0	0	0	0	0	0	0	0	0	0	0	0	0	0	0	0	85	0	0	0	0
Dclk1	2.741935	0	0	0	0	0	0	0	0	0	0	0	0	0	0	0	0	0	0	85	0	0	0	0	0	0	0	0	0	0	0	0	0
Mrpl3	2.709677	0	0	0	0	0	0	0	0	0	0	0	0	0	0	0	0	0	0	0	0	0	0	0	0	0	0	0	0	84	0	0	0
Map3k14	2.709677	0	0	0	0	0	0	0	0	0	0	0	0	0	0	0	0	0	0	84	0	0	0	0	0	0	0	0	0	0	0	0	0
Gm3636	2.709677	0	0	0	0	0	0	0	0	0	0	0	0	84	0	0	0	0	0	0	0	0	0	0	0	0	0	0	0	0	0	0	0
Col9a2	2.709677	0	0	0	0	0	0	0	0	0	0	0	0	0	0	0	0	0	0	84	0	0	0	0	0	0	0	0	0	0	0	0	0
Snrpd1	2.677419	0	0	0	0	0	0	0	0	0	0	0	0	0	0	0	0	0	0	0	0	0	0	0	0	0	0	0	0	83	0	0	0
Sh3pxd2a	2.677419	0	0	0	0	0	0	0	0	0	0	0	0	0	0	0	0	0	0	0	0	0	0	0	0	0	0	0	83	0	0	0	0
Kdm5a	2.677419	0	0	0	0	0	0	0	0	0	0	0	0	0	0	0	0	0	0	0	0	0	0	0	0	0	0	0	83	0	0	0	0
Dusp5	2.677419	0	0	0	0	0	0	0	0	0	0	0	0	0	0	0	0	0	83	0	0	0	0	0	0	0	0	0	0	0	0	0	0
Dnah2	2.677419	0	0	0	0	0	0	0	0	0	0	0	0	0	0	0	0	0	0	83	0	0	0	0	0	0	0	0	0	0	0	0	0
Zdhhc25	2.645161	0	0	0	0	0	0	0	0	0	0	0	0	0	0	0	0	0	0	0	0	0	0	82	0	0	0	0	0	0	0	0	0
Ssbp1	2.612903	0	0	0	0	0	0	0	0	0	0	0	0	0	0	0	0	0	0	0	0	0	0	0	0	0	0	0	0	81	0	0	0
Smg7	2.612903	0	0	0	0	0	0	0	0	0	0	0	0	0	0	0	0	0	0	0	0	0	0	0	0	0	0	0	0	81	0	0	0
Pycr1	2.612903	0	0	0	0	0	0	0	0	0	0	0	0	0	0	0	0	0	0	81	0	0	0	0	0	0	0	0	0	0	0	0	0
Mrps17	2.612903	0	0	0	0	0	0	0	0	0	0	0	0	0	0	0	0	0	0	81	0	0	0	0	0	0	0	0	0	0	0	0	0
Lgr6	2.612903	0	0	0	0	0	0	0	0	0	0	0	0	0	0	0	0	0	0	81	0	0	0	0	0	0	0	0	0	0	0	0	0
Wdr11	2.580645	0	0	0	0	0	0	0	0	0	0	0	0	0	0	0	0	0	0	80	0	0	0	0	0	0	0	0	0	0	0	0	0
Hoxa7	2.580645	0	0	0	0	0	0	0	0	0	0	0	0	0	0	0	0	80	0	0	0	0	0	0	0	0	0	0	0	0	0	0	0
H3c7	2.580645	0	0	0	0	0	0	0	0	0	0	0	0	0	0	0	0	0	0	0	0	0	0	0	0	0	0	0	80	0	0	0	0
H2bc9	2.580645	0	0	0	0	0	0	0	0	0	0	0	0	0	0	0	0	0	0	0	0	0	0	0	0	0	0	0	80	0	0	0	0
Pbld2	2.548387	0	0	0	0	0	0	0	0	0	0	0	0	0	0	0	0	0	0	0	0	0	0	0	0	0	0	0	79	0	0	0	0
Lrr1	2.548387	0	0	0	0	0	0	0	0	0	0	0	0	0	0	0	0	0	0	79	0	0	0	0	0	0	0	0	0	0	0	0	0
Hnrnph3	2.548387	0	0	0	0	0	0	0	0	0	0	0	0	0	0	0	0	0	0	0	0	0	0	0	0	0	0	0	79	0	0	0	0
Apoc3	2.548387	0	0	0	0	0	0	0	0	0	0	0	0	0	0	0	0	0	0	79	0	0	0	0	0	0	0	0	0	0	0	0	0
Apoa1	2.548387	0	0	0	0	0	0	0	0	0	0	0	0	0	0	0	0	0	0	79	0	0	0	0	0	0	0	0	0	0	0	0	0
Npas3	2.516129	0	0	0	0	0	0	0	0	0	0	0	0	0	0	0	0	0	0	78	0	0	0	0	0	0	0	0	0	0	0	0	0
4931408C20Rik	2.516129	0	0	0	0	0	0	0	0	0	0	0	0	0	0	0	0	0	0	0	0	0	0	78	0	0	0	0	0	0	0	0	0
Fbln2	2.483871	0	0	0	0	0	0	0	0	0	0	0	0	0	0	0	0	0	0	0	0	0	0	77	0	0	0	0	0	0	0	0	0
Trim71	2.451613	0	0	0	0	0	0	0	0	0	0	0	0	0	0	0	0	0	76	0	0	0	0	0	0	0	0	0	0	0	0	0	0
Mab21l3	2.451613	76	0	0	0	0	0	0	0	0	0	0	0	0	0	0	0	0	0	0	0	0	0	0	0	0	0	0	0	0	0	0	0
Rcor2	2.419355	0	0	0	0	0	0	0	0	0	0	0	0	0	0	0	0	0	75	0	0	0	0	0	0	0	0	0	0	0	0	0	0
Otud7b	2.419355	0	0	0	0	0	0	0	0	0	0	0	0	0	0	0	0	0	0	75	0	0	0	0	0	0	0	0	0	0	0	0	0
Dtwd2	2.419355	0	0	0	0	0	0	0	0	0	0	0	0	0	0	0	0	0	0	0	0	0	0	0	0	0	0	0	0	75	0	0	0
Zscan18	2.387097	0	0	0	0	0	0	0	0	0	0	0	0	0	0	0	0	0	0	74	0	0	0	0	0	0	0	0	0	0	0	0	0
Xkr7	2.387097	0	0	0	0	0	0	0	0	0	0	0	0	0	0	0	0	0	0	74	0	0	0	0	0	0	0	0	0	0	0	0	0
AU018091	2.387097	0	0	0	0	0	0	0	0	0	0	0	0	0	0	0	0	0	0	0	0	0	0	74	0	0	0	0	0	0	0	0	0
Pik3ca	2.354839	0	0	0	0	0	0	0	0	0	0	0	0	0	0	0	0	0	0	0	0	0	0	0	0	0	0	0	73	0	0	0	0
Ubxn4	2.322581	0	0	0	0	0	0	0	0	0	0	0	0	0	0	0	0	0	0	0	0	0	0	0	0	0	0	0	72	0	0	0	0
Cdc42ep5	2.322581	0	0	0	0	0	0	0	0	0	0	0	0	0	0	0	0	72	0	0	0	0	0	0	0	0	0	0	0	0	0	0	0
Kdm3a	2.290323	0	0	0	0	0	0	0	0	0	0	0	0	0	0	0	0	0	0	0	0	0	0	0	0	0	0	0	0	71	0	0	0
Ism2	2.290323	0	0	0	0	0	0	0	0	0	0	0	0	0	0	0	0	71	0	0	0	0	0	0	0	0	0	0	0	0	0	0	0
Etnk2	2.290323	0	0	0	0	0	0	0	0	0	0	0	0	0	0	0	0	0	0	0	0	0	0	0	0	0	0	0	0	71	0	0	0
Kcnj12	2.258065	0	0	0	0	0	0	0	0	0	0	0	0	0	0	0	0	0	0	70	0	0	0	0	0	0	0	0	0	0	0	0	0
Usp47	2.225806	0	0	0	0	0	0	0	0	0	0	0	0	0	0	0	0	69	0	0	0	0	0	0	0	0	0	0	0	0	0	0	0
Mdm2	2.225806	0	0	0	0	0	0	0	0	0	0	0	0	0	0	0	0	0	0	0	0	0	0	69	0	0	0	0	0	0	0	0	0
Helz	2.225806	0	0	0	0	0	0	0	0	0	0	0	0	0	0	0	0	0	69	0	0	0	0	0	0	0	0	0	0	0	0	0	0
H2az2	2.161290	0	0	0	0	0	0	0	0	0	0	0	0	0	0	0	0	0	0	67	0	0	0	0	0	0	0	0	0	0	0	0	0
Pitx2	0.000000	0	0	0	0	0	0	0	0	0	0	0	0	0	0	0	0	0	0	0	0	0	0	0	0	0	0	0	0	0	0	0	471
Myc	0.000000	0	0	0	0	0	0	0	0	0	0	0	0	0	0	0	0	0	0	0	0	0	0	0	0	0	0	0	0	0	0	0	441
Ar	0.000000	0	0	0	0	0	0	0	0	0	0	0	0	0	0	0	0	0	0	0	0	0	0	0	0	0	0	0	0	0	0	0	437
Col2a1	0.000000	0	0	0	0	0	0	0	0	0	0	0	0	0	0	0	0	0	0	0	0	0	0	0	0	0	0	0	0	0	0	0	426
Fgf4	0.000000	0	0	0	0	0	0	0	0	0	0	0	0	0	0	0	0	0	0	0	0	0	0	0	0	0	0	0	0	0	0	0	413
Cd1d1	0.000000	0	0	0	0	0	0	0	0	0	0	0	0	0	0	0	0	0	0	0	0	0	0	0	0	0	0	0	0	0	0	0	413
Scd1	0.000000	0	0	0	0	0	0	0	0	0	0	0	0	0	0	0	0	0	0	0	0	0	0	0	0	0	0	0	0	0	0	0	401
Nrcam	0.000000	0	0	0	0	0	0	0	0	0	0	0	0	0	0	0	0	0	0	0	0	0	0	0	0	0	0	0	0	0	0	0	401
Il7r	0.000000	0	0	0	0	0	0	0	0	0	0	0	0	0	0	0	0	0	0	0	0	0	0	0	0	0	0	0	0	0	0	0	401
Gata3	0.000000	0	0	0	0	0	0	0	0	0	0	0	0	0	0	0	0	0	0	0	0	0	0	0	0	0	0	0	0	0	0	0	401
Ctnnb1	0.000000	0	0	0	0	0	0	0	0	0	0	0	0	0	0	0	0	0	0	0	0	0	0	0	0	0	0	0	0	0	0	0	155
