Target_genes	Mbd2|Average	SRX2165257|ES_cells	SRX2165258|ES_cells	SRX2165259|ES_cells	SRX2165260|ES_cells	SRX5558176|Hippocampus	SRX9285666|Hippocampus	SRX9285667|Hippocampus	SRX9285668|Hippocampus	SRX3729456|NIH/3T3	SRX23732078|PH2	SRX23732079|PH2	SRX23732080|PH2	SRX23732081|PN24	SRX23732082|PN24	SRX23732083|PN24	STRING
Brox	702.533333	172	434	456	549	2702	0	0	0	653	2036	490	354	1740	499	453	0
Aida	702.533333	172	434	456	549	2702	0	0	0	653	2036	490	354	1740	499	453	0
Cldn34d	655.333333	412	699	660	875	2700	0	0	0	458	196	1045	775	180	975	855	0
Tcstv3	536.733333	704	1117	1124	1108	1981	0	0	0	281	0	646	455	0	375	260	0
Tmem125	347.000000	0	78	0	114	1607	0	0	0	338	883	369	291	802	378	345	0
Kpna1	344.400000	158	788	467	582	0	0	0	0	588	754	410	240	643	335	201	0
Oasl1	337.733333	197	622	465	548	0	0	0	0	355	611	436	295	725	462	350	0
Asmt	267.533333	0	426	289	341	780	0	0	0	184	0	437	538	0	519	499	0
Il31ra	192.200000	174	466	307	357	0	0	0	0	350	457	160	0	459	153	0	0
Abhd6	188.866667	385	893	767	788	0	0	0	0	0	0	0	0	0	0	0	0
Olfr806	172.133333	429	796	676	681	0	0	0	0	0	0	0	0	0	0	0	0
Cdh12	162.600000	0	448	326	411	0	0	0	0	0	0	355	250	0	343	306	0
Sfi1	145.000000	0	0	0	0	112	0	0	0	0	1111	0	0	952	0	0	0
Wwox	130.466667	497	457	439	390	0	0	0	0	0	0	174	0	0	0	0	0
Gm4981	112.266667	0	79	0	120	469	0	0	0	0	575	0	0	441	0	0	0
Csf2ra	105.866667	0	483	327	300	0	0	0	0	0	0	253	225	0	0	0	0
Sspn	91.866667	0	268	96	0	434	0	0	0	0	328	0	0	252	0	0	0
Dux	79.800000	0	0	0	0	181	0	0	0	0	575	0	0	441	0	0	0
Esr1	64.866667	190	250	275	258	0	0	0	0	0	0	0	0	0	0	0	0
Dchs2	62.933333	0	189	163	302	0	0	0	0	0	141	0	0	149	0	0	0
Zfp143	57.133333	0	222	267	368	0	0	0	0	0	0	0	0	0	0	0	0
Crebzf	54.333333	0	174	257	0	0	188	0	196	0	0	0	0	0	0	0	0
Tent5c	50.866667	0	265	226	272	0	0	0	0	0	0	0	0	0	0	0	0
Npas4	44.266667	0	330	195	139	0	0	0	0	0	0	0	0	0	0	0	0
Sorbs1	42.266667	0	0	0	0	0	235	0	285	0	0	0	0	114	0	0	0
Trim50	40.133333	0	104	133	119	0	0	0	0	0	0	0	0	0	148	98	0
Nemf	37.666667	0	374	191	0	0	0	0	0	0	0	0	0	0	0	0	0
Tecrl	32.133333	0	0	0	0	0	227	0	255	0	0	0	0	0	0	0	0
Copz1	31.600000	0	245	0	229	0	0	0	0	0	0	0	0	0	0	0	0
Prkdc	31.466667	0	278	194	0	0	0	0	0	0	0	0	0	0	0	0	0
Phb	30.800000	0	0	0	0	0	0	0	0	323	0	0	0	139	0	0	0
Ifnz	30.733333	0	0	0	0	0	0	0	0	0	217	0	0	244	0	0	0
Gm13285	30.733333	0	0	0	0	0	0	0	0	0	217	0	0	244	0	0	0
Gm13277	30.733333	0	0	0	0	0	0	0	0	0	217	0	0	244	0	0	0
Gm13276	30.733333	0	0	0	0	0	0	0	0	0	217	0	0	244	0	0	0
Gm13272	30.733333	0	0	0	0	0	0	0	0	0	217	0	0	244	0	0	0
Gm11213	29.666667	0	0	0	0	445	0	0	0	0	0	0	0	0	0	0	0
Hjurp	27.733333	0	0	0	0	0	0	0	0	0	190	0	0	226	0	0	0
A730008H23Rik	27.733333	0	0	0	0	0	0	0	0	0	190	0	0	226	0	0	0
Tmem115	27.200000	0	0	0	0	0	0	0	0	408	0	0	0	0	0	0	0
Tmem267	26.333333	0	0	0	0	0	0	0	0	0	146	0	0	249	0	0	0
Pgk1	25.933333	0	274	115	0	0	0	0	0	0	0	0	0	0	0	0	0
Ddx23	25.800000	0	0	0	0	0	0	0	0	387	0	0	0	0	0	0	0
9230019H11Rik	24.933333	0	0	0	0	271	0	0	0	0	0	103	0	0	0	0	0
Vmn2r102	24.133333	0	159	133	0	0	0	0	0	0	0	0	0	0	70	0	0
Rps29	24.133333	0	362	0	0	0	0	0	0	0	0	0	0	0	0	0	0
Glra1	23.866667	0	205	153	0	0	0	0	0	0	0	0	0	0	0	0	0
Smim17	23.600000	0	176	178	0	0	0	0	0	0	0	0	0	0	0	0	0
Nanp	23.266667	0	0	0	0	0	0	0	0	0	0	0	168	0	0	181	0
Pex14	22.733333	0	0	0	0	0	0	0	0	261	80	0	0	0	0	0	0
Sdf2l1	22.600000	0	0	0	0	0	0	0	0	0	140	0	0	199	0	0	0
Fam227b	22.000000	0	330	0	0	0	0	0	0	0	0	0	0	0	0	0	0
Dtwd1	22.000000	0	330	0	0	0	0	0	0	0	0	0	0	0	0	0	0
Fyco1	21.666667	0	0	0	0	0	0	0	0	325	0	0	0	0	0	0	0
Vcpip1	20.600000	0	0	0	0	0	0	0	0	309	0	0	0	0	0	0	0
Gm13290	20.400000	0	0	0	0	0	0	0	0	0	129	0	0	177	0	0	0
Gm13289	20.400000	0	0	0	0	0	0	0	0	0	129	0	0	177	0	0	0
Stambp	20.200000	0	0	0	0	0	0	0	0	0	152	0	0	151	0	0	0
Usp5	20.133333	0	0	0	0	0	0	0	0	302	0	0	0	0	0	0	0
Cdca3	20.133333	0	0	0	0	0	0	0	0	302	0	0	0	0	0	0	0
Dync1i2	20.000000	0	0	0	0	0	0	0	0	300	0	0	0	0	0	0	0
Prcc	19.333333	0	0	0	0	0	0	0	0	290	0	0	0	0	0	0	0
Hsph1	18.733333	0	0	0	0	0	0	0	0	281	0	0	0	0	0	0	0
Ap2m1	18.733333	0	0	0	0	0	0	0	0	281	0	0	0	0	0	0	0
Dynlt1b	18.600000	0	0	0	0	0	0	0	0	0	279	0	0	0	0	0	0
Rtcb	18.533333	0	0	0	0	0	0	0	0	0	175	0	0	103	0	0	0
Wwc1	18.400000	0	0	0	0	0	0	0	0	0	118	0	0	158	0	0	0
H2-Q9	18.200000	0	0	0	0	0	0	0	0	0	163	0	0	110	0	0	0
H2-Q7	18.200000	0	0	0	0	0	0	0	0	0	163	0	0	110	0	0	0
Phf12	18.066667	0	0	0	0	0	0	0	0	271	0	0	0	0	0	0	0
Gcnt1	18.066667	0	0	0	0	0	0	0	0	0	93	0	0	178	0	0	0
9430015G10Rik	18.000000	0	0	0	0	0	0	0	0	270	0	0	0	0	0	0	0
Zcchc8	17.800000	0	0	0	0	0	0	0	0	267	0	0	0	0	0	0	0
Dffa	17.400000	0	0	0	0	0	0	0	0	261	0	0	0	0	0	0	0
Heg1	17.266667	0	0	0	0	0	0	0	0	0	141	0	0	118	0	0	0
Calcoco1	17.200000	0	0	0	0	0	0	0	0	258	0	0	0	0	0	0	0
Gprin1	17.133333	0	181	76	0	0	0	0	0	0	0	0	0	0	0	0	0
Lipt1	16.800000	0	0	0	0	0	0	0	0	0	128	0	0	124	0	0	0
Stom	16.533333	0	0	0	0	0	0	0	0	0	144	0	0	104	0	0	0
Mmachc	16.333333	0	0	0	0	0	0	0	0	245	0	0	0	0	0	0	0
Ccdc163	16.333333	0	0	0	0	0	0	0	0	245	0	0	0	0	0	0	0
Coq8a	16.200000	0	0	0	0	0	0	0	0	0	114	0	0	129	0	0	0
Gsto2	15.800000	0	0	0	0	237	0	0	0	0	0	0	0	0	0	0	0
Dmac1	15.800000	0	0	0	0	0	0	0	0	237	0	0	0	0	0	0	0
Cd47	15.800000	0	0	0	0	0	0	0	0	0	108	0	0	129	0	0	0
Btbd9	15.800000	0	0	0	0	0	0	0	0	0	119	0	0	118	0	0	0
Mrps7	15.666667	0	0	0	0	0	0	0	0	0	106	0	0	129	0	0	0
Gga3	15.666667	0	0	0	0	0	0	0	0	0	106	0	0	129	0	0	0
Olfr585	15.266667	0	0	0	0	0	0	0	0	0	123	0	0	106	0	0	0
Celsr3	15.266667	0	112	117	0	0	0	0	0	0	0	0	0	0	0	0	0
Jtb	15.066667	0	0	0	0	0	0	0	0	0	122	0	0	104	0	0	0
Rtn2	14.866667	0	0	0	0	0	0	0	0	113	110	0	0	0	0	0	0
Cd163l1	14.866667	0	0	0	0	223	0	0	0	0	0	0	0	0	0	0	0
Armc7	14.666667	0	0	0	0	0	0	0	0	0	131	0	0	89	0	0	0
Trpm6	14.600000	0	0	0	0	0	0	0	0	0	82	0	0	137	0	0	0
Olfr235	14.600000	0	0	0	0	0	0	0	0	0	219	0	0	0	0	0	0
Arl8b	14.466667	0	0	0	0	0	0	0	217	0	0	0	0	0	0	0	0
Lypd11	14.400000	0	216	0	0	0	0	0	0	0	0	0	0	0	0	0	0
Kif13b	14.400000	0	0	0	0	0	0	0	0	216	0	0	0	0	0	0	0
AY761185	14.266667	0	0	0	0	99	0	0	0	0	115	0	0	0	0	0	0
Hormad1	14.200000	0	0	0	0	0	0	0	0	0	87	0	0	126	0	0	0
Gm51573	14.133333	0	0	0	0	212	0	0	0	0	0	0	0	0	0	0	0
Dnaja1	14.133333	0	0	0	0	0	0	0	0	0	0	0	0	0	0	212	0
Zfp235	14.066667	0	0	0	0	0	0	0	0	113	98	0	0	0	0	0	0
Phax	14.066667	0	0	0	0	0	0	0	0	0	134	0	0	77	0	0	0
Aldh7a1	14.066667	0	0	0	0	0	0	0	0	0	134	0	0	77	0	0	0
1810037I17Rik	14.000000	0	0	0	0	0	0	0	0	0	99	0	0	111	0	0	0
Gspt1	13.933333	0	0	0	0	0	0	0	0	209	0	0	0	0	0	0	0
Pafah2	13.533333	0	0	0	0	0	0	0	0	203	0	0	0	0	0	0	0
Yaf2	13.466667	0	0	0	0	0	0	0	0	0	79	0	0	123	0	0	0
Tas1r3	13.400000	0	87	114	0	0	0	0	0	0	0	0	0	0	0	0	0
Mia2	13.400000	0	0	0	0	0	0	0	0	0	80	0	0	121	0	0	0
Zscan22	13.266667	0	0	0	0	0	0	0	0	199	0	0	0	0	0	0	0
Sharpin	13.266667	0	0	0	0	0	0	0	0	199	0	0	0	0	0	0	0
Maf1	13.266667	0	0	0	0	0	0	0	0	199	0	0	0	0	0	0	0
Gm35339	13.266667	0	0	0	0	0	0	0	0	199	0	0	0	0	0	0	0
Pitx3	13.133333	0	0	0	0	0	0	0	0	0	108	0	0	89	0	0	0
Gid4	13.133333	0	0	0	0	0	0	0	0	197	0	0	0	0	0	0	0
Haus6	13.066667	0	0	0	0	0	0	0	0	196	0	0	0	0	0	0	0
Snx27	13.000000	0	0	0	0	0	0	0	0	195	0	0	0	0	0	0	0
Gls2	13.000000	0	0	0	0	0	0	0	0	0	104	0	0	91	0	0	0
Dagla	13.000000	0	0	0	0	0	0	0	0	0	195	0	0	0	0	0	0
Ankar	13.000000	0	0	0	0	0	0	0	0	0	0	195	0	0	0	0	0
Zdhhc16	12.933333	0	0	0	0	0	0	0	0	0	114	0	0	80	0	0	0
Malt1	12.933333	0	194	0	0	0	0	0	0	0	0	0	0	0	0	0	0
Exosc1	12.933333	0	0	0	0	0	0	0	0	0	114	0	0	80	0	0	0
Tmem88	12.866667	0	0	0	0	0	0	0	0	193	0	0	0	0	0	0	0
Naa38	12.866667	0	0	0	0	0	0	0	0	193	0	0	0	0	0	0	0
Kif2c	12.866667	0	0	0	0	0	0	0	0	193	0	0	0	0	0	0	0
Cyb5d1	12.866667	0	0	0	0	0	0	0	0	193	0	0	0	0	0	0	0
Olfr1510	12.800000	0	0	0	0	0	0	0	192	0	0	0	0	0	0	0	0
Vmn2r8	12.600000	0	0	0	0	0	0	0	0	0	0	0	0	0	189	0	0
Smarcal1	12.533333	0	0	0	0	0	0	0	0	188	0	0	0	0	0	0	0
Elf2	12.533333	0	0	0	0	0	0	0	0	0	90	0	0	98	0	0	0
Nprl2	12.466667	0	0	0	0	0	0	0	0	187	0	0	0	0	0	0	0
Cyb561d2	12.466667	0	0	0	0	0	0	0	0	187	0	0	0	0	0	0	0
Arg2	12.400000	0	0	0	0	0	0	0	0	0	93	0	0	93	0	0	0
Cd44	12.333333	0	0	0	0	0	0	0	0	185	0	0	0	0	0	0	0
Nop14	12.200000	0	0	0	0	0	0	0	0	183	0	0	0	0	0	0	0
Grk4	12.200000	0	0	0	0	0	0	0	0	183	0	0	0	0	0	0	0
Cxcl1	12.200000	0	0	0	0	0	0	0	0	0	183	0	0	0	0	0	0
Scrt1	12.133333	0	182	0	0	0	0	0	0	0	0	0	0	0	0	0	0
Mcoln2	12.133333	0	0	0	0	0	0	0	0	0	182	0	0	0	0	0	0
Zc2hc1b	12.066667	0	0	0	0	0	0	0	0	0	181	0	0	0	0	0	0
Med15	12.066667	0	0	0	0	0	0	0	0	0	93	0	0	88	0	0	0
4931408C20Rik	12.066667	0	0	0	0	181	0	0	0	0	0	0	0	0	0	0	0
Trip10	12.000000	0	0	0	0	0	0	0	0	180	0	0	0	0	0	0	0
Olfr1318	12.000000	0	90	90	0	0	0	0	0	0	0	0	0	0	0	0	0
Gpr108	12.000000	0	0	0	0	0	0	0	0	180	0	0	0	0	0	0	0
Chmp4b	12.000000	0	0	0	0	0	0	0	0	180	0	0	0	0	0	0	0
Ints9	11.933333	0	0	0	0	0	0	0	0	179	0	0	0	0	0	0	0
Hmbox1	11.933333	0	0	0	0	0	0	0	0	179	0	0	0	0	0	0	0
Rtp1	11.733333	0	0	0	0	0	0	0	0	0	92	0	0	84	0	0	0
Ifrd2	11.733333	0	0	0	0	0	0	0	0	176	0	0	0	0	0	0	0
Sytl3	11.600000	0	0	0	0	0	0	0	0	0	174	0	0	0	0	0	0
Dynlt1f	11.600000	0	0	0	0	0	0	0	0	0	174	0	0	0	0	0	0
Dynlt1c	11.600000	0	0	0	0	0	0	0	0	0	174	0	0	0	0	0	0
Sars	11.533333	0	0	0	0	0	0	0	0	0	0	0	0	173	0	0	0
Wdr25	11.466667	0	0	0	0	0	0	0	0	0	92	0	0	80	0	0	0
Wars	11.466667	0	0	0	0	0	0	0	0	0	92	0	0	80	0	0	0
Zzz3	11.400000	0	0	0	0	0	0	0	0	0	171	0	0	0	0	0	0
Palld	11.333333	0	0	0	0	0	0	0	0	0	92	0	0	78	0	0	0
Nedd8	11.266667	0	0	0	0	0	0	0	0	169	0	0	0	0	0	0	0
Gmpr2	11.266667	0	0	0	0	0	0	0	0	169	0	0	0	0	0	0	0
Fxn	11.266667	0	0	0	0	0	0	0	0	0	83	0	0	86	0	0	0
Banp	11.266667	0	0	0	0	0	0	0	0	169	0	0	0	0	0	0	0
Pycr1	11.200000	0	0	0	0	0	0	0	0	0	84	0	0	84	0	0	0
Mrpl49	11.200000	0	0	0	0	0	0	0	0	0	0	0	0	168	0	0	0
Fau	11.200000	0	0	0	0	0	0	0	0	0	0	0	0	168	0	0	0
Wdr5b	11.133333	0	0	0	0	0	0	0	0	0	0	0	0	167	0	0	0
Tmem43	11.133333	0	0	0	0	0	0	0	0	167	0	0	0	0	0	0	0
Keg1	11.133333	0	0	0	0	0	0	0	0	0	0	0	0	167	0	0	0
Chchd4	11.133333	0	0	0	0	0	0	0	0	167	0	0	0	0	0	0	0
Adh6b	11.133333	0	0	0	0	0	0	0	0	0	0	0	0	167	0	0	0
Rangap1	11.066667	0	0	0	0	0	0	0	0	166	0	0	0	0	0	0	0
H2-T3	11.000000	0	0	0	0	0	0	0	0	0	74	0	0	91	0	0	0
Eef2	10.866667	0	0	0	0	0	0	0	0	0	163	0	0	0	0	0	0
Dapk3	10.866667	0	0	0	0	0	0	0	0	0	163	0	0	0	0	0	0
Ank3	10.866667	0	0	0	0	0	0	0	0	0	163	0	0	0	0	0	0
Foxj2	10.666667	0	0	0	0	0	0	0	0	0	160	0	0	0	0	0	0
Ube2g2	10.600000	0	0	0	0	0	0	0	0	0	159	0	0	0	0	0	0
Rasip1	10.600000	0	159	0	0	0	0	0	0	0	0	0	0	0	0	0	0
Izumo1	10.600000	0	159	0	0	0	0	0	0	0	0	0	0	0	0	0	0
Tmem214	10.533333	0	0	0	0	0	0	0	0	0	64	0	0	94	0	0	0
Mapre3	10.533333	0	0	0	0	0	0	0	0	0	64	0	0	94	0	0	0
Eif2s2	10.533333	0	0	0	0	0	0	0	0	0	0	0	0	158	0	0	0
Plch1	10.466667	0	0	0	0	0	0	0	0	0	157	0	0	0	0	0	0
Mrtfb	10.466667	0	0	0	0	0	0	0	0	0	157	0	0	0	0	0	0
Med12l	10.466667	0	0	0	0	0	0	0	0	0	157	0	0	0	0	0	0
Tmem167b	10.400000	0	0	0	0	0	0	0	0	0	156	0	0	0	0	0	0
Zc3h14	10.200000	0	0	0	0	0	0	0	0	0	153	0	0	0	0	0	0
Unk	10.133333	0	0	0	0	0	0	0	0	152	0	0	0	0	0	0	0
Tigd4	10.133333	0	0	0	0	0	0	0	0	0	152	0	0	0	0	0	0
Fastkd1	10.133333	0	0	0	0	0	0	0	0	152	0	0	0	0	0	0	0
Lrriq4	10.066667	0	0	0	0	0	0	0	0	0	151	0	0	0	0	0	0
Lrrc34	10.066667	0	0	0	0	0	0	0	0	0	151	0	0	0	0	0	0
Znrd2	10.000000	0	0	0	0	0	0	0	0	0	150	0	0	0	0	0	0
Fam89b	10.000000	0	0	0	0	0	0	0	0	0	150	0	0	0	0	0	0
Clpb	10.000000	0	0	0	0	0	0	0	0	150	0	0	0	0	0	0	0
Timm22	9.933333	0	0	0	0	0	0	0	0	149	0	0	0	0	0	0	0
Slc3a2	9.933333	0	0	0	0	0	0	0	0	0	149	0	0	0	0	0	0
Slc2a2	9.866667	0	0	0	0	0	0	0	0	0	148	0	0	0	0	0	0
Ndc1	9.866667	0	0	0	0	0	0	0	0	148	0	0	0	0	0	0	0
Cyb5b	9.866667	0	0	0	0	0	0	0	0	0	0	0	0	148	0	0	0
Casp8	9.866667	0	0	0	0	0	0	0	0	0	0	0	0	148	0	0	0
Slc6a20a	9.800000	0	0	0	0	0	0	0	0	0	0	0	0	147	0	0	0
Kif14	9.800000	0	0	0	0	0	0	0	0	0	147	0	0	0	0	0	0
Tmem252	9.733333	0	0	0	0	0	0	0	0	0	146	0	0	0	0	0	0
Phlda1	9.733333	0	0	0	0	0	0	0	0	0	146	0	0	0	0	0	0
Selenoi	9.666667	0	0	0	0	0	0	0	0	0	145	0	0	0	0	0	0
Prpf18	9.666667	0	0	0	0	0	0	0	0	0	0	0	0	145	0	0	0
Opalin	9.666667	0	0	0	0	0	0	0	0	0	0	0	0	145	0	0	0
Fbxw2	9.666667	0	0	0	0	0	0	0	0	0	145	0	0	0	0	0	0
Loxhd1	9.600000	0	0	0	0	0	0	0	0	0	144	0	0	0	0	0	0
Wbp1l	9.533333	0	0	0	0	0	0	0	0	0	143	0	0	0	0	0	0
Tsnaxip1	9.533333	0	0	0	0	0	0	0	0	143	0	0	0	0	0	0	0
Ranbp10	9.533333	0	0	0	0	0	0	0	0	143	0	0	0	0	0	0	0
Mybpc3	9.533333	0	0	0	0	0	0	0	0	0	0	0	0	143	0	0	0
Slc25a11	9.466667	0	0	0	0	0	0	0	0	0	0	0	0	142	0	0	0
Rnf167	9.466667	0	0	0	0	0	0	0	0	0	0	0	0	142	0	0	0
Pradc1	9.466667	0	0	0	0	0	0	0	0	0	142	0	0	0	0	0	0
Pfn1	9.466667	0	0	0	0	0	0	0	0	0	0	0	0	142	0	0	0
Nudt13	9.466667	0	0	0	0	0	0	0	0	142	0	0	0	0	0	0	0
M6pr	9.466667	0	0	0	0	0	0	0	0	142	0	0	0	0	0	0	0
Cct7	9.466667	0	0	0	0	0	0	0	0	0	142	0	0	0	0	0	0
Olfr223	9.333333	0	0	0	0	0	0	0	0	0	140	0	0	0	0	0	0
Ccp110	9.333333	0	0	0	0	0	0	0	0	0	140	0	0	0	0	0	0
Rab25	9.266667	0	0	0	0	0	0	0	0	0	0	0	0	139	0	0	0
Vstm2l	9.200000	0	0	138	0	0	0	0	0	0	0	0	0	0	0	0	0
Ifne	9.200000	0	0	0	0	0	0	0	0	0	0	0	0	138	0	0	0
H2-T-ps	9.200000	0	0	0	0	0	0	0	0	0	138	0	0	0	0	0	0
D630045J12Rik	9.200000	0	0	0	0	0	0	0	0	0	138	0	0	0	0	0	0
Zswim7	9.133333	0	0	0	0	0	0	0	0	0	0	0	0	137	0	0	0
Zdhhc17	9.133333	0	0	0	0	0	0	0	0	0	74	0	0	63	0	0	0
Ttc19	9.133333	0	0	0	0	0	0	0	0	0	0	0	0	137	0	0	0
Rab15	9.133333	0	0	0	0	0	0	0	0	0	0	0	0	137	0	0	0
LOC102633783	9.133333	0	0	0	0	0	0	0	0	0	0	0	0	137	0	0	0
Gtf3c6	9.133333	0	0	0	0	0	0	0	0	0	137	0	0	0	0	0	0
C130026I21Rik	9.133333	0	0	0	0	0	0	0	0	0	0	0	0	137	0	0	0
Sirt2	9.066667	0	0	0	0	0	0	0	0	136	0	0	0	0	0	0	0
Nfkbib	9.066667	0	0	0	0	0	0	0	0	136	0	0	0	0	0	0	0
Magi1	9.066667	0	0	0	0	0	0	0	0	0	136	0	0	0	0	0	0
Ifit3	9.066667	0	0	0	0	0	0	0	0	0	136	0	0	0	0	0	0
Rdh11	9.000000	0	0	0	0	0	0	0	0	0	0	0	0	135	0	0	0
Med24	9.000000	0	0	0	0	0	0	0	0	0	0	0	0	135	0	0	0
Kptn	9.000000	0	0	0	0	0	0	0	0	0	135	0	0	0	0	0	0
Kpna7	9.000000	0	0	0	0	0	0	0	0	0	135	0	0	0	0	0	0
Gtpbp2	9.000000	0	0	0	0	0	0	0	0	135	0	0	0	0	0	0	0
Aplnr	9.000000	0	0	0	0	0	0	0	0	0	135	0	0	0	0	0	0
Wdpcp	8.933333	0	0	0	0	0	0	0	0	134	0	0	0	0	0	0	0
Rsbn1	8.933333	0	0	0	0	0	0	0	0	0	134	0	0	0	0	0	0
Rhbdd1	8.933333	0	0	0	0	0	0	0	0	0	0	0	0	134	0	0	0
Mdh1	8.933333	0	0	0	0	0	0	0	0	134	0	0	0	0	0	0	0
Vipas39	8.866667	0	0	0	0	0	0	0	0	133	0	0	0	0	0	0	0
Usp8	8.866667	0	0	0	0	0	0	0	0	0	133	0	0	0	0	0	0
Slc25a1	8.866667	0	0	0	0	0	0	0	0	0	133	0	0	0	0	0	0
Pawr	8.866667	0	0	0	0	0	0	0	0	0	133	0	0	0	0	0	0
Lin28a	8.866667	0	0	133	0	0	0	0	0	0	0	0	0	0	0	0	0
Fgfbp3	8.866667	0	0	0	0	0	0	0	0	0	133	0	0	0	0	0	0
Dlg1	8.866667	0	0	0	0	0	0	0	0	0	0	0	0	133	0	0	0
Ccdc69	8.866667	0	0	0	0	0	0	0	0	0	133	0	0	0	0	0	0
Arl14	8.866667	0	0	0	0	0	0	0	0	0	133	0	0	0	0	0	0
Apba1	8.866667	0	0	0	0	0	0	0	0	0	133	0	0	0	0	0	0
Ahsa1	8.866667	0	0	0	0	0	0	0	0	133	0	0	0	0	0	0	0
Zfp207	8.733333	0	0	0	0	0	0	0	0	0	0	0	0	131	0	0	0
Thpo	8.733333	0	0	0	0	0	0	0	0	0	0	0	0	131	0	0	0
Nr4a2	8.733333	0	0	0	0	0	0	0	0	0	131	0	0	0	0	0	0
Morc2b	8.733333	0	0	0	0	0	0	0	0	0	131	0	0	0	0	0	0
Lsm1	8.733333	0	0	0	0	0	0	0	0	0	0	0	0	131	0	0	0
Gbp4	8.733333	0	0	0	0	0	0	0	0	0	0	0	0	131	0	0	0
Fmc1	8.733333	0	0	0	0	0	0	0	0	0	131	0	0	0	0	0	0
Chrd	8.733333	0	0	0	0	0	0	0	0	0	0	0	0	131	0	0	0
Bag4	8.733333	0	0	0	0	0	0	0	0	0	0	0	0	131	0	0	0
Arpin	8.733333	0	0	0	0	0	0	0	0	0	0	0	0	131	0	0	0
5730455P16Rik	8.733333	0	0	0	0	0	0	0	0	0	0	0	0	131	0	0	0
1600014C10Rik	8.733333	0	0	0	0	0	0	0	0	0	131	0	0	0	0	0	0
Cwc22	8.666667	0	0	0	0	0	0	0	0	130	0	0	0	0	0	0	0
Rhog	8.600000	0	0	0	0	0	0	0	0	0	0	0	0	129	0	0	0
Rapgefl1	8.600000	0	0	0	0	0	0	0	0	0	129	0	0	0	0	0	0
Klhl8	8.600000	0	0	0	0	0	0	0	0	0	129	0	0	0	0	0	0
Gm13288	8.600000	0	0	0	0	0	0	0	0	0	129	0	0	0	0	0	0
Gm13287	8.600000	0	0	0	0	0	0	0	0	0	129	0	0	0	0	0	0
Clip2	8.600000	0	0	0	0	0	0	0	0	0	129	0	0	0	0	0	0
Atp2a1	8.600000	0	0	0	0	0	0	0	0	0	129	0	0	0	0	0	0
Slc17a8	8.533333	0	0	0	0	0	0	0	0	0	0	0	0	128	0	0	0
Neu3	8.533333	0	0	0	0	0	0	0	0	0	128	0	0	0	0	0	0
Gucy2e	8.533333	0	0	0	0	0	0	0	0	0	0	0	0	128	0	0	0
Gstm6	8.533333	0	0	0	0	0	0	0	0	0	128	0	0	0	0	0	0
Efcab12	8.533333	0	0	0	0	0	0	0	0	0	0	0	0	128	0	0	0
Tmem41a	8.466667	0	0	0	0	0	0	0	0	0	127	0	0	0	0	0	0
Hps3	8.466667	0	0	0	0	0	0	0	0	0	0	0	0	127	0	0	0
Gm21190	8.466667	0	0	0	0	127	0	0	0	0	0	0	0	0	0	0	0
Asb17	8.466667	0	0	0	0	0	0	0	0	0	127	0	0	0	0	0	0
Adipor2	8.466667	0	0	0	0	0	0	0	0	0	0	0	0	127	0	0	0
Fscn3	8.400000	0	0	0	0	0	0	0	0	0	0	0	0	126	0	0	0
Dnajc5b	8.400000	0	0	0	0	0	0	0	0	0	126	0	0	0	0	0	0
Tmem11	8.333333	0	0	0	0	0	0	0	0	125	0	0	0	0	0	0	0
Reep2	8.333333	0	0	0	0	0	0	0	0	0	125	0	0	0	0	0	0
Zfyve1	8.266667	0	0	0	0	0	0	0	0	124	0	0	0	0	0	0	0
Tsga10	8.266667	0	0	0	0	0	0	0	0	0	0	0	0	124	0	0	0
Gabpa	8.266667	0	0	0	0	0	0	0	0	0	124	0	0	0	0	0	0
Fam160b1	8.266667	0	0	0	0	0	0	0	0	0	0	0	0	124	0	0	0
Dgcr8	8.266667	0	0	0	0	0	0	0	0	0	0	0	0	124	0	0	0
Atp5j	8.266667	0	0	0	0	0	0	0	0	0	124	0	0	0	0	0	0
Acbd6	8.266667	0	0	0	0	0	0	0	0	0	0	0	0	124	0	0	0
Zfp407	8.200000	0	0	0	0	0	0	0	0	0	123	0	0	0	0	0	0
Zfp128	8.200000	0	0	0	0	0	0	0	0	0	123	0	0	0	0	0	0
Usp38	8.200000	0	0	0	0	0	0	0	0	0	123	0	0	0	0	0	0
Ttll9	8.200000	0	0	0	0	0	0	0	0	0	123	0	0	0	0	0	0
Tm4sf20	8.200000	0	0	0	0	0	0	0	0	0	123	0	0	0	0	0	0
Tigit	8.200000	0	0	0	0	0	0	0	0	0	123	0	0	0	0	0	0
Slc2a10	8.200000	0	0	0	0	0	0	0	0	0	123	0	0	0	0	0	0
Shcbp1	8.200000	0	0	0	0	0	0	0	0	0	123	0	0	0	0	0	0
Shc1	8.200000	0	0	0	0	0	0	0	0	0	123	0	0	0	0	0	0
Prpf40b	8.200000	0	0	0	0	0	0	0	0	0	0	0	0	123	0	0	0
Gnb1l	8.200000	0	0	0	0	0	0	0	0	0	123	0	0	0	0	0	0
Flad1	8.200000	0	0	0	0	0	0	0	0	0	123	0	0	0	0	0	0
Fam186b	8.200000	0	0	0	0	0	0	0	0	0	0	0	0	123	0	0	0
Commd3	8.200000	0	0	0	0	0	0	0	0	0	123	0	0	0	0	0	0
Cks1b	8.200000	0	0	0	0	0	0	0	0	0	123	0	0	0	0	0	0
Cenpc1	8.200000	0	0	0	0	0	0	0	0	0	123	0	0	0	0	0	0
Ablim2	8.200000	0	0	0	0	0	0	0	0	0	123	0	0	0	0	0	0
Tigar	8.133333	0	0	0	0	0	0	0	0	0	122	0	0	0	0	0	0
Camk2d	8.133333	0	0	0	0	0	0	0	0	0	122	0	0	0	0	0	0
Vps4a	8.066667	0	0	0	0	0	0	0	0	0	0	0	0	121	0	0	0
Tnp2	8.066667	0	0	0	0	0	0	0	0	0	0	0	0	121	0	0	0
Socs1	8.066667	0	0	0	0	0	0	0	0	0	0	0	0	121	0	0	0
Rbm4	8.066667	0	0	0	0	0	0	0	0	0	0	0	0	121	0	0	0
Prm3	8.066667	0	0	0	0	0	0	0	0	0	0	0	0	121	0	0	0
Prm2	8.066667	0	0	0	0	0	0	0	0	0	0	0	0	121	0	0	0
Ppp1r2	8.066667	0	0	0	0	0	0	0	0	0	0	0	0	121	0	0	0
Gzme	8.066667	0	0	0	0	0	0	0	0	0	121	0	0	0	0	0	0
Eif2b5	8.066667	0	0	0	0	0	0	0	0	0	0	0	0	121	0	0	0
Ccn5	8.066667	0	0	0	0	0	0	0	0	0	121	0	0	0	0	0	0
Tmem104	8.000000	0	0	0	0	0	0	0	0	0	120	0	0	0	0	0	0
Papss2	8.000000	0	0	0	0	0	0	0	0	0	120	0	0	0	0	0	0
Nlrc3	8.000000	0	0	0	0	0	0	0	0	0	120	0	0	0	0	0	0
Nat9	8.000000	0	0	0	0	0	0	0	0	0	120	0	0	0	0	0	0
Ctxn3	8.000000	0	0	0	0	0	0	0	0	0	120	0	0	0	0	0	0
Zfp598	7.933333	0	0	0	0	0	0	0	0	0	0	0	0	119	0	0	0
Tpr	7.933333	0	0	0	0	0	0	0	0	119	0	0	0	0	0	0	0
Tarbp2	7.933333	0	0	0	0	0	0	0	0	0	0	0	0	119	0	0	0
Svil	7.933333	0	0	0	0	0	0	0	0	0	119	0	0	0	0	0	0
Odr4	7.933333	0	0	0	0	0	0	0	0	119	0	0	0	0	0	0	0
Npff	7.933333	0	0	0	0	0	0	0	0	0	0	0	0	119	0	0	0
Bcas3	7.933333	0	0	0	0	0	0	0	0	0	0	0	0	119	0	0	0
Tcn2	7.866667	0	0	0	0	0	0	0	0	0	118	0	0	0	0	0	0
Tbcd	7.866667	0	0	0	0	0	0	0	0	0	118	0	0	0	0	0	0
Gm6902	7.866667	0	0	0	0	0	0	0	0	0	0	0	0	118	0	0	0
Gm11127	7.866667	0	0	0	0	0	0	0	0	0	118	0	0	0	0	0	0
Fam149b	7.866667	0	0	0	0	0	0	0	0	0	118	0	0	0	0	0	0
Ecd	7.866667	0	0	0	0	0	0	0	0	0	118	0	0	0	0	0	0
Cd5	7.866667	0	0	0	0	0	0	0	0	0	118	0	0	0	0	0	0
Zfp354c	7.800000	0	0	0	0	0	0	0	0	0	0	0	0	117	0	0	0
Olfr282	7.800000	0	0	0	0	0	0	0	0	0	0	0	0	117	0	0	0
Itgb6	7.800000	0	0	0	0	0	0	0	0	0	117	0	0	0	0	0	0
Galntl6	7.800000	0	0	0	0	0	0	0	0	0	0	0	0	117	0	0	0
Efcab8	7.800000	0	0	0	0	0	0	0	0	0	117	0	0	0	0	0	0
Defb30	7.800000	0	0	0	0	0	0	0	0	0	0	0	0	117	0	0	0
BC030500	7.800000	0	0	0	0	0	0	0	0	0	0	0	0	117	0	0	0
Alkbh3	7.800000	0	0	0	0	0	0	0	0	0	0	0	0	117	0	0	0
Trpm4	7.733333	0	0	0	0	0	0	0	0	0	116	0	0	0	0	0	0
Trp53rkb	7.733333	0	0	0	0	0	0	0	0	0	116	0	0	0	0	0	0
Tle4	7.733333	0	0	0	0	0	0	0	0	0	116	0	0	0	0	0	0
Plaa	7.733333	0	0	0	0	0	0	0	0	0	116	0	0	0	0	0	0
Nr3c1	7.733333	0	0	0	0	0	0	0	0	0	116	0	0	0	0	0	0
Lnx1	7.733333	0	0	0	0	0	0	0	0	0	116	0	0	0	0	0	0
Ints10	7.733333	0	0	0	0	0	0	0	0	0	116	0	0	0	0	0	0
Hrc	7.733333	0	0	0	0	0	0	0	0	0	116	0	0	0	0	0	0
A630095N17Rik	7.733333	0	0	0	0	0	0	0	0	0	116	0	0	0	0	0	0
Zfp691	7.666667	0	0	0	0	0	0	0	0	115	0	0	0	0	0	0	0
Rbm15	7.666667	0	0	0	0	0	0	0	0	0	115	0	0	0	0	0	0
Golgb1	7.666667	0	0	0	0	0	0	0	0	0	115	0	0	0	0	0	0
Gm9758	7.666667	0	0	0	0	115	0	0	0	0	0	0	0	0	0	0	0
Tesmin	7.600000	0	0	0	0	0	0	0	0	0	114	0	0	0	0	0	0
Prkcd	7.600000	0	0	0	0	0	0	0	0	0	114	0	0	0	0	0	0
Pramel47	7.600000	0	0	0	0	0	0	0	0	0	0	0	0	114	0	0	0
Nt5c	7.600000	0	0	0	0	0	0	0	0	0	0	0	0	114	0	0	0
Nfe2l1	7.600000	0	0	0	0	0	0	0	0	0	0	0	0	114	0	0	0
Mfsd4b1	7.600000	0	0	0	0	0	0	0	0	0	114	0	0	0	0	0	0
Kmt2c	7.600000	0	0	0	0	0	0	0	0	0	114	0	0	0	0	0	0
Gmcl1	7.600000	0	0	0	0	0	0	0	0	0	0	0	0	114	0	0	0
Edem3	7.600000	0	0	0	0	0	0	0	0	114	0	0	0	0	0	0	0
Ccng2	7.600000	0	0	0	0	0	0	0	0	0	114	0	0	0	0	0	0
Ccndbp1	7.600000	0	0	0	0	0	0	0	0	0	114	0	0	0	0	0	0
2310057M21Rik	7.600000	0	0	0	0	0	0	0	0	0	114	0	0	0	0	0	0
Tmem94	7.533333	0	0	0	0	0	0	0	0	113	0	0	0	0	0	0	0
Slc4a2	7.533333	0	0	0	0	0	0	0	0	113	0	0	0	0	0	0	0
Med21	7.533333	0	0	0	0	0	0	0	0	0	0	0	0	113	0	0	0
Gbp9	7.533333	0	0	0	0	0	0	0	0	0	0	0	0	113	0	0	0
Dop1b	7.533333	0	0	0	0	0	0	0	0	0	113	0	0	0	0	0	0
Cspg5	7.533333	0	0	0	0	0	0	0	0	0	0	0	0	113	0	0	0
Cdk5	7.533333	0	0	0	0	0	0	0	0	113	0	0	0	0	0	0	0
Rhob	7.466667	0	0	0	0	0	0	0	0	0	0	0	0	112	0	0	0
Eif4enif1	7.466667	0	0	0	0	112	0	0	0	0	0	0	0	0	0	0	0
Zbtb46	7.400000	0	0	0	0	0	0	0	0	0	111	0	0	0	0	0	0
Tenm3	7.400000	0	0	0	0	0	0	0	0	0	111	0	0	0	0	0	0
Rcbtb2	7.400000	0	0	0	0	0	0	0	0	0	111	0	0	0	0	0	0
Ifrd1	7.400000	0	0	0	0	0	0	0	0	111	0	0	0	0	0	0	0
Cfap126	7.400000	0	0	0	0	0	0	0	0	0	0	0	0	111	0	0	0
Rmnd5b	7.333333	0	0	0	0	0	0	0	0	0	0	0	0	110	0	0	0
Gpr85	7.333333	0	0	0	0	0	0	0	0	0	110	0	0	0	0	0	0
Cfap43	7.333333	0	0	0	0	0	0	0	0	0	110	0	0	0	0	0	0
Akap7	7.333333	0	0	0	0	0	0	0	0	0	110	0	0	0	0	0	0
Pank1	7.266667	0	0	0	0	0	0	0	0	0	0	0	0	109	0	0	0
Lrrc15	7.266667	0	0	0	0	0	0	0	0	0	109	0	0	0	0	0	0
Krtap16-1	7.266667	0	0	0	0	0	0	0	0	0	0	0	0	109	0	0	0
Grasp	7.266667	0	0	0	0	0	0	0	0	0	0	0	0	109	0	0	0
Fam155a	7.266667	0	0	0	0	0	0	0	0	0	109	0	0	0	0	0	0
Cst6	7.266667	0	0	0	0	0	0	0	0	0	109	0	0	0	0	0	0
Cemip2	7.266667	0	0	0	0	0	0	0	0	0	0	0	0	109	0	0	0
1700016D06Rik	7.266667	0	0	0	0	0	0	0	0	0	109	0	0	0	0	0	0
Trpm8	7.200000	0	0	0	0	0	0	0	0	0	108	0	0	0	0	0	0
Trmt5	7.200000	0	0	0	0	0	0	0	0	0	0	0	0	108	0	0	0
Timm23	7.200000	0	0	0	0	0	0	0	0	0	0	0	0	108	0	0	0
Spdye4b	7.200000	0	0	0	0	0	0	0	0	0	108	0	0	0	0	0	0
Slc7a1	7.200000	0	0	0	0	0	0	0	0	0	108	0	0	0	0	0	0
Slc38a6	7.200000	0	0	0	0	0	0	0	0	0	0	0	0	108	0	0	0
Rbak	7.200000	0	0	0	0	0	0	0	0	0	108	0	0	0	0	0	0
Prdm1	7.200000	0	0	0	0	0	0	0	0	0	108	0	0	0	0	0	0
Pemt	7.200000	0	0	0	0	0	0	0	0	108	0	0	0	0	0	0	0
Parg	7.200000	0	0	0	0	0	0	0	0	0	0	0	0	108	0	0	0
Kcnh7	7.200000	0	0	0	0	0	0	0	0	0	108	0	0	0	0	0	0
Htra3	7.200000	0	0	0	0	0	0	0	0	0	108	0	0	0	0	0	0
Gbf1	7.200000	0	0	0	0	0	0	0	0	0	108	0	0	0	0	0	0
Ctbp2	7.200000	0	0	0	0	0	0	0	0	0	108	0	0	0	0	0	0
Cilk1	7.200000	0	0	0	0	0	0	0	0	0	108	0	0	0	0	0	0
Cab39	7.200000	0	0	0	0	0	0	0	0	0	108	0	0	0	0	0	0
Btrc	7.200000	0	0	0	0	0	0	0	0	108	0	0	0	0	0	0	0
Tmod4	7.133333	0	0	0	0	0	0	0	0	0	107	0	0	0	0	0	0
Nudcd1	7.133333	0	0	0	0	0	0	0	0	107	0	0	0	0	0	0	0
Lrrc39	7.133333	0	0	0	0	0	0	0	0	0	0	0	0	107	0	0	0
Insyn2a	7.133333	0	0	0	0	0	0	0	0	0	107	0	0	0	0	0	0
Eny2	7.133333	0	0	0	0	0	0	0	0	107	0	0	0	0	0	0	0
Cd200r1	7.133333	0	0	0	0	0	0	0	0	0	0	0	0	107	0	0	0
Sptbn5	7.066667	0	0	0	0	0	0	0	0	0	106	0	0	0	0	0	0
Pdzk1	7.066667	0	0	0	0	0	0	0	0	0	0	0	0	106	0	0	0
Odf1	7.066667	0	0	0	0	0	0	0	0	0	0	0	0	106	0	0	0
Mterf1a	7.066667	0	0	0	0	0	0	0	0	0	106	0	0	0	0	0	0
Limch1	7.066667	0	0	0	0	0	0	0	0	0	106	0	0	0	0	0	0
Kera	7.066667	0	0	0	0	0	0	0	0	0	0	0	0	106	0	0	0
Ddx56	7.066667	0	0	0	0	0	0	0	0	0	0	0	0	106	0	0	0
Dcakd	7.066667	0	0	0	0	0	0	0	0	0	0	0	0	106	0	0	0
Col4a2	7.066667	0	0	0	0	0	0	0	0	0	0	0	0	106	0	0	0
Col4a1	7.066667	0	0	0	0	0	0	0	0	0	0	0	0	106	0	0	0
Gm17019	7.000000	0	0	0	0	105	0	0	0	0	0	0	0	0	0	0	0
Tmem186	6.933333	0	0	0	0	0	0	0	0	0	104	0	0	0	0	0	0
Tmem160	6.933333	0	0	0	0	0	0	0	0	0	104	0	0	0	0	0	0
Reep5	6.933333	0	0	0	0	0	0	0	0	0	104	0	0	0	0	0	0
Pmm2	6.933333	0	0	0	0	0	0	0	0	0	104	0	0	0	0	0	0
Letmd1	6.933333	0	0	0	0	0	0	0	0	0	0	0	0	104	0	0	0
Gpt2	6.933333	0	0	0	0	0	0	0	0	0	104	0	0	0	0	0	0
Fas	6.933333	0	0	0	0	0	0	0	0	0	0	0	0	104	0	0	0
Ubl4b	6.866667	0	0	0	0	0	0	0	0	0	103	0	0	0	0	0	0
Sf3b2	6.866667	0	0	0	0	0	0	0	0	0	0	0	0	103	0	0	0
Pabpn1	6.866667	0	0	0	0	0	0	0	0	0	103	0	0	0	0	0	0
Olfr1431	6.866667	0	0	0	0	0	0	0	0	0	103	0	0	0	0	0	0
Mafk	6.866667	0	0	0	0	0	0	0	0	0	103	0	0	0	0	0	0
Lars	6.866667	0	0	0	0	0	0	0	0	103	0	0	0	0	0	0	0
Gal3st3	6.866667	0	0	0	0	0	0	0	0	0	0	0	0	103	0	0	0
Eno2	6.866667	0	0	0	0	0	0	0	0	0	103	0	0	0	0	0	0
Aspscr1	6.866667	0	0	0	0	0	0	0	0	0	103	0	0	0	0	0	0
Smarca2	6.800000	0	0	0	0	0	0	0	0	0	102	0	0	0	0	0	0
Pprc1	6.800000	0	0	0	0	0	0	0	0	102	0	0	0	0	0	0	0
Kif3b	6.800000	0	0	0	0	0	0	0	0	0	0	0	0	102	0	0	0
Dctn1	6.800000	0	0	0	0	0	0	0	0	0	0	0	0	102	0	0	0
Akap8	6.800000	0	0	0	0	0	0	0	0	0	102	0	0	0	0	0	0
Zfp747	6.733333	0	0	0	0	0	0	0	0	0	101	0	0	0	0	0	0
Tpra1	6.733333	0	0	0	0	0	0	0	0	0	101	0	0	0	0	0	0
Tmem119	6.733333	0	0	0	0	0	0	0	0	0	101	0	0	0	0	0	0
Sqstm1	6.733333	0	0	0	0	0	0	0	0	0	101	0	0	0	0	0	0
Sec16b	6.733333	0	0	0	0	0	0	0	0	0	101	0	0	0	0	0	0
Rpl12	6.733333	0	0	0	0	0	0	0	0	0	101	0	0	0	0	0	0
Nsun7	6.733333	0	0	0	0	0	0	0	0	0	101	0	0	0	0	0	0
Lrsam1	6.733333	0	0	0	0	0	0	0	0	0	101	0	0	0	0	0	0
Ifi44l	6.733333	0	0	0	0	0	0	0	0	0	101	0	0	0	0	0	0
Gucy2g	6.733333	0	0	0	0	0	0	0	0	0	101	0	0	0	0	0	0
Ciita	6.733333	0	0	0	0	0	0	0	0	0	0	0	0	101	0	0	0
Bfsp2	6.733333	0	0	0	0	0	0	0	0	0	101	0	0	0	0	0	0
Wdr76	6.666667	0	0	0	0	0	0	0	0	0	0	0	0	100	0	0	0
Slc12a6	6.666667	0	0	0	0	0	0	0	0	0	100	0	0	0	0	0	0
Pfn4	6.666667	0	0	0	0	0	0	0	0	0	100	0	0	0	0	0	0
Nutm1	6.666667	0	0	0	0	0	0	0	0	0	100	0	0	0	0	0	0
Nop10	6.666667	0	0	0	0	0	0	0	0	0	100	0	0	0	0	0	0
Muc4	6.666667	0	0	0	0	0	0	0	0	0	0	0	0	100	0	0	0
Mfap1a	6.666667	0	0	0	0	0	0	0	0	0	0	0	0	100	0	0	0
Lmo2	6.666667	0	0	0	0	0	0	0	0	0	0	0	0	100	0	0	0
Invs	6.666667	0	0	0	0	0	0	0	0	100	0	0	0	0	0	0	0
Gstz1	6.666667	0	0	0	0	0	0	0	0	0	100	0	0	0	0	0	0
Erp44	6.666667	0	0	0	0	0	0	0	0	100	0	0	0	0	0	0	0
Brwd1	6.666667	0	0	0	0	0	0	0	0	0	100	0	0	0	0	0	0
Ptx3	6.600000	0	0	0	0	0	0	0	0	0	99	0	0	0	0	0	0
Khdc1c	6.600000	0	0	0	0	0	0	0	0	0	0	0	0	99	0	0	0
Col16a1	6.600000	0	0	0	0	0	0	0	0	0	99	0	0	0	0	0	0
Cdc6	6.600000	0	0	0	0	0	0	0	0	0	99	0	0	0	0	0	0
Ccser2	6.600000	0	0	0	0	0	0	0	0	0	99	0	0	0	0	0	0
Rpl31-ps12	6.533333	0	0	0	0	0	0	0	0	0	98	0	0	0	0	0	0
Olfr461	6.533333	0	0	0	0	0	0	0	0	0	98	0	0	0	0	0	0
Mtf2	6.533333	0	0	0	0	0	0	0	0	0	0	0	0	98	0	0	0
Mgmt	6.533333	0	0	0	0	0	0	0	0	0	0	0	0	98	0	0	0
Cry1	6.533333	0	0	0	0	0	0	0	0	0	0	0	0	98	0	0	0
Ccdc71l	6.533333	0	0	0	0	0	0	0	0	0	0	0	0	98	0	0	0
Bend3	6.533333	0	0	0	0	0	0	0	0	0	98	0	0	0	0	0	0
Glis3	6.466667	0	0	0	0	0	0	0	0	0	0	0	0	97	0	0	0
Col12a1	6.466667	0	0	0	0	0	0	0	0	0	0	0	0	97	0	0	0
Tmem185b	6.400000	0	0	0	0	0	0	0	0	0	96	0	0	0	0	0	0
Tdrd12	6.400000	0	0	0	0	0	0	0	0	0	96	0	0	0	0	0	0
Olfr691	6.400000	0	0	0	0	0	0	0	0	0	96	0	0	0	0	0	0
1700030J22Rik	6.400000	0	0	0	0	0	0	0	0	0	0	96	0	0	0	0	0
Taf13	6.333333	0	0	0	0	0	0	0	0	0	95	0	0	0	0	0	0
Rab7	6.333333	0	0	0	0	0	0	0	0	0	0	0	0	95	0	0	0
Paxx	6.333333	0	0	0	0	0	0	0	0	0	95	0	0	0	0	0	0
Osbpl3	6.333333	0	0	0	0	0	0	0	0	0	0	0	0	95	0	0	0
Nalcn	6.333333	0	0	0	0	0	0	0	0	0	95	0	0	0	0	0	0
Ltbp3	6.333333	0	0	0	0	0	0	0	0	0	95	0	0	0	0	0	0
Krt10	6.333333	0	0	0	0	0	0	0	0	0	95	0	0	0	0	0	0
Eya4	6.333333	0	0	0	0	0	0	0	0	0	95	0	0	0	0	0	0
Clic3	6.333333	0	0	0	0	0	0	0	0	0	95	0	0	0	0	0	0
Wfdc13	6.266667	0	0	0	0	0	0	0	0	0	0	0	0	0	94	0	0
Utp6	6.266667	0	0	0	0	0	0	0	0	0	94	0	0	0	0	0	0
Slc7a7	6.266667	0	0	0	0	0	0	0	0	0	94	0	0	0	0	0	0
Slc25a21	6.266667	0	0	0	0	0	0	0	0	0	94	0	0	0	0	0	0
Rbms1	6.266667	0	0	0	0	0	0	0	0	0	94	0	0	0	0	0	0
Pou4f3	6.266667	0	0	0	0	0	0	0	0	0	94	0	0	0	0	0	0
Mex3a	6.266667	0	0	0	0	0	0	0	0	0	94	0	0	0	0	0	0
Loxl3	6.266667	0	0	0	0	0	0	0	0	0	94	0	0	0	0	0	0
Gm7030	6.266667	0	0	0	0	0	0	0	0	0	0	0	0	94	0	0	0
Fbxo38	6.266667	0	0	0	0	0	0	0	0	0	94	0	0	0	0	0	0
Etnppl	6.266667	0	0	0	0	0	0	0	0	0	94	0	0	0	0	0	0
Dok1	6.266667	0	0	0	0	0	0	0	0	0	94	0	0	0	0	0	0
Banf2	6.266667	0	0	0	0	0	0	0	0	0	94	0	0	0	0	0	0
Arhgap39	6.266667	0	0	0	0	0	0	0	0	0	94	0	0	0	0	0	0
Snai3	6.200000	0	0	0	0	0	0	0	0	0	93	0	0	0	0	0	0
Gzf1	6.200000	0	0	0	0	0	0	0	0	0	0	0	0	93	0	0	0
Gstt2	6.200000	0	0	0	0	0	0	0	0	0	0	0	0	93	0	0	0
Gramd3	6.200000	0	0	0	0	0	0	0	0	0	93	0	0	0	0	0	0
Gml2	6.200000	0	0	0	0	0	0	0	0	0	93	0	0	0	0	0	0
Gml	6.200000	0	0	0	0	0	0	0	0	0	93	0	0	0	0	0	0
Dusp21	6.200000	0	0	0	0	0	0	0	0	0	93	0	0	0	0	0	0
Dpysl2	6.200000	0	0	0	0	0	0	0	0	0	93	0	0	0	0	0	0
Dcaf10	6.200000	0	0	0	0	0	0	0	0	0	93	0	0	0	0	0	0
Cdca7	6.200000	0	0	0	0	0	0	0	0	0	93	0	0	0	0	0	0
Ccdc185	6.200000	0	0	0	0	0	0	0	0	0	93	0	0	0	0	0	0
Ccdc114	6.200000	0	0	0	0	0	0	0	0	0	93	0	0	0	0	0	0
Ap1ar	6.200000	0	0	0	0	0	0	0	0	0	93	0	0	0	0	0	0
1700028K03Rik	6.200000	0	0	0	0	0	0	0	0	0	93	0	0	0	0	0	0
Srarp	6.133333	0	0	0	0	0	0	0	0	0	0	0	0	92	0	0	0
Spp1	6.133333	0	0	0	0	0	0	0	0	0	92	0	0	0	0	0	0
Rpgrip1l	6.133333	0	0	0	0	0	0	0	0	92	0	0	0	0	0	0	0
Pdcd7	6.133333	0	0	0	0	0	0	0	0	0	92	0	0	0	0	0	0
Mocs3	6.133333	0	0	0	0	0	0	0	0	0	92	0	0	0	0	0	0
Hsf1	6.133333	0	0	0	0	0	0	0	0	0	92	0	0	0	0	0	0
Fto	6.133333	0	0	0	0	0	0	0	0	92	0	0	0	0	0	0	0
Drd3	6.133333	0	0	0	0	0	0	0	0	0	92	0	0	0	0	0	0
Drap1	6.133333	0	0	0	0	0	0	0	0	0	0	0	0	92	0	0	0
Dpm1	6.133333	0	0	0	0	0	0	0	0	0	92	0	0	0	0	0	0
Dlg3	6.133333	0	0	0	0	0	0	0	0	0	92	0	0	0	0	0	0
Comt	6.133333	0	0	0	0	0	0	0	0	0	92	0	0	0	0	0	0
Bop1	6.133333	0	0	0	0	0	0	0	0	0	92	0	0	0	0	0	0
AI837181	6.133333	0	0	0	0	0	0	0	0	0	0	0	0	92	0	0	0
2310061I04Rik	6.133333	0	0	0	0	0	0	0	0	0	92	0	0	0	0	0	0
Tbl1xr1	6.066667	0	0	0	0	0	0	0	0	0	91	0	0	0	0	0	0
Senp5	6.066667	0	0	0	0	0	0	0	0	0	91	0	0	0	0	0	0
Masp1	6.066667	0	0	0	0	0	0	0	0	0	91	0	0	0	0	0	0
Hdac7	6.066667	0	0	0	0	0	0	0	0	0	0	0	0	91	0	0	0
Gpr17	6.066667	0	0	0	0	0	0	0	0	0	91	0	0	0	0	0	0
Bloc1s2	6.066667	0	0	0	0	0	0	0	0	0	91	0	0	0	0	0	0
1700001K19Rik	6.066667	0	0	0	0	0	0	0	0	0	91	0	0	0	0	0	0
Perp	6.000000	0	0	0	0	0	0	0	0	0	90	0	0	0	0	0	0
Ndufb5	6.000000	0	0	0	0	0	0	0	0	90	0	0	0	0	0	0	0
Mrpl47	6.000000	0	0	0	0	0	0	0	0	90	0	0	0	0	0	0	0
Dph5	6.000000	0	0	0	0	0	0	0	0	0	90	0	0	0	0	0	0
Dnajc28	6.000000	0	0	0	0	0	0	0	0	0	90	0	0	0	0	0	0
Cdc14a	6.000000	0	0	0	0	0	0	0	0	0	90	0	0	0	0	0	0
6820408C15Rik	6.000000	0	0	0	0	0	0	0	0	0	90	0	0	0	0	0	0
1700034I23Rik	6.000000	0	0	0	0	0	0	0	0	0	90	0	0	0	0	0	0
Zbtb12	5.933333	0	0	0	0	0	0	0	0	0	89	0	0	0	0	0	0
Sgms1	5.933333	0	0	0	0	0	0	0	0	0	89	0	0	0	0	0	0
Sfr1	5.933333	0	0	0	0	0	0	0	0	0	0	0	0	89	0	0	0
Rpl10l	5.933333	0	0	0	0	0	0	0	0	0	0	0	0	89	0	0	0
Rhou	5.933333	0	0	0	0	0	0	0	0	0	0	0	0	89	0	0	0
Plce1	5.933333	0	0	0	0	0	0	0	0	0	0	0	0	89	0	0	0
Msantd1	5.933333	0	0	0	0	0	0	0	0	0	0	0	0	89	0	0	0
Insl6	5.933333	0	0	0	0	0	0	0	0	0	0	0	0	89	0	0	0
Eif5a2	5.933333	0	0	0	0	0	0	0	0	0	0	0	0	89	0	0	0
Ehmt2	5.933333	0	0	0	0	0	0	0	0	0	89	0	0	0	0	0	0
Clstn1	5.933333	0	0	0	0	0	0	0	0	0	89	0	0	0	0	0	0
Cdh8	5.933333	0	0	0	0	0	0	0	0	0	89	0	0	0	0	0	0
Cacng5	5.933333	0	0	0	0	0	0	0	0	0	89	0	0	0	0	0	0
Zfp536	5.866667	0	0	0	0	0	0	0	0	0	0	0	0	88	0	0	0
Sec23b	5.866667	0	0	0	0	0	0	0	0	0	88	0	0	0	0	0	0
Ppp1r27	5.866667	0	0	0	0	0	0	0	0	0	88	0	0	0	0	0	0
Msto1	5.866667	0	0	0	0	0	0	0	0	0	88	0	0	0	0	0	0
Mcrip1	5.866667	0	0	0	0	0	0	0	0	0	88	0	0	0	0	0	0
Fam227a	5.866667	0	0	0	0	0	0	0	0	0	88	0	0	0	0	0	0
Efemp2	5.866667	0	0	0	0	0	0	0	0	0	88	0	0	0	0	0	0
Cby1	5.866667	0	0	0	0	0	0	0	0	0	88	0	0	0	0	0	0
1110004F10Rik	5.866667	0	0	0	0	0	0	0	0	88	0	0	0	0	0	0	0
St7	5.733333	0	0	0	0	0	0	0	0	0	0	0	0	86	0	0	0
Ssr3	5.733333	0	0	0	0	0	0	0	0	0	86	0	0	0	0	0	0
Speer4c	5.733333	0	0	0	0	86	0	0	0	0	0	0	0	0	0	0	0
Pink1	5.733333	0	0	0	0	0	0	0	0	0	0	0	0	86	0	0	0
Parp12	5.733333	0	0	0	0	0	0	0	0	0	86	0	0	0	0	0	0
Olfr543	5.733333	0	0	0	0	0	0	0	0	0	86	0	0	0	0	0	0
Noxa1	5.733333	0	0	0	0	0	0	0	0	0	86	0	0	0	0	0	0
Marchf9	5.733333	0	0	0	0	0	0	0	0	0	86	0	0	0	0	0	0
Kctd7	5.733333	0	0	0	0	0	0	0	0	0	86	0	0	0	0	0	0
Dip2b	5.733333	0	0	0	0	0	0	0	0	0	0	0	0	86	0	0	0
Ceacam10	5.733333	0	0	0	0	0	0	0	0	0	86	0	0	0	0	0	0
Vkorc1	5.666667	0	0	0	0	0	0	0	0	0	85	0	0	0	0	0	0
Tspan15	5.666667	0	0	0	0	0	0	0	0	0	85	0	0	0	0	0	0
Thbd	5.666667	0	0	0	0	0	0	0	0	0	85	0	0	0	0	0	0
Pcyox1l	5.666667	0	0	0	0	0	0	0	0	0	85	0	0	0	0	0	0
Olfr765	5.666667	0	0	0	0	0	0	0	0	0	85	0	0	0	0	0	0
Olfr247	5.666667	0	0	0	0	0	0	0	0	0	0	0	0	85	0	0	0
Nos3	5.666667	0	0	0	0	0	0	0	0	0	0	0	0	85	0	0	0
Ndn	5.666667	0	0	0	0	0	0	0	0	0	85	0	0	0	0	0	0
Hspa14	5.666667	0	0	0	0	0	0	0	0	0	85	0	0	0	0	0	0
Gm10310	5.666667	0	0	0	0	0	0	0	0	0	0	0	0	85	0	0	0
Fignl1	5.666667	0	0	0	0	0	0	0	0	0	85	0	0	0	0	0	0
Cdnf	5.666667	0	0	0	0	0	0	0	0	0	85	0	0	0	0	0	0
Tnk2	5.600000	0	0	0	0	0	0	0	0	0	0	0	0	84	0	0	0
Stambpl1	5.600000	0	0	0	0	0	0	0	0	0	84	0	0	0	0	0	0
Phb2	5.600000	0	0	0	0	0	0	0	0	0	0	0	0	84	0	0	0
Myadml2	5.600000	0	0	0	0	0	0	0	0	0	84	0	0	0	0	0	0
Map3k20	5.600000	0	0	0	0	0	0	0	0	0	84	0	0	0	0	0	0
Gtf2h4	5.600000	0	0	0	0	0	0	0	0	84	0	0	0	0	0	0	0
Gm4779	5.600000	0	0	0	0	0	0	0	0	0	0	0	0	84	0	0	0
Erg	5.600000	0	0	0	0	0	0	0	0	0	0	0	0	84	0	0	0
Emg1	5.600000	0	0	0	0	0	0	0	0	0	0	0	0	84	0	0	0
Bicc1	5.600000	0	0	0	0	0	0	0	0	0	0	0	0	84	0	0	0
Bag3	5.600000	0	0	0	0	0	0	0	0	0	0	0	0	84	0	0	0
8030474K03Rik	5.600000	0	0	0	0	0	0	0	0	0	0	0	0	84	0	0	0
Vps16	5.533333	0	0	0	0	0	0	0	0	0	83	0	0	0	0	0	0
Vmn1r196	5.533333	0	0	0	0	0	0	0	0	0	0	0	0	83	0	0	0
Trmt61a	5.533333	0	0	0	0	0	0	0	0	0	0	0	0	83	0	0	0
Ripor3	5.533333	0	0	0	0	0	0	0	0	0	83	0	0	0	0	0	0
Pced1a	5.533333	0	0	0	0	0	0	0	0	0	83	0	0	0	0	0	0
Olfr474	5.533333	0	0	0	0	0	0	0	0	0	83	0	0	0	0	0	0
Msl3l2	5.533333	0	0	0	0	0	0	0	0	0	83	0	0	0	0	0	0
Mlc1	5.533333	0	0	0	0	0	0	0	0	0	83	0	0	0	0	0	0
Gm13570	5.533333	0	0	0	0	0	0	0	0	0	83	0	0	0	0	0	0
Wiz	5.466667	0	0	0	0	0	0	0	0	0	82	0	0	0	0	0	0
Slc24a4	5.466667	0	0	0	0	0	0	0	0	0	0	0	0	82	0	0	0
Rabgef1	5.466667	0	0	0	0	0	0	0	0	0	82	0	0	0	0	0	0
Myl12a	5.466667	0	0	0	0	0	0	0	0	0	0	0	0	82	0	0	0
Lrrtm2	5.466667	0	0	0	0	0	0	0	0	0	82	0	0	0	0	0	0
Lgals6	5.466667	0	0	0	0	0	0	0	0	0	82	0	0	0	0	0	0
Lgals4	5.466667	0	0	0	0	0	0	0	0	0	82	0	0	0	0	0	0
Kifbp	5.466667	0	0	0	0	0	0	0	0	0	82	0	0	0	0	0	0
Gm5617	5.466667	0	0	0	0	0	0	0	0	0	0	0	0	82	0	0	0
Cep120	5.466667	0	0	0	0	0	0	0	0	0	82	0	0	0	0	0	0
Npvf	5.400000	0	0	0	0	0	0	0	0	0	0	0	0	81	0	0	0
Mgarp	5.400000	0	0	0	0	0	0	0	0	0	81	0	0	0	0	0	0
Gde1	5.400000	0	0	0	0	0	0	0	0	0	81	0	0	0	0	0	0
Ccdc85b	5.400000	0	0	0	0	0	0	0	0	0	81	0	0	0	0	0	0
Asz1	5.400000	0	0	0	0	0	0	0	0	0	0	0	0	81	0	0	0
4930579F01Rik	5.400000	0	0	0	0	0	0	0	0	0	0	0	0	81	0	0	0
Zbtb9	5.333333	0	0	0	0	0	0	0	0	0	0	0	0	80	0	0	0
Nckap1	5.333333	0	0	0	0	0	0	0	0	0	80	0	0	0	0	0	0
Muc13	5.333333	0	0	0	0	0	0	0	0	0	0	0	0	80	0	0	0
Klf11	5.333333	0	0	0	0	0	0	0	0	0	0	0	0	80	0	0	0
Eif3l	5.333333	0	0	0	0	0	0	0	0	0	0	0	0	80	0	0	0
E430018J23Rik	5.333333	0	0	0	0	0	0	0	0	0	80	0	0	0	0	0	0
Abr	5.333333	0	0	0	0	0	0	0	0	0	80	0	0	0	0	0	0
Slc8a1	5.266667	0	0	0	0	0	0	0	0	0	79	0	0	0	0	0	0
Rhox3g	5.266667	0	0	0	0	0	0	0	0	0	79	0	0	0	0	0	0
Rfc4	5.266667	0	0	0	0	0	0	0	0	0	79	0	0	0	0	0	0
Gykl1	5.266667	0	0	0	0	0	0	0	0	0	79	0	0	0	0	0	0
Etnk2	5.266667	0	0	0	0	0	0	0	0	0	79	0	0	0	0	0	0
Cfap58	5.266667	0	0	0	0	0	0	0	0	0	0	0	0	79	0	0	0
Zfp882	5.200000	0	0	0	0	0	0	0	0	0	0	0	0	78	0	0	0
Wwp2	5.200000	0	0	0	0	0	0	0	0	0	78	0	0	0	0	0	0
Trp53rka	5.200000	0	0	0	0	0	0	0	0	0	0	0	0	78	0	0	0
Sqle	5.200000	0	0	0	0	0	0	0	0	0	78	0	0	0	0	0	0
Selenoo	5.200000	0	0	0	0	0	0	0	0	0	78	0	0	0	0	0	0
Ptgdr2	5.200000	0	0	0	0	0	0	0	0	0	0	0	0	78	0	0	0
Piwil1	5.200000	0	0	0	0	0	0	0	0	0	0	0	0	78	0	0	0
Ccn4	5.200000	0	0	0	0	0	0	0	0	0	0	0	0	78	0	0	0
Ccdc88b	5.200000	0	0	0	0	0	0	0	0	0	78	0	0	0	0	0	0
Zfp239	5.133333	0	0	0	0	0	0	0	0	77	0	0	0	0	0	0	0
Vmn2r82	5.133333	0	0	0	0	0	0	0	0	0	77	0	0	0	0	0	0
Rab22a	5.133333	0	0	0	0	0	0	0	0	0	77	0	0	0	0	0	0
Olfr1459	5.133333	0	0	0	0	0	0	0	0	0	77	0	0	0	0	0	0
Hebp2	5.133333	0	0	0	0	0	0	0	0	0	77	0	0	0	0	0	0
Eif2b2	5.133333	0	0	0	0	0	0	0	0	0	0	0	0	77	0	0	0
Cd1d1	5.133333	0	0	0	0	0	0	0	0	0	77	0	0	0	0	0	0
Bin2	5.133333	0	0	0	0	0	0	0	0	0	77	0	0	0	0	0	0
4933428M09Rik	5.133333	0	0	0	0	0	0	0	0	0	77	0	0	0	0	0	0
Znrf1	5.066667	0	0	0	0	0	0	0	0	0	0	0	0	76	0	0	0
Adam5	5.066667	0	0	0	0	0	0	0	0	0	0	0	0	76	0	0	0
Zrsr1	5.000000	0	0	0	0	0	0	0	0	0	75	0	0	0	0	0	0
Syngap1	5.000000	0	0	0	0	0	0	0	0	0	75	0	0	0	0	0	0
Pmch	5.000000	0	0	0	0	0	0	0	0	0	75	0	0	0	0	0	0
Mxd1	5.000000	0	0	0	0	0	0	0	0	0	75	0	0	0	0	0	0
Kcnv2	5.000000	0	0	0	0	0	0	0	0	0	75	0	0	0	0	0	0
Commd1	5.000000	0	0	0	0	0	0	0	0	0	75	0	0	0	0	0	0
Clec2l	5.000000	0	0	0	0	0	0	0	0	0	75	0	0	0	0	0	0
Ttf2	4.933333	0	0	0	0	0	0	0	0	0	74	0	0	0	0	0	0
Spx	4.933333	0	0	0	0	0	0	0	0	0	74	0	0	0	0	0	0
Prpf38b	4.933333	0	0	0	0	0	0	0	0	0	74	0	0	0	0	0	0
Olfr1495	4.933333	0	0	0	0	0	0	0	0	0	74	0	0	0	0	0	0
Gadd45gip1	4.933333	0	0	0	0	0	0	0	0	0	74	0	0	0	0	0	0
Cacna1d	4.933333	0	0	0	0	0	0	0	0	0	74	0	0	0	0	0	0
Trim7	4.800000	0	0	0	0	0	0	0	0	0	0	0	0	72	0	0	0
Prmt8	4.800000	0	0	0	0	0	0	0	0	0	0	0	0	72	0	0	0
Mettl7a2	4.800000	0	0	0	0	0	0	0	0	0	0	0	0	72	0	0	0
Methig1	4.800000	0	0	0	0	0	0	0	0	0	0	0	0	72	0	0	0
Gm27021	4.800000	0	0	0	0	0	0	0	0	0	0	0	0	72	0	0	0
Fetub	4.800000	0	0	0	0	0	0	0	0	0	72	0	0	0	0	0	0
Emc8	4.800000	0	0	0	0	0	0	0	0	0	0	0	0	72	0	0	0
Cox4i1	4.800000	0	0	0	0	0	0	0	0	0	0	0	0	72	0	0	0
Bdnf	4.800000	0	0	0	0	0	0	0	0	0	72	0	0	0	0	0	0
Ucp2	4.733333	0	0	0	0	0	0	0	0	0	71	0	0	0	0	0	0
Tars2	4.733333	0	0	0	0	0	0	0	0	0	71	0	0	0	0	0	0
Fhod3	4.733333	0	0	0	0	0	0	0	0	0	71	0	0	0	0	0	0
Olfr322	4.666667	0	0	0	0	0	0	0	0	0	0	0	0	70	0	0	0
Krtap4-16	4.666667	0	0	0	0	0	0	0	0	0	0	0	0	70	0	0	0
Itpka	4.666667	0	0	0	0	0	0	0	0	0	0	0	0	70	0	0	0
Bsg	4.666667	0	0	0	0	0	0	0	0	0	0	0	0	70	0	0	0
Gpr146	4.600000	0	0	0	0	0	0	0	0	0	69	0	0	0	0	0	0
Gm36028	4.600000	0	0	0	0	0	0	0	0	0	69	0	0	0	0	0	0
Adad1	4.600000	0	0	0	0	0	0	0	0	0	69	0	0	0	0	0	0
Klhl41	4.533333	0	0	0	0	0	0	0	0	0	68	0	0	0	0	0	0
Gm29317	4.533333	0	0	0	0	0	0	0	0	0	0	0	0	68	0	0	0
Gm28459	4.533333	0	0	0	0	0	0	0	0	0	0	0	0	68	0	0	0
Gm28093	4.533333	0	0	0	0	0	0	0	0	0	0	0	0	68	0	0	0
Gm21918	4.533333	0	0	0	0	0	0	0	0	0	0	0	0	68	0	0	0
Gm21908	4.533333	0	0	0	0	0	0	0	0	0	0	0	0	68	0	0	0
Gm21843	4.533333	0	0	0	0	0	0	0	0	0	0	0	0	68	0	0	0
Gm21810	4.533333	0	0	0	0	0	0	0	0	0	0	0	0	68	0	0	0
Gm21805	4.533333	0	0	0	0	0	0	0	0	0	0	0	0	68	0	0	0
Gm21753	4.533333	0	0	0	0	0	0	0	0	0	0	0	0	68	0	0	0
Gm21751	4.533333	0	0	0	0	0	0	0	0	0	0	0	0	68	0	0	0
Gm21745	4.533333	0	0	0	0	0	0	0	0	0	0	0	0	68	0	0	0
Gm21724	4.533333	0	0	0	0	0	0	0	0	0	0	0	0	68	0	0	0
Epn3	4.533333	0	0	0	0	0	0	0	0	0	0	0	0	68	0	0	0
Chrnb2	4.533333	0	0	0	0	0	0	0	0	0	68	0	0	0	0	0	0
Vmn2r92	4.466667	0	0	0	0	0	0	0	0	0	67	0	0	0	0	0	0
St6galnac2	4.466667	0	0	0	0	0	0	0	0	0	67	0	0	0	0	0	0
Piezo1	4.466667	0	0	0	0	0	0	0	0	0	0	0	0	67	0	0	0
Parva	4.466667	0	0	0	0	0	0	0	0	0	67	0	0	0	0	0	0
Dpp4	4.466667	0	0	0	0	0	0	0	0	0	67	0	0	0	0	0	0
Actr3b	4.466667	0	0	0	0	0	0	0	0	0	67	0	0	0	0	0	0
Wbp4	4.400000	0	0	0	0	0	0	0	0	0	66	0	0	0	0	0	0
Map3k4	4.400000	0	0	0	0	0	0	0	0	0	66	0	0	0	0	0	0
Elf1	4.400000	0	0	0	0	0	0	0	0	0	66	0	0	0	0	0	0
Abcc3	4.400000	0	0	0	0	0	0	0	0	0	0	0	0	66	0	0	0
Jag1	4.333333	0	0	0	0	0	0	0	0	0	0	0	0	65	0	0	0
Bach1	4.333333	0	0	0	0	0	0	0	0	0	65	0	0	0	0	0	0
Trub1	4.266667	0	0	0	0	0	0	0	0	0	0	0	0	64	0	0	0
Lce1m	4.266667	0	0	0	0	0	0	0	0	0	64	0	0	0	0	0	0
Crct1	4.266667	0	0	0	0	0	0	0	0	0	64	0	0	0	0	0	0
Zfp978	4.200000	0	0	0	0	0	0	0	0	0	63	0	0	0	0	0	0
Prpsap2	4.200000	0	0	0	0	0	0	0	0	0	63	0	0	0	0	0	0
Npw	4.200000	0	0	0	0	0	0	0	0	0	63	0	0	0	0	0	0
Tmem61	4.133333	0	0	0	0	0	0	0	0	0	62	0	0	0	0	0	0
Tmco6	4.133333	0	0	0	0	0	0	0	0	0	62	0	0	0	0	0	0
Ptchd3	4.133333	0	0	0	0	0	0	0	0	0	62	0	0	0	0	0	0
Nfe2	4.133333	0	0	0	0	0	0	0	0	0	62	0	0	0	0	0	0
Mycbp2	4.133333	0	0	0	0	0	0	0	0	0	62	0	0	0	0	0	0
Mocs2	4.133333	0	0	0	0	0	0	0	0	0	0	0	0	62	0	0	0
Cibar2	4.133333	0	0	0	0	0	0	0	0	0	0	0	0	62	0	0	0
Cd14	4.133333	0	0	0	0	0	0	0	0	0	62	0	0	0	0	0	0
Slc12a1	4.066667	0	0	0	0	0	0	0	0	0	61	0	0	0	0	0	0
Ncaph2	4.066667	0	0	0	0	0	0	0	0	0	0	0	0	61	0	0	0
Lmf2	4.066667	0	0	0	0	0	0	0	0	0	0	0	0	61	0	0	0
Igf2bp1	3.933333	0	0	0	0	0	0	0	0	0	59	0	0	0	0	0	0
Rbfox1	3.466667	0	0	0	0	0	0	0	0	0	0	0	0	52	0	0	0
