Target_genes	Pax3|Average	SRX5358281|mESCs,_differentiated	SRX5358282|mESCs,_differentiated	SRX5358283|mESCs,_differentiated	SRX5358284|mESCs,_differentiated	SRX5358285|mESCs,_differentiated	SRX5358286|mESCs,_differentiated	SRX5358287|mESCs,_differentiated	SRX5358288|mESCs,_differentiated	SRX5358289|mESCs,_differentiated	SRX030144|Myoblasts	STRING
Ppfibp2	468.700000	0	133	817	357	354	866	910	550	700	0	0
Ddx39b	304.400000	0	152	462	228	222	662	424	320	574	0	0
Brox	253.700000	137	141	315	179	138	314	224	0	0	1089	0
Aida	253.700000	137	141	315	179	138	314	224	0	0	1089	0
Elp1	238.200000	0	0	587	0	0	527	333	407	528	0	0
Abitram	238.200000	0	0	587	0	0	527	333	407	528	0	0
Cyp17a1	237.800000	0	0	0	361	321	467	219	534	476	0	0
Metap1	229.800000	0	0	373	152	159	297	326	310	437	244	0
Trim26	211.100000	0	0	276	109	0	604	357	402	363	0	0
Hdac5	208.500000	0	0	504	165	174	240	339	186	266	211	0
Scn2a	197.700000	0	0	206	0	107	266	275	149	328	646	0
Hkdc1	194.500000	0	0	0	230	335	435	177	240	216	312	0
Serbp1	185.800000	0	0	0	149	256	406	330	248	241	228	0
S100a13	183.700000	0	0	341	0	0	555	232	309	400	0	0
S100a1	183.700000	0	0	341	0	0	555	232	309	400	0	0
Chtop	183.700000	0	0	341	0	0	555	232	309	400	0	0
Ptdss1	178.000000	0	0	262	162	0	337	345	183	342	149	0
Mterf3	178.000000	0	0	262	162	0	337	345	183	342	149	0
Arhgap35	170.900000	0	0	358	92	70	336	258	389	206	0	0
Prrx1	170.200000	0	0	384	104	133	250	254	198	253	126	0
Vcam1	166.600000	0	0	280	231	174	313	199	212	257	0	0
Tenm4	163.100000	0	0	0	116	99	464	418	223	311	0	0
Fuca2	160.300000	0	0	0	276	267	313	221	296	230	0	0
Hes3	153.100000	0	0	217	173	195	312	0	228	230	176	0
Samd5	136.600000	0	0	0	259	335	277	0	326	169	0	0
Itch	136.600000	0	0	0	135	153	321	241	300	216	0	0
Tcstv3	135.000000	0	0	0	0	0	0	0	0	0	1350	0
Asph	134.600000	0	0	265	0	99	335	278	174	195	0	0
Tmem178	132.000000	0	0	0	203	298	235	132	220	232	0	0
Akirin2	128.200000	0	0	0	0	88	357	276	135	185	241	0
Prdm12	126.100000	0	0	0	159	200	304	239	203	156	0	0
Cdh11	124.300000	0	0	0	114	146	250	216	215	302	0	0
Klf15	122.600000	0	0	141	96	187	284	146	167	205	0	0
Kpna1	121.700000	0	0	0	245	203	0	0	0	0	769	0
Tbc1d7	121.000000	0	0	171	165	0	323	190	235	0	126	0
Epha4	117.700000	0	0	0	136	125	320	221	144	231	0	0
Zc2hc1b	116.500000	0	0	229	130	0	220	290	142	154	0	0
Zmym4	114.900000	0	0	89	63	107	233	173	189	159	136	0
Kri1	114.000000	0	0	173	0	0	324	225	186	232	0	0
Cdkn2d	114.000000	0	0	173	0	0	324	225	186	232	0	0
Pi4k2a	113.000000	0	0	241	0	0	228	278	159	224	0	0
Morn4	113.000000	0	0	241	0	0	228	278	159	224	0	0
Frmd5	112.800000	0	0	175	67	112	195	141	200	238	0	0
Entpd3	112.400000	0	0	288	95	110	270	0	157	204	0	0
Mterf2	110.300000	0	0	117	142	0	253	158	192	241	0	0
Gpsm1	109.900000	0	0	0	100	112	243	155	177	312	0	0
Vwa8	103.400000	0	0	0	0	94	239	186	198	317	0	0
Tex44	102.000000	0	285	0	303	432	0	0	0	0	0	0
Sult3a2	101.800000	0	0	0	220	220	393	0	185	0	0	0
Xrcc1	99.900000	0	0	0	280	191	272	109	0	147	0	0
Pinlyp	99.900000	0	0	0	280	191	272	109	0	147	0	0
Pik3cb	99.200000	0	0	0	0	0	292	258	231	211	0	0
Dux	98.200000	209	0	123	0	0	193	176	92	189	0	0
Themis	97.300000	0	0	0	102	156	271	0	228	216	0	0
Pop7	95.300000	0	0	167	0	0	260	150	184	192	0	0
Lrp10	94.900000	0	0	289	0	0	197	148	80	235	0	0
Myh2	94.600000	0	0	0	0	0	348	165	228	205	0	0
Ccl5	94.600000	0	0	0	167	108	317	0	0	0	354	0
Myo5b	94.400000	0	0	0	253	213	312	0	166	0	0	0
Zfp991	93.700000	0	0	0	0	0	315	205	187	230	0	0
Tmem158	93.400000	0	0	0	119	143	147	214	120	191	0	0
Elmod2	90.600000	0	0	0	120	0	247	204	0	335	0	0
Slc1a2	88.700000	0	0	0	0	139	0	142	0	0	606	0
Rabif	88.100000	0	0	0	335	373	173	0	0	0	0	0
Eif4ebp1	87.100000	0	0	0	166	164	132	0	157	0	252	0
Hjurp	86.500000	0	0	0	0	0	83	0	0	0	782	0
A730008H23Rik	86.500000	0	0	0	0	0	83	0	0	0	782	0
Npas4	86.300000	0	0	0	0	0	0	0	0	0	863	0
Smim17	84.600000	0	0	0	0	0	0	0	0	0	846	0
Gm4981	83.600000	158	0	123	0	0	181	187	0	187	0	0
Igfbp5	82.800000	0	0	0	0	99	245	188	126	170	0	0
Spred3	81.700000	0	0	0	0	0	443	132	134	108	0	0
Ggn	81.700000	0	0	0	0	0	443	132	134	108	0	0
Cldn34d	81.700000	0	0	0	0	0	233	0	0	0	584	0
Nudt1	81.500000	0	0	0	0	0	270	160	187	198	0	0
Ldb1	79.900000	0	0	142	196	310	151	0	0	0	0	0
Jun	79.700000	0	0	165	93	0	203	183	0	153	0	0
Dbpht2	79.000000	0	0	0	0	137	0	109	0	101	443	0
Tigd4	78.700000	0	0	107	74	0	190	97	134	185	0	0
Zfp872	78.400000	0	0	0	0	0	239	136	180	229	0	0
Usp6nl	78.000000	0	0	0	155	149	176	0	150	0	150	0
Abhd11	77.200000	0	0	0	0	0	0	0	0	0	772	0
Ttc24	76.300000	0	0	135	0	0	194	93	130	211	0	0
Iqgap3	76.300000	0	0	135	0	0	194	93	130	211	0	0
Bahcc1	75.100000	0	0	0	127	0	242	0	231	151	0	0
Wdr46	74.800000	0	0	141	0	0	156	134	150	167	0	0
Pfdn6	74.800000	0	0	141	0	0	156	134	150	167	0	0
Lefty2	74.400000	0	0	155	0	0	246	0	165	178	0	0
Myo10	74.200000	0	0	139	86	0	136	222	0	159	0	0
Sspn	74.100000	0	0	0	0	0	281	0	0	212	248	0
Rps19	71.700000	0	0	142	0	0	183	182	0	210	0	0
Ubc	71.600000	199	0	181	0	173	163	0	0	0	0	0
Denn2b	71.200000	0	0	0	87	104	176	201	0	144	0	0
Rars	70.800000	0	0	0	0	0	305	112	141	150	0	0
Zfp3	70.700000	0	0	0	0	108	243	0	213	0	143	0
Lmo7	70.400000	0	0	0	127	181	180	0	0	216	0	0
Zbtb22	68.500000	0	0	0	0	0	269	172	123	121	0	0
Tapbp	68.500000	0	0	0	0	0	269	172	123	121	0	0
Gm11837	68.200000	0	0	0	0	0	320	202	160	0	0	0
Stt3a	68.100000	0	0	0	0	0	250	166	99	166	0	0
Enthd1	67.900000	0	0	0	76	0	165	0	0	0	438	0
Stmn2	67.200000	0	0	0	87	136	255	0	194	0	0	0
Fnbp4	67.200000	0	0	0	0	0	261	126	155	130	0	0
Ifnab	66.500000	0	0	0	0	0	0	0	0	0	665	0
Wdr81	66.400000	0	0	139	0	0	207	243	0	75	0	0
Aff1	66.200000	0	0	0	161	121	0	100	0	0	280	0
Tssk6	66.000000	0	0	0	0	0	195	108	0	183	174	0
Ndufa13	66.000000	0	0	0	0	0	195	108	0	183	174	0
Abhd4	65.700000	0	0	0	0	0	245	280	132	0	0	0
Celsr3	65.500000	0	0	0	0	0	0	0	0	0	655	0
Nxt1	65.200000	0	0	0	98	0	0	178	0	207	169	0
Cyb5r4	65.200000	0	0	0	0	0	0	0	0	0	652	0
Usp12	64.900000	0	0	0	97	169	0	91	146	146	0	0
Cd59b	64.300000	0	0	0	81	0	223	0	199	140	0	0
Trp63	64.200000	0	0	0	0	0	184	111	171	176	0	0
Ipo5	64.000000	0	0	175	0	0	158	151	0	156	0	0
Srsf10	63.500000	0	0	198	72	0	211	0	0	154	0	0
Als2	63.200000	0	0	170	0	0	179	139	0	144	0	0
Cd8a	62.800000	0	0	0	0	0	106	126	236	160	0	0
Rmdn2	62.600000	0	0	0	118	94	178	0	0	236	0	0
Swi5	62.300000	0	0	0	0	0	232	0	225	166	0	0
Olfr806	62.300000	0	0	0	0	0	0	0	0	0	623	0
Golga2	62.300000	0	0	0	0	0	232	0	225	166	0	0
Jmjd1c	61.900000	0	0	0	0	0	0	160	141	0	318	0
Pak1	61.700000	0	0	0	169	152	186	0	110	0	0	0
Dbx1	61.400000	0	0	138	0	0	153	176	147	0	0	0
Timm50	61.200000	0	0	275	0	0	203	0	0	134	0	0
Nmu	61.100000	0	0	0	0	151	174	0	132	154	0	0
Coq8a	61.100000	0	0	0	0	115	140	170	0	186	0	0
Sgpp1	60.600000	0	0	0	0	0	180	0	146	144	136	0
H3c15	60.600000	0	0	0	0	0	169	159	0	178	100	0
H3c14	60.600000	0	0	0	0	0	169	159	0	178	100	0
H2ac19	60.600000	0	0	0	0	0	169	159	0	178	100	0
H2ac18	60.600000	0	0	0	0	0	169	159	0	178	100	0
Wwox	60.400000	0	0	0	0	0	0	0	0	0	604	0
Eml1	60.300000	0	0	0	0	117	128	218	0	0	140	0
Cdhr1	60.300000	0	0	0	0	0	289	0	184	130	0	0
Surf2	59.800000	0	0	0	144	126	0	0	0	0	328	0
Surf1	59.800000	0	0	0	144	126	0	0	0	0	328	0
Ppp1r15a	59.800000	0	0	0	0	0	213	215	0	170	0	0
Plekha4	59.800000	0	0	0	0	0	213	215	0	170	0	0
Taf15	59.700000	0	0	157	0	75	172	193	0	0	0	0
Fcho2	59.300000	0	0	0	0	0	255	0	164	174	0	0
Olfr1080	58.800000	0	0	0	0	0	174	0	198	216	0	0
Rsbn1l	58.200000	0	0	0	0	0	121	107	0	93	261	0
Cacng2	57.900000	0	0	0	0	0	0	0	0	0	579	0
Msx1	57.700000	0	0	268	0	0	160	0	149	0	0	0
Csrp2	56.900000	0	0	0	0	0	273	142	0	154	0	0
Ect2l	56.600000	0	0	0	91	88	95	167	0	125	0	0
Cltb	56.400000	0	0	0	136	213	119	0	96	0	0	0
Abhd6	56.200000	0	0	0	0	0	0	0	0	0	562	0
Hmg20b	56.000000	0	0	0	0	0	184	0	149	227	0	0
Chrna5	55.700000	0	0	0	0	0	262	172	123	0	0	0
Pkm	55.000000	0	0	0	0	0	244	187	0	119	0	0
Tbc1d30	54.800000	0	0	0	0	114	115	0	139	0	180	0
Ung	54.500000	0	0	0	0	0	151	0	240	154	0	0
Alkbh2	54.500000	0	0	0	0	0	151	0	240	154	0	0
Drd2	54.400000	0	0	0	0	0	167	120	138	119	0	0
Slc1a5	54.000000	0	0	0	0	0	315	0	225	0	0	0
Tmem33	53.700000	0	0	0	0	0	185	0	161	191	0	0
Pknox1	53.600000	0	0	0	0	0	239	131	166	0	0	0
Nfkb1	52.900000	0	0	176	0	0	205	0	148	0	0	0
Scrt1	52.600000	0	0	0	0	0	0	0	0	0	526	0
Nipsnap2	52.600000	0	0	0	0	0	100	179	0	105	142	0
Tnk2	52.300000	0	0	0	0	123	116	0	0	0	284	0
Tbata	52.300000	0	0	160	0	0	194	0	169	0	0	0
Vstm2l	51.900000	0	0	0	0	0	144	0	0	0	375	0
Gadd45b	51.600000	0	0	0	0	84	89	143	0	0	200	0
Rnasel	50.900000	0	0	0	0	0	197	168	144	0	0	0
Disp2	50.800000	0	0	0	0	0	0	0	0	0	508	0
Kdm3b	50.500000	0	0	0	111	86	133	0	0	0	175	0
Bzw1	50.500000	0	0	0	0	0	335	170	0	0	0	0
Rab4b	50.400000	0	0	0	122	0	200	182	0	0	0	0
Mia	50.400000	0	0	0	122	0	200	182	0	0	0	0
Glra1	50.400000	0	0	0	0	0	0	0	0	0	504	0
Cdh6	50.000000	0	0	0	0	77	162	134	0	127	0	0
Sfxn4	49.800000	0	0	0	0	0	162	0	158	178	0	0
Gm15319	49.800000	130	0	0	0	0	150	0	0	218	0	0
Gprin1	49.600000	0	0	0	0	0	0	0	0	0	496	0
Atl3	49.600000	0	0	0	0	0	226	130	0	140	0	0
Vps45	49.300000	0	0	0	111	0	218	0	164	0	0	0
Gm8978	49.200000	0	0	0	0	159	162	0	171	0	0	0
Taf12	48.800000	0	0	0	0	0	75	0	0	0	413	0
Tjp3	47.600000	0	0	0	0	0	220	0	0	256	0	0
Sfi1	47.600000	0	0	84	0	0	0	0	125	188	79	0
Nup54	47.100000	0	0	156	0	0	210	0	105	0	0	0
Mbnl3	47.100000	0	0	0	0	144	109	0	110	108	0	0
Rcc2	46.700000	0	0	0	166	118	183	0	0	0	0	0
Wdr92	46.600000	0	0	0	0	0	197	0	122	147	0	0
Pno1	46.600000	0	0	0	0	0	197	0	122	147	0	0
Tnfsfm13	46.400000	0	0	0	0	102	221	0	141	0	0	0
Tnfsf12	46.400000	0	0	0	0	102	221	0	141	0	0	0
Gtf3c6	46.400000	0	0	0	0	0	0	0	0	0	464	0
Adar	46.400000	0	0	0	0	127	185	0	152	0	0	0
Snap25	46.200000	0	0	0	0	0	0	0	0	0	462	0
Rit2	46.100000	0	0	0	93	186	182	0	0	0	0	0
Ppp2r1b	46.100000	0	0	0	174	168	119	0	0	0	0	0
Optn	46.000000	0	0	0	0	0	208	0	77	175	0	0
Spaca9	45.700000	0	0	188	92	0	177	0	0	0	0	0
Hmx2	45.700000	0	0	0	0	0	165	139	0	153	0	0
Ak8	45.700000	0	0	188	92	0	177	0	0	0	0	0
Abcg2	45.700000	0	0	0	0	0	105	178	0	174	0	0
Nfia	45.400000	0	0	0	64	73	138	179	0	0	0	0
Ccdc81	45.300000	0	0	0	0	0	162	166	0	0	125	0
Trmt1	44.800000	0	0	0	0	0	122	156	0	170	0	0
Nacc1	44.800000	0	0	0	0	0	122	156	0	170	0	0
Csf2ra	44.500000	0	0	0	0	0	0	0	0	0	445	0
Vgf	44.000000	0	0	0	0	0	0	0	0	0	440	0
Sema4b	44.000000	0	0	0	0	0	127	118	0	195	0	0
Ing4	44.000000	0	0	0	0	0	163	0	132	145	0	0
Zfp688	43.700000	0	0	0	0	0	165	0	0	148	124	0
Golga7b	43.600000	0	0	0	0	0	0	0	0	0	436	0
Il12rb2	43.400000	0	0	0	166	113	0	0	0	155	0	0
Stap1	42.800000	0	0	0	101	0	176	151	0	0	0	0
Il31ra	42.800000	0	0	0	0	0	0	0	0	0	428	0
Cenpc1	42.800000	0	0	0	101	0	176	151	0	0	0	0
Meltf	42.000000	0	0	0	91	96	106	0	0	127	0	0
Aadacl2fm1	42.000000	0	0	0	0	0	0	0	0	0	420	0
Nrp2	41.900000	0	0	0	0	0	309	110	0	0	0	0
Gmppb	41.900000	0	0	0	0	0	234	0	185	0	0	0
B3glct	41.900000	0	0	0	0	0	185	0	0	234	0	0
Amigo3	41.900000	0	0	0	0	0	234	0	185	0	0	0
Cpvl	41.800000	0	0	0	0	116	155	0	0	147	0	0
Ifna7	41.600000	0	0	0	0	0	0	0	0	0	416	0
Ifna11	41.600000	0	0	0	0	0	0	0	0	0	416	0
Insm2	41.300000	0	0	0	0	0	0	0	0	0	413	0
Nrxn1	41.200000	0	0	0	0	0	0	0	0	0	412	0
Nkx1-1	40.900000	0	0	0	0	0	0	0	0	0	409	0
Slc12a5	40.400000	0	0	0	0	0	0	0	0	0	404	0
Ccdc86	40.200000	0	0	0	0	0	197	205	0	0	0	0
B3galt1	40.000000	0	0	0	0	0	185	0	0	215	0	0
Ifna13	39.600000	0	0	0	0	0	0	0	0	0	396	0
Xkr7	39.400000	0	0	0	0	0	0	0	0	0	394	0
Tspan3	39.400000	0	0	0	0	120	0	0	120	154	0	0
Mrps2	39.400000	0	0	0	121	133	0	0	0	0	140	0
Med30	39.300000	0	0	0	137	156	100	0	0	0	0	0
Il4ra	39.300000	0	0	0	0	0	193	0	0	200	0	0
Eif4enif1	39.200000	0	0	0	0	0	0	0	125	188	79	0
Wipf2	39.100000	0	0	0	0	63	136	0	0	192	0	0
Gramd1b	39.100000	0	0	0	0	130	125	136	0	0	0	0
Stox2	38.200000	0	0	0	0	0	116	149	0	117	0	0
Map3k4	38.000000	0	0	0	0	88	152	0	0	140	0	0
Zhx3	37.900000	0	0	0	0	0	211	0	168	0	0	0
Scrn1	37.600000	0	0	0	0	0	205	0	0	0	171	0
Vwc2l	36.900000	0	0	0	0	0	0	0	0	0	369	0
Odc1	36.900000	0	0	0	125	0	244	0	0	0	0	0
Neurod1	36.700000	0	0	0	0	0	0	0	0	0	367	0
Rtbdn	36.500000	0	0	0	0	0	0	0	0	0	365	0
Naa50	36.500000	0	0	0	0	0	173	0	0	192	0	0
Atp6v1a	36.500000	0	0	0	0	0	173	0	0	192	0	0
Mfsd1	36.300000	0	0	0	0	0	187	0	0	176	0	0
Speer4d	36.000000	0	0	0	0	0	83	0	96	181	0	0
Vmn1r189	35.800000	0	0	0	0	173	185	0	0	0	0	0
Sult1b1	35.800000	0	0	0	0	0	0	0	158	200	0	0
Abhd17b	35.700000	0	0	0	0	0	184	173	0	0	0	0
1110059E24Rik	35.700000	0	0	0	0	0	184	173	0	0	0	0
Hhip	35.600000	0	0	0	0	0	123	139	94	0	0	0
Osgepl1	35.400000	0	0	0	95	0	122	0	0	0	137	0
Sirt4	35.200000	0	0	0	0	0	0	0	0	0	352	0
Gm3667	35.000000	0	0	140	0	0	145	0	0	65	0	0
Dtnb	35.000000	0	0	0	0	0	87	144	119	0	0	0
Kcnmb3	34.900000	0	0	0	0	74	123	0	0	0	152	0
Pyy	34.800000	0	0	348	0	0	0	0	0	0	0	0
Mapk8ip2	34.600000	0	0	0	0	0	0	0	0	0	346	0
Gja10	34.600000	0	0	0	0	0	0	0	0	0	346	0
6720489N17Rik	34.500000	0	0	177	0	0	0	0	168	0	0	0
Micu2	34.300000	0	0	0	0	0	194	0	0	149	0	0
Ifna12	34.300000	0	0	0	0	0	0	0	0	0	343	0
H4c14	34.100000	0	0	0	0	0	181	160	0	0	0	0
H3c13	34.100000	0	0	0	0	0	181	160	0	0	0	0
Fgf6	34.100000	0	0	0	103	87	151	0	0	0	0	0
Cacng3	34.000000	0	0	0	0	0	0	0	0	0	340	0
Tmem107	33.700000	0	0	0	0	0	0	0	0	0	337	0
Snai1	33.400000	0	0	0	0	0	186	0	0	148	0	0
Zfp408	33.300000	0	0	0	0	0	0	0	0	0	333	0
Oasl1	33.300000	0	0	0	0	0	0	0	0	0	333	0
Arhgap1	33.300000	0	0	0	0	0	0	0	0	0	333	0
Hoxb9	33.100000	0	0	0	157	109	65	0	0	0	0	0
Gm21149	33.100000	0	0	118	0	0	132	81	0	0	0	0
Tex14	32.900000	0	0	0	0	0	0	0	0	0	329	0
Lrrc8a	32.900000	0	0	0	0	0	187	0	0	142	0	0
Erbb3	32.900000	0	0	0	0	0	138	0	191	0	0	0
Dnajb9	32.900000	0	0	0	0	0	183	0	146	0	0	0
Parp4	32.600000	0	0	0	0	0	157	0	169	0	0	0
Homez	32.600000	0	0	0	0	0	157	0	169	0	0	0
Cenpj	32.600000	0	0	0	0	0	157	0	169	0	0	0
Map3k7cl	32.300000	0	0	0	0	104	0	0	0	85	134	0
Mrps15	32.100000	0	0	165	0	0	156	0	0	0	0	0
Hcn1	32.100000	0	0	0	0	0	0	0	0	0	321	0
Olfr1373	32.000000	0	0	0	102	80	138	0	0	0	0	0
Scn8a	31.900000	0	0	0	0	0	174	0	145	0	0	0
Focad	31.700000	0	0	0	0	0	197	0	120	0	0	0
Clcn3	31.700000	0	0	0	103	0	0	0	99	115	0	0
Smarce1	31.600000	0	0	0	0	0	197	0	0	119	0	0
Dsp	31.500000	0	0	0	84	111	0	0	0	0	120	0
Sez6l2	31.200000	0	0	0	0	0	0	0	0	0	312	0
Asphd1	31.200000	0	0	0	0	0	0	0	0	0	312	0
Asmt	31.200000	0	0	0	0	0	0	0	0	0	312	0
Scgn	31.100000	0	0	0	0	0	0	0	0	0	311	0
Lin9	31.000000	0	0	0	0	0	189	0	121	0	0	0
Slc39a3	30.900000	0	0	0	0	0	0	0	0	0	309	0
Spc24	30.800000	0	0	0	0	0	193	0	0	115	0	0
Lef1	30.800000	0	0	0	0	0	140	0	168	0	0	0
Itpkb	30.300000	0	0	0	109	97	0	0	97	0	0	0
Gm9758	30.300000	0	0	181	0	0	122	0	0	0	0	0
Ccdc92b	30.300000	0	0	0	0	0	0	0	0	0	303	0
Pkp4	30.200000	0	0	92	70	0	140	0	0	0	0	0
Ccdc148	30.200000	0	0	92	70	0	140	0	0	0	0	0
Cavin4	30.200000	0	0	0	0	0	0	0	0	0	302	0
Prelid3a	30.100000	0	0	0	0	0	125	176	0	0	0	0
BC048679	30.000000	0	0	0	0	0	0	0	0	0	300	0
Ap3b2	30.000000	0	0	0	0	0	0	0	0	0	300	0
Snai2	29.900000	0	0	0	0	0	159	0	0	140	0	0
Sytl2	29.800000	0	0	0	0	145	153	0	0	0	0	0
Mcoln2	29.800000	0	0	0	0	123	78	0	0	97	0	0
Resp18	29.700000	0	0	0	0	0	0	0	0	0	297	0
Krt23	29.700000	0	0	0	165	132	0	0	0	0	0	0
Pcsk2	29.500000	0	0	0	0	0	0	0	0	0	295	0
Acta1	29.500000	0	0	120	0	0	0	0	0	0	175	0
Il34	29.400000	0	0	0	86	0	208	0	0	0	0	0
Cgref1	29.400000	0	0	0	0	0	152	0	142	0	0	0
Abhd1	29.400000	0	0	0	0	0	152	0	142	0	0	0
Pappa	29.300000	0	84	209	0	0	0	0	0	0	0	0
Hspa8	29.300000	0	0	0	0	0	173	0	0	120	0	0
Gapt	29.100000	0	0	0	0	0	0	0	0	0	291	0
Chst15	29.100000	0	0	0	126	165	0	0	0	0	0	0
Nae1	29.000000	0	0	0	0	0	140	150	0	0	0	0
Car7	29.000000	0	0	0	0	0	140	150	0	0	0	0
Ptpn12	28.800000	0	0	0	0	0	0	0	0	0	288	0
Fam207a	28.800000	0	0	0	0	0	133	0	0	155	0	0
Esr1	28.800000	0	0	0	0	0	0	0	0	0	288	0
Ehd4	28.800000	0	0	0	0	0	169	0	0	119	0	0
Nefh	28.700000	0	0	0	0	0	0	0	0	0	287	0
Lrrc36	28.700000	0	0	0	0	0	0	0	0	0	287	0
Ap1b1	28.700000	0	0	0	0	0	0	0	0	0	287	0
Pcdh17	28.500000	0	0	0	132	0	0	0	0	0	153	0
BC107364	28.500000	0	0	0	0	0	0	0	0	0	285	0
Znhit3	28.300000	0	0	0	0	128	155	0	0	0	0	0
Pgap1	28.200000	0	0	0	0	0	0	0	0	0	282	0
Pde1b	27.800000	0	0	0	0	0	158	0	120	0	0	0
Cdc42ep3	27.800000	0	0	0	0	0	126	152	0	0	0	0
Aldh1l2	27.800000	0	0	0	0	88	94	0	0	96	0	0
Tmem145	27.700000	0	0	0	0	0	0	0	0	0	277	0
Ccdc28b	27.600000	0	0	0	0	0	174	0	102	0	0	0
Chgb	27.500000	0	0	0	0	0	0	0	0	0	275	0
Tmem125	27.400000	0	0	0	0	0	0	0	0	0	274	0
Nub1	27.400000	0	0	0	136	138	0	0	0	0	0	0
Gm2237	27.400000	0	0	0	0	0	157	0	0	117	0	0
Atf4	27.300000	0	0	0	0	0	114	159	0	0	0	0
Stk35	27.200000	0	0	0	0	0	137	135	0	0	0	0
Itgb3	27.000000	0	0	0	0	0	0	0	0	0	270	0
Slc25a17	26.800000	0	0	0	0	0	175	93	0	0	0	0
Rabl3	26.800000	0	0	150	0	0	0	118	0	0	0	0
Nefm	26.800000	0	0	0	0	0	0	0	0	0	268	0
Gtf2e1	26.800000	0	0	150	0	0	0	118	0	0	0	0
Ccnl1	26.800000	0	0	0	0	0	127	0	0	141	0	0
Eapp	26.700000	0	0	0	0	0	0	0	0	0	267	0
Hey1	26.600000	0	0	0	0	0	122	144	0	0	0	0
Snrnp48	26.500000	0	0	0	0	66	0	199	0	0	0	0
Reep3	26.400000	0	0	0	112	0	152	0	0	0	0	0
Eif3h	26.400000	0	0	0	0	0	0	57	0	0	207	0
Cnpy2	26.400000	0	0	105	0	0	159	0	0	0	0	0
Arhgef18	26.300000	0	0	0	94	0	0	0	0	169	0	0
Inpp5f	26.200000	0	0	0	0	0	128	0	134	0	0	0
Copz1	26.000000	0	0	0	0	0	0	0	0	0	260	0
Cav1	26.000000	0	0	0	0	86	174	0	0	0	0	0
Rpl9	25.900000	0	0	0	0	0	155	0	0	104	0	0
Lias	25.900000	0	0	0	0	0	155	0	0	104	0	0
Fancc	25.800000	0	0	0	0	0	258	0	0	0	0	0
Sde2	25.500000	0	0	0	0	0	142	0	0	113	0	0
Scg2	25.500000	0	0	0	0	0	0	0	0	0	255	0
Psmg4	25.300000	0	0	0	102	151	0	0	0	0	0	0
Gm51425	25.300000	0	0	0	0	0	179	0	74	0	0	0
Rps5	25.200000	0	0	0	0	101	151	0	0	0	0	0
Mysm1	25.200000	0	0	0	118	0	134	0	0	0	0	0
Ushbp1	25.000000	0	0	0	0	0	104	0	0	146	0	0
Ifna15	25.000000	0	0	0	0	0	0	0	0	0	250	0
Babam1	25.000000	0	0	0	0	0	104	0	0	146	0	0
Xrcc5	24.600000	0	0	0	0	0	0	120	0	0	126	0
Ctcf	24.600000	0	0	0	75	95	76	0	0	0	0	0
Ubxn6	24.500000	0	0	0	125	120	0	0	0	0	0	0
Lfng	24.500000	0	0	0	0	0	107	138	0	0	0	0
Hdgfl2	24.500000	0	0	0	125	120	0	0	0	0	0	0
Ypel5	24.400000	0	0	0	76	168	0	0	0	0	0	0
Trim14	24.400000	0	0	244	0	0	0	0	0	0	0	0
Polg	24.400000	0	0	0	0	0	136	0	0	0	108	0
Hhatl	24.400000	0	0	0	0	0	0	0	0	0	244	0
Rnmt	24.300000	0	0	0	152	0	91	0	0	0	0	0
Plxnc1	24.300000	0	0	0	0	0	0	0	243	0	0	0
Lin28a	24.300000	0	0	0	0	0	0	0	0	0	243	0
Fam210a	24.300000	0	0	0	152	0	91	0	0	0	0	0
Gad2	24.200000	0	0	0	0	0	0	0	0	0	242	0
Fbxl16	24.200000	0	0	0	0	0	0	0	0	0	242	0
Ciao2b	24.100000	0	0	0	131	110	0	0	0	0	0	0
Adat1	24.100000	0	0	0	0	0	241	0	0	0	0	0
Vmn2r102	24.000000	0	0	0	0	0	0	0	0	0	240	0
Ncapg	24.000000	0	0	0	0	0	0	142	0	98	0	0
Dchs2	23.900000	0	0	0	0	0	0	0	0	0	239	0
Cnr1	23.900000	0	0	0	0	0	239	0	0	0	0	0
Pomgnt1	23.600000	0	0	0	0	0	129	0	107	0	0	0
Ifna5	23.600000	0	0	0	0	0	0	0	0	0	236	0
Adh5	23.600000	0	0	0	118	118	0	0	0	0	0	0
Vps26a	23.300000	0	0	0	0	0	135	0	0	98	0	0
Rel	23.300000	0	0	0	0	0	147	0	86	0	0	0
Rab2a	23.300000	0	0	0	0	0	233	0	0	0	0	0
Itprip	23.300000	0	0	0	0	0	121	0	112	0	0	0
Isyna1	23.300000	0	0	0	0	0	233	0	0	0	0	0
Gadd45a	23.300000	0	0	0	0	0	0	69	0	164	0	0
Tef	23.200000	0	0	0	0	0	110	0	0	0	122	0
Pkn3	23.100000	0	0	0	0	0	155	0	0	76	0	0
Ifna9	23.100000	0	0	0	0	0	0	0	0	0	231	0
Fam110b	23.100000	0	0	0	0	104	127	0	0	0	0	0
Iqsec3	23.000000	0	0	0	0	0	0	0	0	0	230	0
Tanc2	22.900000	0	0	0	0	0	229	0	0	0	0	0
Cstl1	22.800000	0	0	0	0	0	0	0	0	0	228	0
Ccdc8	22.800000	0	0	0	0	0	228	0	0	0	0	0
Nmnat2	22.400000	0	0	0	0	0	0	0	0	0	224	0
Chst14	22.400000	0	0	224	0	0	0	0	0	0	0	0
Akain1	22.300000	0	0	0	0	0	0	0	0	0	223	0
Tmem181a	22.200000	0	0	0	0	0	0	0	0	0	222	0
Ccdc185	22.200000	0	0	0	121	101	0	0	0	0	0	0
Asphd2	22.200000	0	0	0	0	0	222	0	0	0	0	0
Npnt	22.100000	0	0	0	0	71	150	0	0	0	0	0
Ifnz	22.100000	0	0	221	0	0	0	0	0	0	0	0
Gm13290	22.100000	0	0	221	0	0	0	0	0	0	0	0
Gm13289	22.100000	0	0	221	0	0	0	0	0	0	0	0
Gm13285	22.100000	0	0	221	0	0	0	0	0	0	0	0
Gm13276	22.100000	0	0	221	0	0	0	0	0	0	0	0
Gm13272	22.100000	0	0	221	0	0	0	0	0	0	0	0
Fam136a	22.100000	0	0	0	99	122	0	0	0	0	0	0
Ugdh	22.000000	0	0	0	112	108	0	0	0	0	0	0
Ptprn	22.000000	0	0	0	0	0	0	0	0	0	220	0
Pclo	22.000000	0	0	0	0	0	0	0	0	0	220	0
Nrsn1	22.000000	0	0	0	0	0	0	0	0	0	220	0
Eid2	21.800000	0	0	0	0	0	0	0	0	0	218	0
Scnn1g	21.700000	0	0	0	0	0	0	0	0	0	217	0
Marchf11	21.700000	0	0	0	0	0	0	0	0	0	217	0
Lin28b	21.600000	0	0	88	0	128	0	0	0	0	0	0
Gm21083	21.600000	0	0	0	0	0	94	0	0	122	0	0
Rab11fip4	21.500000	0	0	0	0	0	0	0	0	0	215	0
Tent5c	21.400000	0	0	0	0	0	0	0	0	0	214	0
Runx1	21.400000	0	0	0	0	0	0	0	74	140	0	0
Slc17a6	21.300000	0	0	0	0	0	0	0	0	0	213	0
Gabbr2	21.300000	0	0	0	0	0	0	0	0	0	213	0
Wdr55	21.200000	0	0	0	0	0	212	0	0	0	0	0
Spock1	21.200000	0	0	0	0	0	0	0	212	0	0	0
Inpp5a	21.200000	0	0	0	0	0	212	0	0	0	0	0
Svop	21.100000	0	0	0	0	0	0	0	0	0	211	0
Pthlh	21.100000	0	0	0	0	0	0	0	0	0	211	0
Ifna6	21.100000	0	0	0	0	0	0	0	0	0	211	0
Rdm1	21.000000	0	0	0	0	0	0	0	0	0	210	0
Ogdhl	20.700000	0	0	0	0	0	0	0	0	0	207	0
Gm14092	20.600000	0	0	0	0	142	0	0	0	64	0	0
Crebzf	20.600000	0	0	0	0	0	0	0	0	0	206	0
Zkscan2	20.500000	0	0	0	0	0	0	0	0	0	205	0
4931408C20Rik	20.500000	0	0	127	0	0	78	0	0	0	0	0
Gcnt4	20.400000	0	0	0	0	0	109	0	95	0	0	0
Plppr1	20.300000	0	0	0	0	203	0	0	0	0	0	0
Milr1	20.200000	0	0	0	0	0	0	0	72	0	130	0
Marchf4	20.200000	0	0	0	0	0	0	0	0	0	202	0
Cd300ld3	20.100000	0	0	0	0	0	0	0	0	0	201	0
Zc3h3	20.000000	0	0	0	104	96	0	0	0	0	0	0
Zfp980	19.900000	0	0	0	0	0	199	0	0	0	0	0
Septin7	19.900000	0	0	0	0	0	94	0	105	0	0	0
Tph2	19.800000	0	0	0	0	0	0	0	0	0	198	0
Lhfpl4	19.800000	0	0	0	0	0	0	0	0	0	198	0
Gpr84	19.800000	0	0	0	0	0	0	0	0	0	198	0
Maneal	19.700000	0	0	0	0	0	0	0	0	0	197	0
Kcnh4	19.700000	0	0	0	0	0	0	0	0	0	197	0
Hcrt	19.700000	0	0	0	0	0	0	0	0	0	197	0
Nat10	19.600000	0	0	0	0	0	134	0	62	0	0	0
5031439G07Rik	19.600000	0	0	0	0	0	0	0	0	0	196	0
Skor1	19.500000	0	0	0	0	0	0	0	0	0	195	0
Pbx3	19.500000	0	0	0	0	0	195	0	0	0	0	0
Oprm1	19.500000	0	0	0	0	0	0	0	0	0	195	0
Cep63	19.500000	0	0	0	0	0	0	0	0	0	195	0
Celf6	19.500000	0	0	0	0	0	0	0	0	0	195	0
Cd5l	19.500000	0	0	0	0	63	0	0	132	0	0	0
Anapc13	19.500000	0	0	0	0	0	0	0	0	0	195	0
Smyd2	19.400000	0	0	0	0	0	194	0	0	0	0	0
Irs1	19.300000	0	0	0	0	0	193	0	0	0	0	0
Arpp21	19.300000	0	0	0	0	0	0	0	0	0	193	0
Gria2	19.000000	0	0	0	0	0	0	0	0	0	190	0
Elk3	19.000000	0	0	0	0	0	0	0	0	0	190	0
Dctpp1	19.000000	0	0	0	0	0	0	0	0	0	190	0
Wipi2	18.900000	0	0	0	0	0	189	0	0	0	0	0
Rpusd4	18.900000	0	0	0	0	0	189	0	0	0	0	0
Prepl	18.900000	0	0	0	0	0	0	0	0	0	189	0
Kcnc3	18.900000	0	0	0	0	0	0	0	0	0	189	0
Fam118b	18.900000	0	0	0	0	0	189	0	0	0	0	0
Camkmt	18.900000	0	0	0	0	0	0	0	0	0	189	0
Pgam1	18.800000	0	0	0	0	0	79	0	0	109	0	0
Tcea1	18.700000	0	0	0	0	88	99	0	0	0	0	0
Pold4	18.700000	0	0	0	0	0	0	0	0	0	187	0
Pigz	18.700000	0	0	0	0	187	0	0	0	0	0	0
Cux1	18.700000	0	0	0	116	71	0	0	0	0	0	0
Ifna1	18.600000	0	0	0	0	0	0	0	0	0	186	0
Gpr158	18.600000	0	0	0	0	0	0	0	0	0	186	0
Rcc1l	18.500000	0	0	0	0	0	185	0	0	0	0	0
Ifnl2	18.500000	0	0	0	0	0	0	0	0	0	185	0
Stc1	18.400000	0	0	0	0	0	184	0	0	0	0	0
Otp	18.400000	0	0	0	0	0	0	0	0	0	184	0
Mcf2l	18.300000	0	0	0	96	87	0	0	0	0	0	0
Slc38a1	18.200000	0	0	0	0	0	182	0	0	0	0	0
Cnga3	18.200000	0	0	0	0	0	0	0	0	0	182	0
Cfap45	18.200000	0	0	0	0	0	182	0	0	0	0	0
Cplx1	18.100000	0	0	0	0	0	0	0	0	0	181	0
Mpc2	18.000000	0	0	0	0	0	80	100	0	0	0	0
Lhfpl5	18.000000	0	0	0	0	0	0	0	0	0	180	0
Kcnb1	18.000000	0	0	0	0	0	0	0	0	0	180	0
Htr1a	18.000000	0	0	0	0	0	0	0	0	0	180	0
Dcaf6	18.000000	0	0	0	0	0	80	100	0	0	0	0
Cabp7	18.000000	0	0	0	0	0	0	0	0	0	180	0
Slc18a3	17.900000	0	0	0	0	0	0	0	0	0	179	0
Chrm4	17.900000	0	0	0	0	0	0	0	0	0	179	0
Chat	17.900000	0	0	0	0	0	0	0	0	0	179	0
Mcrs1	17.800000	0	0	0	0	0	178	0	0	0	0	0
Sst	17.700000	0	0	0	0	0	0	0	0	0	177	0
Klk14	17.700000	0	0	0	0	99	0	0	0	0	78	0
Kcnc1	17.700000	0	0	0	0	0	0	0	0	0	177	0
Col6a1	17.700000	0	0	0	0	0	0	0	0	0	177	0
Nectin1	17.600000	0	0	0	85	91	0	0	0	0	0	0
Chrnb2	17.600000	0	0	0	0	0	0	0	0	0	176	0
Rffl	17.400000	0	0	0	0	0	174	0	0	0	0	0
Ndufb8	17.400000	0	0	0	0	0	0	0	174	0	0	0
Cemip	17.400000	0	0	0	0	0	0	0	0	0	174	0
Utp18	17.300000	0	0	0	0	0	173	0	0	0	0	0
Slc9a3r1	17.300000	0	0	64	0	0	109	0	0	0	0	0
Rab3il1	17.300000	0	0	0	0	0	0	0	0	0	173	0
Mbtd1	17.300000	0	0	0	0	0	173	0	0	0	0	0
Zfp598	17.100000	0	0	0	0	0	0	0	0	0	171	0
Hs3st3b1	17.100000	0	0	0	0	0	171	0	0	0	0	0
Zp3	17.000000	0	0	0	0	0	0	0	99	71	0	0
Tubb4b	17.000000	0	0	0	0	0	170	0	0	0	0	0
Tcp1	17.000000	0	0	0	0	0	170	0	0	0	0	0
Poldip3	17.000000	0	0	0	0	0	0	0	0	0	170	0
Mrpl18	17.000000	0	0	0	0	0	170	0	0	0	0	0
Ddx3x	16.900000	0	0	0	0	0	0	0	0	0	169	0
Cd24a	16.900000	0	0	0	0	0	169	0	0	0	0	0
Castor2	16.900000	0	0	169	0	0	0	0	0	0	0	0
Atg7	16.900000	0	0	0	0	0	89	80	0	0	0	0
Alk	16.900000	0	0	0	0	0	0	0	0	0	169	0
Npdc1	16.800000	0	0	0	0	0	0	0	0	0	168	0
Gm17660	16.800000	0	0	0	0	0	168	0	0	0	0	0
Gpr1	16.700000	0	0	0	0	0	167	0	0	0	0	0
Prrxl1	16.600000	0	0	0	0	0	0	0	0	0	166	0
Nsd3	16.600000	0	0	0	0	0	166	0	0	0	0	0
Letm2	16.600000	0	0	0	0	0	166	0	0	0	0	0
Gskip	16.600000	0	0	0	0	0	0	166	0	0	0	0
Atg2b	16.600000	0	0	0	0	0	0	166	0	0	0	0
Kcnip1	16.500000	0	0	0	0	0	0	0	0	0	165	0
Gm39653	16.500000	0	0	0	0	0	0	0	0	0	165	0
Dner	16.500000	0	0	0	0	0	0	0	0	0	165	0
Asic2	16.500000	0	0	0	0	0	0	0	0	0	165	0
Tmem198	16.400000	0	0	0	0	0	0	0	0	0	164	0
Gm3383	16.400000	0	0	164	0	0	0	0	0	0	0	0
Clk3	16.400000	0	0	0	0	0	0	0	164	0	0	0
Chpf	16.400000	0	0	0	0	0	0	0	0	0	164	0
Zfp318	16.300000	0	0	0	0	0	163	0	0	0	0	0
Rab21	16.300000	0	0	0	85	0	78	0	0	0	0	0
Soga3	16.200000	0	0	0	0	0	0	0	0	0	162	0
Ncaph	16.200000	0	0	0	0	0	162	0	0	0	0	0
Gulo	16.200000	0	0	0	0	0	0	0	0	0	162	0
Grm2	16.200000	0	0	0	0	0	0	0	0	0	162	0
Dynlt1a	16.100000	0	0	0	0	0	0	0	0	0	161	0
Sec1	16.000000	0	0	0	0	0	0	0	0	0	160	0
Psph	16.000000	0	0	0	0	0	160	0	0	0	0	0
Cct6a	16.000000	0	0	0	0	0	160	0	0	0	0	0
Car11	16.000000	0	0	0	0	0	0	0	0	0	160	0
Med9	15.900000	0	0	159	0	0	0	0	0	0	0	0
Fbll1	15.900000	0	0	0	0	0	0	0	0	0	159	0
Gpr34	15.800000	0	0	0	83	75	0	0	0	0	0	0
Cplx2	15.800000	0	0	0	0	0	0	0	0	0	158	0
Clip4	15.800000	0	0	0	0	0	0	0	0	0	158	0
Tti2	15.700000	0	0	0	0	0	0	0	0	0	157	0
Srrm1	15.700000	0	0	0	0	0	0	0	0	157	0	0
Unc13a	15.600000	0	0	0	0	0	0	0	0	0	156	0
Jak3	15.600000	0	0	0	0	0	0	0	0	0	156	0
Chga	15.600000	0	0	0	0	0	0	0	0	0	156	0
Pou4f3	15.500000	0	0	0	0	0	0	0	0	0	155	0
Gm1096	15.500000	0	0	0	0	0	0	0	0	0	155	0
Csf3	15.500000	0	0	0	0	0	155	0	0	0	0	0
Calhm5	15.500000	0	0	0	0	0	0	0	155	0	0	0
Mlkl	15.400000	0	0	0	0	0	0	0	0	0	154	0
Ftsj1	15.400000	0	0	0	0	0	0	154	0	0	0	0
Cbln4	15.400000	0	0	0	0	0	0	0	0	0	154	0
Capn10	15.400000	0	0	0	0	0	0	0	0	154	0	0
Usp33	15.300000	0	0	0	0	0	153	0	0	0	0	0
Tars	15.300000	0	0	0	0	0	153	0	0	0	0	0
Atad1	15.200000	0	0	0	0	0	152	0	0	0	0	0
Ube2ql1	15.100000	0	0	0	0	0	151	0	0	0	0	0
Tmf1	15.100000	0	0	0	0	0	151	0	0	0	0	0
Tmem179	15.100000	0	0	0	0	0	0	0	0	0	151	0
Sf3b6	15.100000	0	0	0	0	0	151	0	0	0	0	0
Scn3b	15.100000	0	0	0	0	0	0	0	0	0	151	0
Nhsl1	15.100000	0	0	0	0	0	151	0	0	0	0	0
Nepro	15.100000	0	0	0	0	0	151	0	0	0	0	0
Ndst3	15.100000	0	0	0	0	0	151	0	0	0	0	0
Map3k9	15.100000	0	0	0	0	0	0	0	0	0	151	0
Grb10	15.100000	0	0	0	0	0	0	0	0	0	151	0
Elavl2	15.100000	0	0	0	0	0	0	0	0	0	151	0
Ccdc162	15.100000	0	0	0	0	0	151	0	0	0	0	0
Slc7a14	15.000000	0	0	0	0	0	0	0	0	0	150	0
Lrrc61	15.000000	0	0	0	0	0	0	0	0	0	150	0
Klc1	15.000000	0	0	0	0	0	0	0	0	0	150	0
Ergic2	15.000000	0	0	0	0	0	150	0	0	0	0	0
Bdnf	15.000000	0	0	0	0	0	0	0	0	0	150	0
Atxn7l2	15.000000	0	0	0	0	0	0	0	0	0	150	0
Add3	15.000000	0	0	150	0	0	0	0	0	0	0	0
Syndig1l	14.900000	0	0	0	0	0	0	0	0	0	149	0
Lypd11	14.900000	0	0	0	0	0	0	0	0	0	149	0
Dcaf5	14.900000	0	0	0	0	0	0	0	0	0	149	0
Mmut	14.800000	0	0	0	0	0	0	0	0	0	148	0
Dip2c	14.800000	0	0	0	0	0	0	0	0	0	148	0
D7Ertd443e	14.800000	0	0	0	0	0	0	0	0	0	148	0
Cenpq	14.800000	0	0	0	0	0	0	0	0	0	148	0
Cdc25c	14.800000	0	0	0	0	0	148	0	0	0	0	0
Zcchc14	14.700000	0	0	0	0	0	147	0	0	0	0	0
Ubfd1	14.700000	0	0	0	0	0	147	0	0	0	0	0
Ears2	14.700000	0	0	0	0	0	147	0	0	0	0	0
Anks1b	14.700000	0	0	0	0	0	0	0	0	0	147	0
Speer4c	14.600000	0	0	0	0	0	146	0	0	0	0	0
Pnpla6	14.600000	0	0	0	0	0	146	0	0	0	0	0
Cox7a1	14.600000	0	0	0	0	0	146	0	0	0	0	0
Zcchc2	14.500000	0	0	0	0	0	145	0	0	0	0	0
Rnd3	14.500000	0	0	0	0	0	72	0	0	0	73	0
Patz1	14.500000	0	0	0	0	0	145	0	0	0	0	0
Slc35g3	14.400000	0	0	0	0	0	0	0	0	0	144	0
Polr2a	14.400000	0	0	0	0	0	0	0	0	0	144	0
Plekhf1	14.400000	0	0	0	0	0	144	0	0	0	0	0
Pitx2	14.400000	0	0	0	0	0	144	0	0	0	0	0
Egr4	14.400000	0	0	0	0	0	0	0	0	0	144	0
Clcn4	14.400000	0	0	0	0	0	0	0	0	0	144	0
Xndc1	14.300000	0	0	0	0	0	143	0	0	0	0	0
Ufl1	14.300000	0	0	0	0	0	143	0	0	0	0	0
Rnf121	14.300000	0	0	0	0	0	143	0	0	0	0	0
Naaladl1	14.300000	0	0	0	0	0	0	0	0	0	143	0
Ifna2	14.300000	0	0	0	0	0	0	0	0	0	143	0
Haus1	14.300000	0	0	0	0	0	143	0	0	0	0	0
Erbb4	14.300000	0	0	0	0	0	0	0	0	143	0	0
Snph	14.200000	0	0	142	0	0	0	0	0	0	0	0
Epyc	14.200000	0	0	0	0	0	0	0	142	0	0	0
Adcyap1	14.200000	0	0	0	0	0	0	0	0	0	142	0
Pycr2	14.100000	0	0	0	0	0	141	0	0	0	0	0
Plekha2	14.100000	0	0	0	0	0	0	0	0	0	141	0
Lhx2	14.100000	0	0	141	0	0	0	0	0	0	0	0
Ifna14	14.100000	0	0	0	0	0	0	0	0	0	141	0
Cd101	14.100000	0	0	0	0	74	67	0	0	0	0	0
Yif1a	14.000000	0	0	0	0	0	0	0	0	0	140	0
Tmem151a	14.000000	0	0	0	0	0	0	0	0	0	140	0
Pmpcb	14.000000	0	0	0	140	0	0	0	0	0	0	0
Mtf2	14.000000	0	0	0	0	0	0	0	0	0	140	0
Kat2b	14.000000	0	0	0	0	0	140	0	0	0	0	0
Cactin	14.000000	0	0	0	0	0	140	0	0	0	0	0
Pltp	13.900000	0	0	0	0	139	0	0	0	0	0	0
Dlgap3	13.900000	0	0	0	0	0	0	0	0	0	139	0
Ctxn2	13.900000	0	0	0	0	0	0	0	0	0	139	0
Zscan20	13.800000	0	0	0	0	0	138	0	0	0	0	0
Psma1	13.800000	0	0	0	0	0	138	0	0	0	0	0
Pgbd5	13.800000	0	0	0	0	0	0	0	0	0	138	0
Mfap3l	13.800000	0	0	0	0	0	0	0	0	0	138	0
Trpc7	13.700000	0	0	0	0	0	0	0	0	0	137	0
Trp53rkb	13.700000	0	0	0	0	0	0	0	0	0	137	0
Tmem41b	13.700000	0	0	0	0	0	137	0	0	0	0	0
Sema6d	13.700000	0	0	0	0	0	0	0	0	0	137	0
Ptp4a1	13.700000	0	0	0	0	0	137	0	0	0	0	0
Kcnj6	13.700000	0	0	0	0	0	0	0	0	0	137	0
Ercc2	13.700000	0	0	0	0	0	137	0	0	0	0	0
Elfn2	13.700000	0	0	0	0	0	0	0	0	0	137	0
Brinp1	13.700000	0	0	0	0	0	0	0	0	0	137	0
Ube2n	13.600000	0	0	0	0	0	136	0	0	0	0	0
Prkab1	13.500000	0	0	0	0	0	135	0	0	0	0	0
Knl1	13.500000	0	0	0	0	0	0	0	0	0	135	0
Dlgap1	13.500000	0	0	0	0	0	0	0	0	0	135	0
Usp44	13.400000	0	0	0	134	0	0	0	0	0	0	0
Src	13.400000	0	0	0	0	0	134	0	0	0	0	0
Lims1	13.400000	0	0	0	0	0	0	0	0	0	134	0
Kbtbd12	13.400000	0	0	0	0	0	0	0	134	0	0	0
Ak1	13.400000	0	0	0	0	0	0	0	0	0	134	0
Sp8	13.300000	0	0	0	0	0	133	0	0	0	0	0
Borcs6	13.300000	0	0	0	0	0	133	0	0	0	0	0
Tas1r3	13.200000	0	0	0	0	0	0	0	0	0	132	0
Smad4	13.200000	0	0	0	0	0	0	0	0	0	132	0
Rgs20	13.200000	0	0	0	0	0	0	0	0	0	132	0
Prdx6b	13.200000	0	0	0	0	132	0	0	0	0	0	0
Nt5c2	13.200000	0	0	0	0	0	0	0	0	0	132	0
Ina	13.200000	0	0	0	0	0	0	0	0	0	132	0
Syt6	13.100000	0	0	0	0	0	0	0	0	0	131	0
Nme1	13.100000	0	0	0	0	0	0	0	0	0	131	0
Foxa2	13.100000	0	0	131	0	0	0	0	0	0	0	0
Zfp367	13.000000	0	0	0	0	0	130	0	0	0	0	0
Wdtc1	13.000000	0	0	0	0	0	130	0	0	0	0	0
Tob2	13.000000	0	0	0	0	0	130	0	0	0	0	0
Tmem86a	13.000000	0	0	0	0	0	130	0	0	0	0	0
Rprd2	13.000000	0	0	0	0	0	130	0	0	0	0	0
Paip2b	13.000000	0	0	0	0	0	130	0	0	0	0	0
Itga4	13.000000	0	0	0	0	0	130	0	0	0	0	0
Cystm1	13.000000	0	0	0	0	0	0	0	0	130	0	0
Ccsap	13.000000	0	0	0	0	0	130	0	0	0	0	0
Atp6v1g1	13.000000	0	0	0	0	0	0	130	0	0	0	0
Lgals8	12.900000	0	0	0	0	129	0	0	0	0	0	0
Ccz1	12.900000	0	0	0	0	0	0	0	0	0	129	0
Acat1	12.900000	0	0	0	0	0	129	0	0	0	0	0
Tmem108	12.800000	0	0	0	0	0	128	0	0	0	0	0
Pnpla8	12.800000	0	0	0	0	0	128	0	0	0	0	0
Pdk4	12.800000	0	0	0	0	0	0	0	128	0	0	0
Krt14	12.800000	0	0	0	0	0	0	0	0	0	128	0
Kif21b	12.800000	0	0	0	0	0	0	0	0	128	0	0
Ddx56	12.800000	0	0	0	0	0	0	0	0	0	128	0
Atf3	12.800000	0	0	0	0	0	128	0	0	0	0	0
Stk4	12.700000	0	0	0	0	0	0	0	0	0	127	0
Mpp5	12.700000	0	0	0	0	0	127	0	0	0	0	0
Lrrc24	12.600000	0	0	0	0	0	0	0	0	0	126	0
Gnpat	12.600000	0	0	0	0	0	126	0	0	0	0	0
C030006K11Rik	12.600000	0	0	0	0	0	0	0	0	0	126	0
2810004N23Rik	12.600000	0	0	0	0	0	126	0	0	0	0	0
Rps27a	12.500000	0	0	0	0	0	0	0	0	0	125	0
Msgn1	12.500000	0	0	0	0	125	0	0	0	0	0	0
Lsm11	12.500000	0	0	0	0	0	125	0	0	0	0	0
Kbtbd7	12.500000	0	0	0	0	0	125	0	0	0	0	0
Gzmn	12.500000	0	0	0	0	125	0	0	0	0	0	0
Clhc1	12.500000	0	0	0	0	0	0	0	0	0	125	0
Cd59a	12.500000	0	0	0	125	0	0	0	0	0	0	0
Serpinb10	12.400000	0	0	0	0	0	0	0	0	0	124	0
Olfr1382	12.400000	0	0	0	124	0	0	0	0	0	0	0
Mrpl30	12.400000	0	0	0	0	0	0	0	0	0	124	0
Mitd1	12.400000	0	0	0	0	0	0	0	0	0	124	0
Clvs1	12.400000	0	0	0	0	0	0	0	0	0	124	0
Srek1ip1	12.300000	0	0	0	0	0	0	0	0	0	123	0
Erdr1	12.300000	0	0	0	0	0	123	0	0	0	0	0
Cwc27	12.300000	0	0	0	0	0	0	0	0	0	123	0
Usp39	12.200000	0	0	0	0	0	0	0	0	122	0	0
Tssc4	12.200000	0	0	0	0	0	122	0	0	0	0	0
Nectin2	12.200000	0	0	0	0	0	0	122	0	0	0	0
Mdp1	12.200000	0	0	0	0	122	0	0	0	0	0	0
Cck	12.200000	0	0	0	0	0	0	0	0	0	122	0
Acsl6	12.200000	0	0	0	0	0	0	0	0	0	122	0
0610030E20Rik	12.200000	0	0	0	0	0	0	0	0	122	0	0
Ndufv1	12.100000	0	0	0	0	121	0	0	0	0	0	0
Rpl27a	12.000000	0	0	0	0	0	120	0	0	0	0	0
Oit3	12.000000	0	0	0	0	0	120	0	0	0	0	0
Odf4	12.000000	0	0	0	0	120	0	0	0	0	0	0
Il12a	12.000000	0	0	0	0	120	0	0	0	0	0	0
Sbp	11.900000	0	0	0	0	0	119	0	0	0	0	0
Sae1	11.900000	0	0	0	0	0	119	0	0	0	0	0
Gstt2	11.900000	0	0	0	0	0	119	0	0	0	0	0
Csnk1g2	11.900000	0	0	0	0	0	119	0	0	0	0	0
Atf6	11.900000	0	0	0	0	0	0	0	0	119	0	0
Actl6b	11.900000	0	0	0	0	0	0	0	0	0	119	0
6330409D20Rik	11.900000	0	0	0	0	0	0	0	0	0	119	0
Slf2	11.800000	0	0	0	0	118	0	0	0	0	0	0
Rps7	11.800000	0	0	0	0	0	0	0	0	0	118	0
Il2	11.800000	0	0	0	0	0	0	0	0	0	118	0
Tuba1b	11.700000	0	0	0	0	0	117	0	0	0	0	0
Pcid2	11.700000	0	0	0	0	0	0	0	0	117	0	0
Cul4a	11.700000	0	0	0	0	0	0	0	0	117	0	0
Cmpk2	11.700000	0	0	0	0	0	0	0	0	117	0	0
Adamtsl3	11.700000	0	0	0	0	117	0	0	0	0	0	0
Kcns2	11.600000	0	0	0	0	0	0	0	0	0	116	0
H4f16	11.600000	0	0	0	0	0	0	0	0	0	116	0
H2aj	11.600000	0	0	0	0	0	0	0	0	0	116	0
Gper1	11.600000	0	0	0	0	0	0	116	0	0	0	0
Defb29	11.600000	0	0	0	0	0	0	0	0	0	116	0
Zswim7	11.500000	0	0	0	115	0	0	0	0	0	0	0
Ttc19	11.500000	0	0	0	115	0	0	0	0	0	0	0
Six2	11.500000	0	0	0	0	0	115	0	0	0	0	0
Nudt18	11.500000	0	0	0	0	0	115	0	0	0	0	0
Nrep	11.500000	0	0	0	0	115	0	0	0	0	0	0
Gsx1	11.500000	0	0	0	0	0	0	0	0	0	115	0
Col4a6	11.500000	0	0	0	0	115	0	0	0	0	0	0
Col4a5	11.500000	0	0	0	0	115	0	0	0	0	0	0
Adamts5	11.500000	0	0	0	0	0	0	0	0	115	0	0
Wasl	11.400000	0	0	0	0	114	0	0	0	0	0	0
Tsr3	11.400000	0	0	0	0	0	0	0	0	0	114	0
Gnptg	11.400000	0	0	0	0	0	0	0	0	0	114	0
Epha1	11.400000	0	0	0	114	0	0	0	0	0	0	0
Zfp626	11.300000	0	0	0	0	0	113	0	0	0	0	0
Sinhcaf	11.200000	0	0	0	0	0	112	0	0	0	0	0
Gm10408	11.200000	0	0	112	0	0	0	0	0	0	0	0
Rgmb	11.100000	0	0	0	0	0	111	0	0	0	0	0
Cyth3	11.100000	0	0	111	0	0	0	0	0	0	0	0
Cxcl11	11.100000	0	0	0	0	0	0	0	0	0	111	0
Cadps	11.100000	0	0	0	0	0	0	0	0	0	111	0
Cacna1b	11.100000	0	0	0	0	0	0	0	0	0	111	0
Tbx15	11.000000	0	0	0	0	0	110	0	0	0	0	0
Spout1	11.000000	0	0	0	0	110	0	0	0	0	0	0
Ptprq	11.000000	0	0	0	0	0	0	0	0	0	110	0
Pcsk1	11.000000	0	0	0	0	0	0	0	0	0	110	0
Hspb2	11.000000	0	0	0	0	0	0	110	0	0	0	0
Gucy2d	11.000000	0	0	0	0	0	0	0	0	0	110	0
Dach1	11.000000	0	0	0	0	0	0	0	110	0	0	0
Cryab	11.000000	0	0	0	0	0	0	110	0	0	0	0
Syvn1	10.900000	0	0	0	0	0	109	0	0	0	0	0
Pygb	10.900000	0	0	0	0	0	109	0	0	0	0	0
Parp16	10.900000	0	0	109	0	0	0	0	0	0	0	0
Nppb	10.900000	0	0	0	0	0	0	0	0	0	109	0
Nek7	10.900000	0	0	0	0	0	109	0	0	0	0	0
Lama2	10.900000	0	0	0	0	0	109	0	0	0	0	0
Crh	10.900000	0	0	0	0	0	0	0	0	0	109	0
Alyref2	10.900000	0	0	0	0	0	0	0	0	0	109	0
Ptpn6	10.800000	0	0	0	0	0	0	0	0	0	108	0
Lhx3	10.800000	0	0	0	0	0	0	0	0	0	108	0
Grin1	10.800000	0	0	0	0	0	0	0	0	0	108	0
Grcc10	10.800000	0	0	0	0	0	0	0	0	0	108	0
Foxd3	10.800000	0	0	0	0	108	0	0	0	0	0	0
Ddr2	10.800000	0	0	0	0	0	0	0	0	0	108	0
Cgrrf1	10.800000	0	0	0	0	0	0	0	108	0	0	0
Ano5	10.800000	0	0	0	0	0	108	0	0	0	0	0
Zkscan6	10.700000	0	0	0	0	0	107	0	0	0	0	0
Stk40	10.600000	0	0	0	0	0	106	0	0	0	0	0
Slc25a25	10.600000	0	0	0	0	0	106	0	0	0	0	0
Lmnb1	10.600000	0	0	0	0	106	0	0	0	0	0	0
Fbxo16	10.600000	0	0	0	106	0	0	0	0	0	0	0
Lyrm2	10.500000	0	0	0	0	0	105	0	0	0	0	0
Zfp382	10.400000	0	0	0	0	0	0	0	0	104	0	0
Mob3a	10.400000	0	0	0	0	0	104	0	0	0	0	0
Izumo4	10.400000	0	0	0	0	0	104	0	0	0	0	0
Sall4	10.300000	0	0	0	0	0	103	0	0	0	0	0
Nabp1	10.300000	0	0	0	0	0	103	0	0	0	0	0
Kdm3a	10.300000	0	0	0	0	0	103	0	0	0	0	0
Atp5o	10.300000	0	0	0	0	0	0	103	0	0	0	0
Sgtb	10.100000	0	0	0	0	0	101	0	0	0	0	0
Nln	10.100000	0	0	0	0	0	101	0	0	0	0	0
Myorg	10.100000	0	0	0	101	0	0	0	0	0	0	0
Efcab3	10.100000	0	0	0	0	101	0	0	0	0	0	0
Cnot10	10.100000	0	0	0	0	0	0	0	0	0	101	0
Atp11b	10.100000	0	0	0	0	101	0	0	0	0	0	0
Soga1	10.000000	0	0	0	0	0	100	0	0	0	0	0
Fam149b	10.000000	0	0	0	0	0	0	0	0	0	100	0
Ecd	10.000000	0	0	0	0	0	0	0	0	0	100	0
Nck2	9.900000	0	0	0	99	0	0	0	0	0	0	0
Ifi203	9.900000	0	0	0	0	0	99	0	0	0	0	0
Fgl2	9.900000	0	0	0	0	0	0	0	0	0	99	0
Fbxl20	9.900000	0	0	0	0	0	0	0	0	0	99	0
Acp1	9.900000	0	0	0	0	0	99	0	0	0	0	0
Tmtc2	9.800000	0	0	0	0	0	98	0	0	0	0	0
Tln1	9.800000	0	0	0	0	0	98	0	0	0	0	0
Spag17	9.800000	0	0	0	0	0	0	98	0	0	0	0
Rad21	9.800000	0	0	0	0	0	0	0	0	0	98	0
Olfr192	9.800000	0	0	0	0	98	0	0	0	0	0	0
Mrps31	9.800000	0	0	0	0	0	0	0	0	0	98	0
Id2	9.800000	0	0	0	0	0	0	0	98	0	0	0
Creb3	9.800000	0	0	0	0	0	98	0	0	0	0	0
Cdkn2a	9.800000	0	0	98	0	0	0	0	0	0	0	0
Gsta4	9.700000	0	0	0	0	97	0	0	0	0	0	0
Dtx4	9.700000	0	0	0	0	0	0	0	0	0	97	0
Vrk2	9.600000	0	0	0	0	96	0	0	0	0	0	0
Uchl4	9.600000	0	0	0	0	0	96	0	0	0	0	0
Pola1	9.600000	0	0	0	0	0	0	0	96	0	0	0
Mcpt8	9.600000	0	0	0	0	0	0	0	96	0	0	0
Mbd4	9.600000	0	0	0	0	96	0	0	0	0	0	0
Ift122	9.600000	0	0	0	0	96	0	0	0	0	0	0
Cbx7	9.600000	0	0	0	0	0	0	0	0	0	96	0
Bsdc1	9.600000	0	0	0	0	0	96	0	0	0	0	0
3425401B19Rik	9.600000	0	0	0	96	0	0	0	0	0	0	0
Rgs16	9.500000	0	0	0	0	95	0	0	0	0	0	0
Lrrc66	9.500000	0	0	0	0	0	0	0	95	0	0	0
H4c2	9.500000	0	0	0	0	0	95	0	0	0	0	0
H4c1	9.500000	0	0	0	0	0	95	0	0	0	0	0
H3c1	9.500000	0	0	0	0	0	95	0	0	0	0	0
H1f1	9.500000	0	0	0	0	0	95	0	0	0	0	0
Dcaf10	9.500000	0	0	0	0	0	0	0	0	0	95	0
Cdca7	9.500000	0	0	0	0	0	0	0	0	0	95	0
Armc5	9.500000	0	0	0	0	95	0	0	0	0	0	0
9130023H24Rik	9.500000	0	0	0	0	95	0	0	0	0	0	0
Xrn1	9.300000	0	0	0	0	0	93	0	0	0	0	0
Setd5	9.300000	0	0	0	0	0	93	0	0	0	0	0
Dmrta1	9.300000	0	0	0	0	0	0	0	0	93	0	0
Zfp687	9.200000	0	0	0	0	0	92	0	0	0	0	0
Coq10b	9.200000	0	0	0	0	0	92	0	0	0	0	0
Lrp6	9.100000	0	0	0	0	0	0	0	0	0	91	0
Rangap1	9.000000	0	0	0	0	0	90	0	0	0	0	0
Scamp5	8.900000	0	0	0	0	0	0	0	0	0	89	0
Pdcd5	8.900000	0	0	0	89	0	0	0	0	0	0	0
Oaz1	8.900000	0	0	0	0	0	89	0	0	0	0	0
Dynll2	8.900000	0	0	0	0	0	89	0	0	0	0	0
Dhx15	8.900000	0	0	0	0	0	89	0	0	0	0	0
Arhgef25	8.900000	0	0	0	0	0	89	0	0	0	0	0
Upf3b	8.800000	0	0	0	0	88	0	0	0	0	0	0
Ube2s	8.800000	0	0	0	0	0	88	0	0	0	0	0
Iigp1	8.800000	0	0	0	0	88	0	0	0	0	0	0
Suclg1	8.700000	0	0	0	0	0	0	0	0	87	0	0
Sacm1l	8.700000	0	0	0	0	0	0	0	0	0	87	0
Tlcd3b	8.600000	0	0	0	0	0	0	0	0	0	86	0
Hnrnpa1	8.500000	0	0	0	0	0	85	0	0	0	0	0
Gtf2f2	8.500000	0	0	0	0	85	0	0	0	0	0	0
Esrp2	8.500000	0	0	0	0	0	85	0	0	0	0	0
Cbx5	8.500000	0	0	0	0	0	85	0	0	0	0	0
Zfp438	8.400000	0	0	0	0	0	0	0	84	0	0	0
Cyp20a1	8.400000	0	0	0	84	0	0	0	0	0	0	0
Pacs2	8.300000	0	0	0	0	0	0	0	0	0	83	0
Lgr4	8.300000	0	0	83	0	0	0	0	0	0	0	0
Kdm2b	8.300000	0	0	0	0	0	0	0	0	83	0	0
Zfp960	8.200000	0	0	82	0	0	0	0	0	0	0	0
Timm10	8.200000	0	0	0	0	0	82	0	0	0	0	0
Smtnl1	8.200000	0	0	0	0	0	82	0	0	0	0	0
Zkscan1	8.100000	0	0	0	0	0	0	0	81	0	0	0
H4c8	8.100000	0	0	0	0	0	0	0	0	0	81	0
H3c8	8.100000	0	0	0	0	0	0	0	0	0	81	0
H2ac10	8.100000	0	0	0	0	0	0	0	0	0	81	0
Ubd	7.800000	0	0	0	78	0	0	0	0	0	0	0
Prmt5	7.800000	0	0	0	0	0	0	0	0	0	78	0
Olfr94	7.800000	0	0	0	78	0	0	0	0	0	0	0
Tmem54	7.500000	0	0	0	0	75	0	0	0	0	0	0
Ctla2a	7.400000	0	0	0	74	0	0	0	0	0	0	0
Zdhhc13	7.300000	0	0	0	0	0	73	0	0	0	0	0
Heatr4	7.300000	0	0	0	73	0	0	0	0	0	0	0
Acot2	7.300000	0	0	0	73	0	0	0	0	0	0	0
Lsm4	7.200000	0	0	0	0	0	72	0	0	0	0	0
Cdkl2	7.200000	0	0	0	0	0	72	0	0	0	0	0
Arl6ip5	7.200000	0	0	0	0	72	0	0	0	0	0	0
4933405O20Rik	7.200000	0	0	0	0	72	0	0	0	0	0	0
Zfp568	7.100000	0	0	0	71	0	0	0	0	0	0	0
Bcl7a	7.100000	0	0	0	0	0	0	0	71	0	0	0
Rangrf	7.000000	0	0	0	0	0	70	0	0	0	0	0
Fam214a	7.000000	0	0	0	0	0	0	0	70	0	0	0
Elf2	7.000000	0	0	0	0	0	70	0	0	0	0	0
Fam234a	6.900000	0	0	0	69	0	0	0	0	0	0	0
Fam135a	6.900000	0	0	0	0	0	69	0	0	0	0	0
Erich4	6.800000	0	0	0	0	0	68	0	0	0	0	0
Dmac2	6.800000	0	0	0	0	0	68	0	0	0	0	0
Amn1	6.600000	0	0	0	0	0	0	0	0	0	66	0
Dynlt1b	6.500000	0	0	0	0	0	65	0	0	0	0	0
Fam178b	6.300000	0	0	0	0	0	63	0	0	0	0	0
2610301B20Rik	6.200000	0	0	0	0	0	0	0	0	0	62	0
Them5	6.100000	0	0	0	0	61	0	0	0	0	0	0
Chrne	6.100000	0	0	0	0	0	61	0	0	0	0	0
4930544D05Rik	6.100000	0	0	0	0	0	61	0	0	0	0	0
Myod1	0.000000	0	0	0	0	0	0	0	0	0	0	569
Ly6k	0.000000	0	0	0	0	0	0	0	0	0	0	432
Tbx2	0.000000	0	0	0	0	0	0	0	0	0	0	413
Dmrt2	0.000000	0	0	0	0	0	0	0	0	0	0	401
Msx2	0.000000	0	0	0	0	0	0	0	0	0	0	382
Lbx2	0.000000	0	0	0	0	0	0	0	0	0	0	192
