Target_genes	Pou3f1|Average	SRX1410923|EpiSC	SRX1410928|EpiSC	SRX1056349|ES_cells	SRX3196478|MEF	SRX3196480|MEF	SRX5534183|MEF	SRX3730260|Trophoblast_stem_cells	SRX3730285|Trophoblast_stem_cells	STRING
Cldn34d	863.625000	1339	614	198	788	578	2264	771	357	0
Pou3f1	724.250000	1627	2952	0	0	0	1215	0	0	0
Tcstv3	707.125000	755	600	2628	774	335	565	0	0	0
Brox	455.000000	529	254	157	343	202	1943	212	0	0
Aida	455.000000	529	254	157	343	202	1943	212	0	0
Kdm2b	254.375000	0	0	0	685	544	0	806	0	0
Il31ra	235.250000	202	518	833	0	0	0	329	0	0
Tmem125	214.000000	159	0	0	163	162	1228	0	0	0
Crlf2	202.000000	250	428	0	590	348	0	0	0	0
Bmt2	198.000000	390	810	0	384	0	0	0	0	0
Tom1l1	180.750000	0	0	0	1186	260	0	0	0	0
Kpna1	179.500000	0	504	696	0	0	0	236	0	0
Cdhr2	164.875000	437	882	0	0	0	0	0	0	0
Pbx3	162.500000	313	987	0	0	0	0	0	0	0
G6pc2	162.500000	304	996	0	0	0	0	0	0	0
Yju2	158.250000	412	854	0	0	0	0	0	0	0
Ebi3	158.250000	412	854	0	0	0	0	0	0	0
Mcc	155.625000	237	554	0	454	0	0	0	0	0
C1qtnf7	153.500000	297	931	0	0	0	0	0	0	0
Fam71e1	149.750000	0	0	180	451	175	0	392	0	0
Emc10	149.750000	0	0	180	451	175	0	392	0	0
Lrrc9	148.375000	395	792	0	0	0	0	0	0	0
Efcab10	148.250000	407	779	0	0	0	0	0	0	0
Samd12	143.250000	259	887	0	0	0	0	0	0	0
Arid5b	142.375000	297	842	0	0	0	0	0	0	0
Shoc1	139.125000	390	723	0	0	0	0	0	0	0
Pou2f1	138.125000	265	840	0	0	0	0	0	0	0
Lmo3	137.500000	371	729	0	0	0	0	0	0	0
Col9a1	132.875000	366	697	0	0	0	0	0	0	0
Gm14393	132.250000	532	526	0	0	0	0	0	0	0
Angpt1	131.750000	325	729	0	0	0	0	0	0	0
Vmn2r1	129.125000	232	801	0	0	0	0	0	0	0
Sass6	123.625000	259	730	0	0	0	0	0	0	0
Tenm4	122.750000	192	790	0	0	0	0	0	0	0
Hmga2	122.375000	364	615	0	0	0	0	0	0	0
Steap4	120.875000	171	796	0	0	0	0	0	0	0
Adar	120.875000	199	768	0	0	0	0	0	0	0
Klrb1a	119.500000	328	451	177	0	0	0	0	0	0
Mid2	119.250000	236	718	0	0	0	0	0	0	0
Lyrm4	118.500000	322	626	0	0	0	0	0	0	0
Fars2	118.500000	322	626	0	0	0	0	0	0	0
Sema3e	116.000000	313	615	0	0	0	0	0	0	0
Coro1b	115.250000	0	0	165	494	263	0	0	0	0
Zeb2	115.125000	214	707	0	0	0	0	0	0	0
Ubac1	115.000000	340	580	0	0	0	0	0	0	0
Tshz1	114.500000	0	916	0	0	0	0	0	0	0
Krtap19-1	113.625000	313	596	0	0	0	0	0	0	0
Cyp19a1	112.625000	182	719	0	0	0	0	0	0	0
Tmprss11g	112.250000	233	665	0	0	0	0	0	0	0
Trpa1	111.750000	360	534	0	0	0	0	0	0	0
Reep3	111.250000	172	718	0	0	0	0	0	0	0
Rnd3	110.875000	193	694	0	0	0	0	0	0	0
Hdac7	110.250000	0	0	160	0	0	0	722	0	0
Triqk	110.125000	379	502	0	0	0	0	0	0	0
Psip1	109.500000	317	559	0	0	0	0	0	0	0
Olfr806	109.250000	104	137	633	0	0	0	0	0	0
Klhl9	108.625000	185	684	0	0	0	0	0	0	0
Robo2	108.375000	243	624	0	0	0	0	0	0	0
Sox6	108.125000	230	635	0	0	0	0	0	0	0
Scgb1b17	107.125000	0	0	152	530	175	0	0	0	0
Scgb1b15	107.125000	0	0	152	530	175	0	0	0	0
Pde1a	106.375000	464	387	0	0	0	0	0	0	0
Vmn2r5	105.250000	302	540	0	0	0	0	0	0	0
Rtn4	104.875000	213	626	0	0	0	0	0	0	0
Kcnip1	103.000000	202	622	0	0	0	0	0	0	0
Mgat4c	102.250000	327	491	0	0	0	0	0	0	0
Lpar4	102.000000	187	629	0	0	0	0	0	0	0
Gsap	101.875000	213	602	0	0	0	0	0	0	0
Olfr344	101.625000	244	569	0	0	0	0	0	0	0
Ddi1	101.125000	247	562	0	0	0	0	0	0	0
Tmem232	100.500000	131	174	134	0	0	0	365	0	0
Psd3	100.125000	218	583	0	0	0	0	0	0	0
Acacb	100.125000	151	650	0	0	0	0	0	0	0
Nyap2	99.875000	142	657	0	0	0	0	0	0	0
Il12rb2	99.500000	301	495	0	0	0	0	0	0	0
Zfp982	99.250000	192	290	312	0	0	0	0	0	0
Sgce	99.000000	142	650	0	0	0	0	0	0	0
Peg10	99.000000	142	650	0	0	0	0	0	0	0
Pkhd1l1	98.750000	203	587	0	0	0	0	0	0	0
Sspn	98.125000	0	0	664	0	0	0	121	0	0
Rcan1	97.375000	151	628	0	0	0	0	0	0	0
Abhd6	97.000000	0	0	776	0	0	0	0	0	0
Gnat3	96.375000	201	570	0	0	0	0	0	0	0
Pdzph1	96.000000	309	459	0	0	0	0	0	0	0
Tox	94.875000	207	552	0	0	0	0	0	0	0
Elac1	94.875000	224	535	0	0	0	0	0	0	0
Slc25a24	94.625000	186	571	0	0	0	0	0	0	0
Arhgap15	94.000000	239	513	0	0	0	0	0	0	0
Gm15501	93.750000	223	527	0	0	0	0	0	0	0
Sox2	93.625000	0	0	353	87	0	309	0	0	401
Strit1	93.250000	172	574	0	0	0	0	0	0	0
Ssbp2	93.125000	275	470	0	0	0	0	0	0	0
Vmn1r43	93.000000	142	602	0	0	0	0	0	0	0
Hcn1	92.875000	152	591	0	0	0	0	0	0	0
Kmo	92.500000	182	558	0	0	0	0	0	0	0
Olfr1173	92.375000	269	470	0	0	0	0	0	0	0
Sostdc1	92.250000	225	513	0	0	0	0	0	0	0
Tspyl4	92.000000	197	539	0	0	0	0	0	0	0
Samd5	92.000000	208	528	0	0	0	0	0	0	0
Olfr1368	91.625000	0	101	282	0	0	0	350	0	0
Scn7a	91.500000	132	600	0	0	0	0	0	0	0
Kbtbd8	91.000000	264	464	0	0	0	0	0	0	0
Vmn1r20	90.875000	159	568	0	0	0	0	0	0	0
Olfr1239	90.750000	216	510	0	0	0	0	0	0	0
Olfr448	90.500000	279	445	0	0	0	0	0	0	0
Zmpste24	90.375000	0	0	0	136	0	0	587	0	0
Chst2	90.375000	262	461	0	0	0	0	0	0	0
Asxl3	90.250000	215	507	0	0	0	0	0	0	0
Tnks1bp1	90.125000	113	254	0	354	0	0	0	0	0
Pou6f2	90.125000	316	405	0	0	0	0	0	0	0
Mpp5	90.000000	132	588	0	0	0	0	0	0	0
Aadacl2fm1	90.000000	167	173	380	0	0	0	0	0	0
Foxp2	89.125000	189	524	0	0	0	0	0	0	0
Akr1e1	89.125000	418	295	0	0	0	0	0	0	0
Krt28	88.750000	246	464	0	0	0	0	0	0	0
Olfr782	88.250000	267	439	0	0	0	0	0	0	0
Galnt1	88.250000	213	493	0	0	0	0	0	0	0
Zfp979	87.750000	224	478	0	0	0	0	0	0	0
Runx1t1	87.750000	283	419	0	0	0	0	0	0	0
Rapgef5	87.625000	202	499	0	0	0	0	0	0	0
Olfr1307	87.375000	155	544	0	0	0	0	0	0	0
Rergl	86.375000	167	524	0	0	0	0	0	0	0
Gpr85	86.250000	232	458	0	0	0	0	0	0	0
Cntn1	86.000000	191	290	207	0	0	0	0	0	0
Snrpn	85.750000	151	221	314	0	0	0	0	0	0
Arhgap32	85.625000	192	493	0	0	0	0	0	0	0
Gm5136	85.000000	130	550	0	0	0	0	0	0	0
Pcsk1	84.500000	257	419	0	0	0	0	0	0	0
Ptbp3	84.250000	169	505	0	0	0	0	0	0	0
Mmadhc	83.750000	209	461	0	0	0	0	0	0	0
Zfp988	83.375000	285	382	0	0	0	0	0	0	0
4930447C04Rik	83.375000	0	667	0	0	0	0	0	0	0
Golgb1	83.125000	184	481	0	0	0	0	0	0	0
Mmp16	82.875000	105	558	0	0	0	0	0	0	0
Ell2	82.750000	300	362	0	0	0	0	0	0	0
Vmn2r4	82.625000	221	440	0	0	0	0	0	0	0
Otor	82.625000	182	479	0	0	0	0	0	0	0
Rad51ap2	82.250000	124	534	0	0	0	0	0	0	0
Pcdh7	82.250000	262	396	0	0	0	0	0	0	0
Vmn1r83	82.125000	230	427	0	0	0	0	0	0	0
Cep170	81.500000	209	443	0	0	0	0	0	0	0
Lcn4	81.250000	0	0	260	0	0	0	390	0	0
Csrp2	81.125000	257	392	0	0	0	0	0	0	0
Gm1673	80.875000	0	0	207	155	0	0	285	0	0
Rorb	80.750000	156	490	0	0	0	0	0	0	0
Nsmce3	80.250000	142	500	0	0	0	0	0	0	0
Acp7	80.250000	104	538	0	0	0	0	0	0	0
Olfr1104	80.125000	177	464	0	0	0	0	0	0	0
Clip4	80.000000	130	510	0	0	0	0	0	0	0
Sox9	79.375000	0	0	0	635	0	0	0	0	0
Olfr1231	79.125000	224	409	0	0	0	0	0	0	0
Nrxn1	79.125000	207	426	0	0	0	0	0	0	0
Arhgap29	79.000000	101	531	0	0	0	0	0	0	0
Grm3	78.750000	233	397	0	0	0	0	0	0	0
Vmn1r38	78.625000	277	352	0	0	0	0	0	0	0
Tlr4	78.500000	171	457	0	0	0	0	0	0	0
Klf14	78.375000	277	350	0	0	0	0	0	0	0
Zfp382	78.250000	0	0	138	172	0	0	316	0	0
Osbpl1a	78.250000	141	485	0	0	0	0	0	0	0
Pdzrn4	77.750000	215	407	0	0	0	0	0	0	0
Slc8a2	77.500000	0	620	0	0	0	0	0	0	0
Nr3c1	77.375000	170	449	0	0	0	0	0	0	0
Cfh	77.250000	175	443	0	0	0	0	0	0	0
Aig1	77.250000	181	437	0	0	0	0	0	0	0
Ush2a	76.875000	174	221	220	0	0	0	0	0	0
Olfr47	76.875000	96	519	0	0	0	0	0	0	0
Nectin3	76.625000	127	486	0	0	0	0	0	0	0
Defb8	76.625000	266	347	0	0	0	0	0	0	0
Sucnr1	76.000000	129	479	0	0	0	0	0	0	0
Skint1	76.000000	199	409	0	0	0	0	0	0	0
Olfr877	76.000000	196	412	0	0	0	0	0	0	0
Ano5	75.625000	0	0	233	0	0	0	372	0	0
Akap11	75.500000	234	370	0	0	0	0	0	0	0
Krtap19-5	75.375000	268	335	0	0	0	0	0	0	0
Cntn4	74.750000	242	356	0	0	0	0	0	0	0
Ttk	74.625000	204	393	0	0	0	0	0	0	0
Olfr228	74.125000	186	407	0	0	0	0	0	0	0
Zc3h12c	74.000000	162	430	0	0	0	0	0	0	0
Mef2c	74.000000	175	417	0	0	0	0	0	0	0
Epb41l3	73.750000	171	419	0	0	0	0	0	0	0
Pde8b	73.500000	104	484	0	0	0	0	0	0	0
Olfr1412	73.500000	0	0	0	176	0	0	412	0	0
Olfr1411	73.500000	0	0	0	176	0	0	412	0	0
Gpr141	73.375000	87	500	0	0	0	0	0	0	0
Olfr247	73.250000	214	372	0	0	0	0	0	0	0
Grip1	73.250000	151	435	0	0	0	0	0	0	0
Gm10310	73.250000	214	372	0	0	0	0	0	0	0
Glcci1	73.250000	115	471	0	0	0	0	0	0	0
Csrnp3	73.125000	156	429	0	0	0	0	0	0	0
Pclo	72.875000	202	381	0	0	0	0	0	0	0
Taar7a	72.750000	86	159	337	0	0	0	0	0	0
Gabra5	72.750000	194	388	0	0	0	0	0	0	0
Vmn1r72	72.500000	207	373	0	0	0	0	0	0	0
Pcdhb17	72.500000	160	420	0	0	0	0	0	0	0
Hbb-bt	72.375000	181	398	0	0	0	0	0	0	0
Hbb-b2	72.375000	181	398	0	0	0	0	0	0	0
Olfr868	72.250000	160	418	0	0	0	0	0	0	0
Marchf11	72.125000	189	388	0	0	0	0	0	0	0
Sgcz	72.000000	126	450	0	0	0	0	0	0	0
Omd	72.000000	168	408	0	0	0	0	0	0	0
Olfr1051	72.000000	234	342	0	0	0	0	0	0	0
Olfr1308	71.875000	132	443	0	0	0	0	0	0	0
Lamtor3	71.750000	149	425	0	0	0	0	0	0	0
Anxa10	71.750000	190	384	0	0	0	0	0	0	0
Olfr152	71.500000	232	340	0	0	0	0	0	0	0
Chst9	71.375000	203	368	0	0	0	0	0	0	0
Zfc3h1	71.125000	86	483	0	0	0	0	0	0	0
Vmn1r6	71.125000	171	398	0	0	0	0	0	0	0
Thap2	71.125000	86	483	0	0	0	0	0	0	0
C8a	71.125000	144	425	0	0	0	0	0	0	0
C1qtnf2	71.125000	257	312	0	0	0	0	0	0	0
Vmn2r23	71.000000	183	385	0	0	0	0	0	0	0
Fth1	70.750000	0	566	0	0	0	0	0	0	0
Ccdc83	70.750000	0	566	0	0	0	0	0	0	0
Ly6f	70.625000	233	332	0	0	0	0	0	0	0
Prex2	70.500000	197	367	0	0	0	0	0	0	0
Olfr248	70.375000	225	338	0	0	0	0	0	0	0
Ankrd44	70.125000	151	265	0	145	0	0	0	0	0
4930524B15Rik	70.125000	145	416	0	0	0	0	0	0	0
Serpini1	69.875000	223	336	0	0	0	0	0	0	0
Pdcd10	69.875000	223	336	0	0	0	0	0	0	0
Olfr734	69.875000	106	453	0	0	0	0	0	0	0
Lum	69.875000	150	227	0	0	0	0	182	0	0
Olfr24	69.750000	248	310	0	0	0	0	0	0	0
Ncald	69.750000	182	376	0	0	0	0	0	0	0
Spred1	69.000000	230	322	0	0	0	0	0	0	0
Pcdhb16	69.000000	132	420	0	0	0	0	0	0	0
Dtwd2	69.000000	113	439	0	0	0	0	0	0	0
Cntnap4	69.000000	131	421	0	0	0	0	0	0	0
Mme	68.875000	139	412	0	0	0	0	0	0	0
Olfr74	68.750000	202	348	0	0	0	0	0	0	0
Zfp804b	68.625000	201	348	0	0	0	0	0	0	0
Otx2	68.625000	224	325	0	0	0	0	0	0	0
Nebl	68.625000	146	403	0	0	0	0	0	0	0
Mbd5	68.375000	192	355	0	0	0	0	0	0	0
Spcs3	68.250000	154	392	0	0	0	0	0	0	0
Gpr37	68.250000	116	430	0	0	0	0	0	0	0
Zfp384	68.125000	0	0	182	176	0	0	187	0	0
Sybu	68.000000	119	425	0	0	0	0	0	0	0
Lama4	68.000000	230	314	0	0	0	0	0	0	0
1700034I23Rik	67.875000	176	367	0	0	0	0	0	0	0
Ddx60	67.750000	151	391	0	0	0	0	0	0	0
Plek2	67.500000	87	453	0	0	0	0	0	0	0
Olfr13	67.500000	257	283	0	0	0	0	0	0	0
Jazf1	67.250000	169	369	0	0	0	0	0	0	0
Aldoart2	67.000000	161	375	0	0	0	0	0	0	0
Olfr937	66.875000	188	347	0	0	0	0	0	0	0
Pgam2	66.750000	0	0	203	0	0	0	331	0	0
Olfr1230	66.625000	224	309	0	0	0	0	0	0	0
Olfr1152	66.625000	151	382	0	0	0	0	0	0	0
Slc6a15	66.500000	215	317	0	0	0	0	0	0	0
Tox3	66.375000	155	376	0	0	0	0	0	0	0
Myof	66.250000	0	530	0	0	0	0	0	0	0
Olfr1066	66.125000	147	382	0	0	0	0	0	0	0
Rbfox2	66.000000	130	398	0	0	0	0	0	0	0
Dpysl3	65.750000	153	373	0	0	0	0	0	0	0
Mthfd2l	65.625000	167	358	0	0	0	0	0	0	0
Gm14444	65.625000	240	285	0	0	0	0	0	0	0
Cox7c	65.625000	0	525	0	0	0	0	0	0	0
Reg2	65.500000	235	289	0	0	0	0	0	0	0
Ap1s2	65.500000	137	387	0	0	0	0	0	0	0
Plscr5	65.375000	300	223	0	0	0	0	0	0	0
Pid1	65.250000	222	300	0	0	0	0	0	0	0
Krtap13-1	65.250000	0	522	0	0	0	0	0	0	0
Fer	65.125000	161	360	0	0	0	0	0	0	0
Olfr819	64.875000	194	325	0	0	0	0	0	0	0
Tmem207	64.750000	165	353	0	0	0	0	0	0	0
Dmrta1	64.750000	150	368	0	0	0	0	0	0	0
Olfr243	64.625000	181	336	0	0	0	0	0	0	0
Nmu	64.625000	162	355	0	0	0	0	0	0	0
Pcdhb20	64.375000	205	310	0	0	0	0	0	0	0
Pcdhb19	64.375000	205	310	0	0	0	0	0	0	0
Serpinb1b	64.250000	162	352	0	0	0	0	0	0	0
Acer1	63.750000	166	344	0	0	0	0	0	0	0
Olfr356	63.625000	220	289	0	0	0	0	0	0	0
Olfr355	63.625000	220	289	0	0	0	0	0	0	0
Cbln2	63.625000	218	291	0	0	0	0	0	0	0
Slc1a2	63.375000	197	310	0	0	0	0	0	0	0
Ralyl	63.250000	204	302	0	0	0	0	0	0	0
Col1a2	63.250000	133	373	0	0	0	0	0	0	0
Tmem247	63.125000	234	271	0	0	0	0	0	0	0
Pex5l	63.125000	158	347	0	0	0	0	0	0	0
Olfr153	63.125000	161	344	0	0	0	0	0	0	0
Psd4	63.000000	205	299	0	0	0	0	0	0	0
Krtap6-5	63.000000	0	0	287	0	0	0	217	0	0
Gngt1	63.000000	75	429	0	0	0	0	0	0	0
Gm10228	63.000000	0	0	287	0	0	0	217	0	0
Nrg1	62.875000	256	247	0	0	0	0	0	0	0
Npvf	62.750000	114	388	0	0	0	0	0	0	0
Kcnip4	62.750000	233	269	0	0	0	0	0	0	0
Gng12	62.750000	102	400	0	0	0	0	0	0	0
Eps8	62.750000	104	398	0	0	0	0	0	0	0
Olfr820	62.625000	152	349	0	0	0	0	0	0	0
Dsc1	62.500000	247	253	0	0	0	0	0	0	0
Iapp	62.375000	157	342	0	0	0	0	0	0	0
Ugt8a	62.250000	183	315	0	0	0	0	0	0	0
Asph	62.250000	151	347	0	0	0	0	0	0	0
Olfr270	62.125000	202	295	0	0	0	0	0	0	0
Olfr799	62.000000	281	215	0	0	0	0	0	0	0
Cyb5r1	62.000000	191	305	0	0	0	0	0	0	0
Csn3	62.000000	150	346	0	0	0	0	0	0	0
Ccdc89	62.000000	0	0	0	158	0	0	338	0	0
Zfp449	61.875000	0	0	0	0	0	0	495	0	0
Gnb1l	61.750000	0	0	156	338	0	0	0	0	0
Dis3l2	61.625000	103	390	0	0	0	0	0	0	0
Ifi203	61.500000	257	235	0	0	0	0	0	0	0
Pank4	61.375000	202	289	0	0	0	0	0	0	0
Hes5	61.375000	202	289	0	0	0	0	0	0	0
Ftmt	61.375000	128	363	0	0	0	0	0	0	0
Fbxw7	61.250000	169	321	0	0	0	0	0	0	0
Fabp7	61.250000	200	290	0	0	0	0	0	0	0
9330159F19Rik	61.250000	112	378	0	0	0	0	0	0	0
1700006A11Rik	61.250000	213	277	0	0	0	0	0	0	0
Satb1	61.125000	149	340	0	0	0	0	0	0	0
Rbm26	61.125000	0	489	0	0	0	0	0	0	0
Zbtb20	61.000000	168	320	0	0	0	0	0	0	0
Dmrt1	61.000000	98	390	0	0	0	0	0	0	0
Mok	60.875000	0	313	0	0	0	0	174	0	0
Edil3	60.875000	231	256	0	0	0	0	0	0	0
Crisp2	60.875000	173	314	0	0	0	0	0	0	0
Skor1	60.625000	123	362	0	0	0	0	0	0	0
Ppp4r3b	60.625000	117	368	0	0	0	0	0	0	0
Olfr616	60.625000	133	352	0	0	0	0	0	0	0
Pitx2	60.500000	107	377	0	0	0	0	0	0	0
Kcnv1	60.500000	166	318	0	0	0	0	0	0	0
Tex47	60.250000	142	340	0	0	0	0	0	0	0
Rex2	60.250000	205	277	0	0	0	0	0	0	0
Il7r	60.250000	173	309	0	0	0	0	0	0	0
Defb41	60.250000	102	380	0	0	0	0	0	0	0
Phf20l1	60.000000	164	316	0	0	0	0	0	0	0
Vmn2r96	59.875000	114	365	0	0	0	0	0	0	0
Fundc1	59.875000	157	322	0	0	0	0	0	0	0
Calca	59.875000	104	375	0	0	0	0	0	0	0
Plcb4	59.750000	154	324	0	0	0	0	0	0	0
Olfr1105	59.750000	191	287	0	0	0	0	0	0	0
Chil4	59.750000	190	288	0	0	0	0	0	0	0
Psma2	59.500000	89	387	0	0	0	0	0	0	0
Mrpl32	59.500000	89	387	0	0	0	0	0	0	0
Cntn3	59.500000	70	406	0	0	0	0	0	0	0
Yipf7	59.250000	223	251	0	0	0	0	0	0	0
Lrrtm2	59.250000	162	312	0	0	0	0	0	0	0
Gabrg2	59.250000	180	294	0	0	0	0	0	0	0
Rad21	59.125000	187	286	0	0	0	0	0	0	0
Pts	58.875000	0	471	0	0	0	0	0	0	0
Abcb1a	58.875000	220	251	0	0	0	0	0	0	0
Mab21l1	58.750000	152	318	0	0	0	0	0	0	0
Clec5a	58.750000	177	293	0	0	0	0	0	0	0
Gpr151	58.625000	113	356	0	0	0	0	0	0	0
Cps1	58.625000	140	329	0	0	0	0	0	0	0
Scin	58.500000	200	268	0	0	0	0	0	0	0
Retnlg	58.500000	280	188	0	0	0	0	0	0	0
Cma2	58.500000	0	0	0	0	0	0	468	0	0
Utp18	58.375000	142	325	0	0	0	0	0	0	0
Mbtd1	58.375000	142	325	0	0	0	0	0	0	0
Olfr1228	58.250000	185	281	0	0	0	0	0	0	0
Gm32856	58.250000	204	262	0	0	0	0	0	0	0
Azi2	58.250000	0	466	0	0	0	0	0	0	0
Tram1l1	58.125000	202	263	0	0	0	0	0	0	0
Tigd4	58.125000	143	322	0	0	0	0	0	0	0
Tas2r109	58.125000	66	163	236	0	0	0	0	0	0
Sowahb	58.125000	123	342	0	0	0	0	0	0	0
Selenop	58.125000	141	324	0	0	0	0	0	0	0
Pcdha2	58.125000	149	316	0	0	0	0	0	0	0
Htt	58.000000	0	0	464	0	0	0	0	0	0
Zfp959	57.875000	216	247	0	0	0	0	0	0	0
Olfr1252	57.875000	99	185	0	0	0	0	179	0	0
Mettl11b	57.875000	140	323	0	0	0	0	0	0	0
Elavl4	57.875000	211	252	0	0	0	0	0	0	0
Napb	57.750000	197	265	0	0	0	0	0	0	0
Etv1	57.750000	123	339	0	0	0	0	0	0	0
Olfr1034	57.500000	132	328	0	0	0	0	0	0	0
Hdac9	57.500000	144	316	0	0	0	0	0	0	0
Bnc2	57.500000	95	131	0	234	0	0	0	0	0
Slc7a11	57.375000	161	298	0	0	0	0	0	0	0
R3hdm2	57.375000	0	0	0	0	0	0	459	0	0
Zbtb38	57.250000	121	337	0	0	0	0	0	0	0
Hgd	57.250000	123	335	0	0	0	0	0	0	0
Cldn34a	57.250000	142	316	0	0	0	0	0	0	0
Gabarapl2	57.125000	0	0	0	457	0	0	0	0	0
Csmd1	57.125000	161	296	0	0	0	0	0	0	0
Atp6v0d2	57.125000	132	325	0	0	0	0	0	0	0
Zfp936	57.000000	0	0	456	0	0	0	0	0	0
Phip	56.875000	145	310	0	0	0	0	0	0	0
Celf2	56.875000	166	289	0	0	0	0	0	0	0
Gm44501	56.750000	186	268	0	0	0	0	0	0	0
Esp6	56.750000	186	268	0	0	0	0	0	0	0
Bmpr1b	56.750000	141	313	0	0	0	0	0	0	0
Meox2	56.625000	148	305	0	0	0	0	0	0	0
Trdn	56.500000	214	238	0	0	0	0	0	0	0
Manea	56.500000	99	195	0	0	0	0	158	0	0
Cpvl	56.500000	118	334	0	0	0	0	0	0	0
Anxa7	56.500000	0	243	0	209	0	0	0	0	0
Olfr743	56.125000	171	278	0	0	0	0	0	0	0
Olfr391	56.000000	182	266	0	0	0	0	0	0	0
Nt5c1b	56.000000	182	266	0	0	0	0	0	0	0
Lin7a	56.000000	166	282	0	0	0	0	0	0	0
Olfr822	55.875000	171	276	0	0	0	0	0	0	0
Cngb3	55.875000	230	217	0	0	0	0	0	0	0
Vmn2r98	55.750000	155	291	0	0	0	0	0	0	0
Olfr628	55.500000	137	307	0	0	0	0	0	0	0
Olfr315	55.375000	231	212	0	0	0	0	0	0	0
Btla	55.250000	139	303	0	0	0	0	0	0	0
Adgrv1	55.250000	134	308	0	0	0	0	0	0	0
Vav3	55.125000	191	250	0	0	0	0	0	0	0
Lrrc7	55.125000	187	254	0	0	0	0	0	0	0
Rnf169	55.000000	0	0	0	440	0	0	0	0	0
Sprr2f	54.875000	161	278	0	0	0	0	0	0	0
Gfral	54.875000	143	296	0	0	0	0	0	0	0
Lsamp	54.750000	126	312	0	0	0	0	0	0	0
Kcnh7	54.750000	160	278	0	0	0	0	0	0	0
Olfr713	54.625000	91	346	0	0	0	0	0	0	0
Olfr642	54.625000	172	265	0	0	0	0	0	0	0
Ccdc172	54.625000	116	321	0	0	0	0	0	0	0
Prlhr	54.500000	179	257	0	0	0	0	0	0	0
Pax5	54.500000	62	374	0	0	0	0	0	0	0
Focad	54.375000	74	361	0	0	0	0	0	0	0
Cdh2	54.375000	141	294	0	0	0	0	0	0	0
Asb9	54.375000	165	270	0	0	0	0	0	0	0
6720489N17Rik	54.375000	156	279	0	0	0	0	0	0	0
Nfyc	54.000000	158	274	0	0	0	0	0	0	0
Ccser2	54.000000	139	293	0	0	0	0	0	0	0
Mei4	53.875000	143	288	0	0	0	0	0	0	0
Dclk2	53.875000	142	289	0	0	0	0	0	0	0
Cdk14	53.625000	169	260	0	0	0	0	0	0	0
Vmn2r118	53.500000	193	235	0	0	0	0	0	0	0
Tfpi	53.500000	178	250	0	0	0	0	0	0	0
Ifna6	53.375000	174	253	0	0	0	0	0	0	0
Elovl4	53.375000	198	229	0	0	0	0	0	0	0
Atp5g2	53.375000	142	285	0	0	0	0	0	0	0
Olfr303	53.250000	171	255	0	0	0	0	0	0	0
Olfr301	53.250000	171	255	0	0	0	0	0	0	0
Cd200r3	53.250000	102	324	0	0	0	0	0	0	0
Cnksr3	53.125000	171	254	0	0	0	0	0	0	0
Vnn1	53.000000	87	337	0	0	0	0	0	0	0
Tmed11	52.875000	136	287	0	0	0	0	0	0	0
Olfr1216	52.875000	142	281	0	0	0	0	0	0	0
Rmi1	52.750000	0	422	0	0	0	0	0	0	0
Hnrnpk	52.750000	0	422	0	0	0	0	0	0	0
Wiz	52.625000	146	206	69	0	0	0	0	0	0
Vmn2r27	52.625000	155	266	0	0	0	0	0	0	0
Luzp2	52.625000	129	292	0	0	0	0	0	0	0
4933428M09Rik	52.625000	205	216	0	0	0	0	0	0	0
Sult1c1	52.500000	95	325	0	0	0	0	0	0	0
Olfr1123	52.500000	119	301	0	0	0	0	0	0	0
Fgf7	52.500000	95	325	0	0	0	0	0	0	0
Vmn1r27	52.375000	128	291	0	0	0	0	0	0	0
Dtna	52.375000	274	145	0	0	0	0	0	0	0
Olfr149	52.250000	167	251	0	0	0	0	0	0	0
Kcnj16	52.250000	144	274	0	0	0	0	0	0	0
Tusc1	52.125000	172	245	0	0	0	0	0	0	0
Olfr776	52.125000	193	224	0	0	0	0	0	0	0
Olfr648	52.125000	0	0	152	0	0	0	265	0	0
Olfr168	52.125000	166	251	0	0	0	0	0	0	0
Olfr1219	51.875000	97	318	0	0	0	0	0	0	0
Flrt3	51.875000	148	267	0	0	0	0	0	0	0
2310057J18Rik	51.875000	134	281	0	0	0	0	0	0	0
Zic2	51.750000	177	237	0	0	0	0	0	0	0
Ikzf2	51.750000	176	238	0	0	0	0	0	0	0
Gm20594	51.750000	115	299	0	0	0	0	0	0	0
Fibin	51.750000	75	339	0	0	0	0	0	0	0
Ank2	51.750000	132	282	0	0	0	0	0	0	0
Selenok	51.625000	0	413	0	0	0	0	0	0	0
Olfr706	51.625000	104	309	0	0	0	0	0	0	0
Prkn	51.500000	139	273	0	0	0	0	0	0	0
Pot1b	51.500000	192	220	0	0	0	0	0	0	0
Pacrg	51.500000	139	273	0	0	0	0	0	0	0
Olfr985	51.500000	92	320	0	0	0	0	0	0	0
Mllt3	51.500000	136	276	0	0	0	0	0	0	0
Lpxn	51.500000	129	283	0	0	0	0	0	0	0
Zfp804a	51.375000	104	307	0	0	0	0	0	0	0
Olfr1284	51.375000	157	254	0	0	0	0	0	0	0
Krtap6-1	51.375000	142	269	0	0	0	0	0	0	0
Gria4	51.375000	175	236	0	0	0	0	0	0	0
Ezh2	51.375000	105	306	0	0	0	0	0	0	0
Adamtsl1	51.375000	116	295	0	0	0	0	0	0	0
Tigar	51.250000	0	410	0	0	0	0	0	0	0
Olfm3	51.250000	215	195	0	0	0	0	0	0	0
Tmem260	51.125000	78	331	0	0	0	0	0	0	0
Olfr213	51.125000	103	306	0	0	0	0	0	0	0
Tas2r140	51.000000	129	279	0	0	0	0	0	0	0
Olfr154	51.000000	151	257	0	0	0	0	0	0	0
Chrna7	51.000000	124	284	0	0	0	0	0	0	0
4930558C23Rik	51.000000	110	298	0	0	0	0	0	0	0
Olfr812	50.875000	146	261	0	0	0	0	0	0	0
Olfr732	50.875000	125	282	0	0	0	0	0	0	0
Lama2	50.875000	130	277	0	0	0	0	0	0	0
Klhl1	50.875000	163	244	0	0	0	0	0	0	0
Neo1	50.750000	172	234	0	0	0	0	0	0	0
Ugt2b38	50.500000	147	257	0	0	0	0	0	0	0
Gm39653	50.375000	215	188	0	0	0	0	0	0	0
Calcr	50.375000	113	290	0	0	0	0	0	0	0
Zfp932	50.250000	113	289	0	0	0	0	0	0	0
Tlr7	50.250000	113	289	0	0	0	0	0	0	0
Shtn1	50.250000	109	293	0	0	0	0	0	0	0
Rnf128	50.250000	110	292	0	0	0	0	0	0	0
Olfr987	50.250000	162	240	0	0	0	0	0	0	0
Bicd1	50.250000	92	310	0	0	0	0	0	0	0
Twist1	50.125000	123	278	0	0	0	0	0	0	0
L3mbtl3	50.125000	101	300	0	0	0	0	0	0	0
Ifna5	50.125000	80	321	0	0	0	0	0	0	0
Fhit	50.125000	134	267	0	0	0	0	0	0	0
Olfr705	50.000000	145	255	0	0	0	0	0	0	0
Olfr432	50.000000	206	194	0	0	0	0	0	0	0
Wwox	49.875000	0	0	399	0	0	0	0	0	0
Spag9	49.875000	137	262	0	0	0	0	0	0	0
Nr2f1	49.875000	174	225	0	0	0	0	0	0	0
Olfr1246	49.750000	129	269	0	0	0	0	0	0	0
Cntnap5a	49.750000	133	265	0	0	0	0	0	0	0
Unc5c	49.500000	213	183	0	0	0	0	0	0	0
Tma7-ps	49.500000	246	150	0	0	0	0	0	0	0
Sp8	49.500000	153	243	0	0	0	0	0	0	0
Olfr566	49.500000	121	275	0	0	0	0	0	0	0
Olfr1226	49.500000	144	252	0	0	0	0	0	0	0
Olfr1214	49.500000	111	285	0	0	0	0	0	0	0
Nr0b1	49.500000	167	229	0	0	0	0	0	0	0
Ptpn12	49.375000	92	303	0	0	0	0	0	0	0
Fancl	49.375000	123	272	0	0	0	0	0	0	0
Vmn1r10	49.250000	153	241	0	0	0	0	0	0	0
Gm17359	49.250000	0	0	155	239	0	0	0	0	0
Baz2b	49.125000	182	211	0	0	0	0	0	0	0
Asah1	49.125000	89	304	0	0	0	0	0	0	0
2310057N15Rik	49.125000	0	393	0	0	0	0	0	0	0
Galnt13	49.000000	171	221	0	0	0	0	0	0	0
Zfp987	48.875000	191	200	0	0	0	0	0	0	0
Olfr676	48.875000	157	234	0	0	0	0	0	0	0
Rp1	48.750000	150	240	0	0	0	0	0	0	0
Olfr980	48.625000	181	208	0	0	0	0	0	0	0
Olfr979	48.625000	181	208	0	0	0	0	0	0	0
Krtap9-5	48.625000	136	253	0	0	0	0	0	0	0
Glrb	48.625000	127	262	0	0	0	0	0	0	0
Intu	48.500000	109	279	0	0	0	0	0	0	0
Vta1	48.375000	113	274	0	0	0	0	0	0	0
Zswim5	48.250000	83	303	0	0	0	0	0	0	0
Nts	48.250000	230	156	0	0	0	0	0	0	0
Nr5a2	48.250000	113	273	0	0	0	0	0	0	0
Vmn1r8	48.125000	111	274	0	0	0	0	0	0	0
Fbxo28	48.125000	95	290	0	0	0	0	0	0	0
Dnajb4	48.125000	151	234	0	0	0	0	0	0	0
Nkx2-9	48.000000	0	384	0	0	0	0	0	0	0
Plcb1	47.875000	151	232	0	0	0	0	0	0	0
Has2	47.875000	153	230	0	0	0	0	0	0	0
Fgf13	47.875000	143	240	0	0	0	0	0	0	0
Epha7	47.875000	85	298	0	0	0	0	0	0	0
Kcnab1	47.750000	161	221	0	0	0	0	0	0	0
C1galt1	47.750000	91	291	0	0	0	0	0	0	0
Zfp59	47.625000	171	210	0	0	0	0	0	0	0
Shcbp1l	47.625000	0	0	186	0	0	0	195	0	0
Pgap1	47.625000	123	258	0	0	0	0	0	0	0
Olfr1023	47.625000	171	210	0	0	0	0	0	0	0
Olfr1062	47.500000	153	227	0	0	0	0	0	0	0
Gabra6	47.500000	103	277	0	0	0	0	0	0	0
Cp	47.500000	192	188	0	0	0	0	0	0	0
Zfp595	47.375000	150	229	0	0	0	0	0	0	0
Tlr3	47.375000	0	0	0	0	0	0	379	0	0
Olfr491	47.250000	90	288	0	0	0	0	0	0	0
Olfr1168	47.250000	153	225	0	0	0	0	0	0	0
Olfr206	47.125000	183	194	0	0	0	0	0	0	0
Nmbr	47.125000	120	257	0	0	0	0	0	0	0
Gtf3c3	47.125000	0	377	0	0	0	0	0	0	0
Gprc6a	47.125000	167	210	0	0	0	0	0	0	0
Tas2r122	47.000000	123	253	0	0	0	0	0	0	0
Ppp3r2	47.000000	155	221	0	0	0	0	0	0	0
Ifna1	46.875000	143	232	0	0	0	0	0	0	0
Zfhx4	46.750000	140	234	0	0	0	0	0	0	0
Olfr435	46.750000	215	159	0	0	0	0	0	0	0
Gls	46.750000	113	261	0	0	0	0	0	0	0
Eda2r	46.750000	116	258	0	0	0	0	0	0	0
Depdc1a	46.750000	138	236	0	0	0	0	0	0	0
Rasa1	46.625000	101	272	0	0	0	0	0	0	0
Olfr1040	46.625000	131	242	0	0	0	0	0	0	0
Grid2	46.625000	204	169	0	0	0	0	0	0	0
5730409E04Rik	46.625000	123	250	0	0	0	0	0	0	0
Snurf	46.500000	151	221	0	0	0	0	0	0	0
Olfr668	46.500000	102	270	0	0	0	0	0	0	0
Nr4a2	46.500000	157	215	0	0	0	0	0	0	0
Chn1	46.500000	94	278	0	0	0	0	0	0	0
Zc3h12b	46.375000	124	247	0	0	0	0	0	0	0
Csn1s2b	46.375000	163	208	0	0	0	0	0	0	0
Olfr738	46.250000	122	248	0	0	0	0	0	0	0
Cobll1	46.250000	174	196	0	0	0	0	0	0	0
Olfr142	46.125000	163	206	0	0	0	0	0	0	0
Sprr2d	46.000000	159	209	0	0	0	0	0	0	0
Pde4b	46.000000	127	241	0	0	0	0	0	0	0
Lipo1	46.000000	113	255	0	0	0	0	0	0	0
Rasgrf2	45.875000	143	224	0	0	0	0	0	0	0
Olfr1148	45.875000	224	143	0	0	0	0	0	0	0
Marchf1	45.875000	91	276	0	0	0	0	0	0	0
Bnip2	45.875000	87	280	0	0	0	0	0	0	0
Zfp534	45.750000	158	208	0	0	0	0	0	0	0
Smarca1	45.750000	121	245	0	0	0	0	0	0	0
Sfi1	45.750000	81	0	0	0	0	119	166	0	0
Olfr1156	45.750000	117	249	0	0	0	0	0	0	0
AI429214	45.625000	153	212	0	0	0	0	0	0	0
Cdh12	45.500000	182	182	0	0	0	0	0	0	0
Olfr1222	45.375000	150	213	0	0	0	0	0	0	0
Olfr1196	45.375000	101	262	0	0	0	0	0	0	0
Mocs2	45.375000	190	173	0	0	0	0	0	0	0
4930430F08Rik	45.375000	148	215	0	0	0	0	0	0	0
1700017N19Rik	45.375000	148	215	0	0	0	0	0	0	0
Vmn1r232	45.250000	102	260	0	0	0	0	0	0	0
Tmppe	45.250000	0	362	0	0	0	0	0	0	0
Olfr847	45.250000	116	246	0	0	0	0	0	0	0
Cdkn2c	45.250000	134	228	0	0	0	0	0	0	0
Sema3a	45.125000	165	196	0	0	0	0	0	0	0
P2ry1	45.125000	89	272	0	0	0	0	0	0	0
Olfr633	45.125000	108	253	0	0	0	0	0	0	0
Awat1	45.125000	95	266	0	0	0	0	0	0	0
Ric1	45.000000	106	254	0	0	0	0	0	0	0
Olfr113	45.000000	130	230	0	0	0	0	0	0	0
Aadacl2	45.000000	120	240	0	0	0	0	0	0	0
Samsn1	44.875000	140	219	0	0	0	0	0	0	0
Rnf146	44.875000	206	153	0	0	0	0	0	0	0
Mettl14	44.875000	105	254	0	0	0	0	0	0	0
Kctd4	44.875000	88	271	0	0	0	0	0	0	0
Itln1	44.875000	0	359	0	0	0	0	0	0	0
Gulp1	44.875000	151	208	0	0	0	0	0	0	0
Coq3	44.875000	101	258	0	0	0	0	0	0	0
Gabra1	44.750000	114	244	0	0	0	0	0	0	0
Olfr478	44.625000	121	236	0	0	0	0	0	0	0
Msr1	44.625000	93	264	0	0	0	0	0	0	0
Lrch2	44.625000	120	237	0	0	0	0	0	0	0
Chl1	44.625000	148	209	0	0	0	0	0	0	0
Asb4	44.625000	121	236	0	0	0	0	0	0	0
Olfr854	44.500000	156	200	0	0	0	0	0	0	0
Olfr291	44.500000	116	240	0	0	0	0	0	0	0
Olfr1418	44.500000	142	214	0	0	0	0	0	0	0
Fmn2	44.500000	0	356	0	0	0	0	0	0	0
Zfand4	44.375000	123	232	0	0	0	0	0	0	0
Ube3c	44.375000	137	218	0	0	0	0	0	0	0
Tbca	44.375000	0	355	0	0	0	0	0	0	0
Olfr1442	44.375000	148	207	0	0	0	0	0	0	0
Ankrd37	44.375000	89	266	0	0	0	0	0	0	0
Rtkn2	44.250000	0	354	0	0	0	0	0	0	0
Olfr299	44.250000	112	242	0	0	0	0	0	0	0
Klrb1b	44.250000	144	210	0	0	0	0	0	0	0
Cflar	44.250000	0	0	0	0	0	0	354	0	0
Olfr1015	44.125000	144	209	0	0	0	0	0	0	0
Gm4846	44.125000	127	226	0	0	0	0	0	0	0
Gm10267	44.125000	130	223	0	0	0	0	0	0	0
Zfp990	44.000000	97	255	0	0	0	0	0	0	0
Wdsub1	44.000000	104	248	0	0	0	0	0	0	0
Otp	44.000000	112	240	0	0	0	0	0	0	0
Olfr710	44.000000	161	191	0	0	0	0	0	0	0
Mctp1	44.000000	96	256	0	0	0	0	0	0	0
Elobl	44.000000	151	201	0	0	0	0	0	0	0
Coil	44.000000	151	201	0	0	0	0	0	0	0
Zmym4	43.875000	0	351	0	0	0	0	0	0	0
Vmn2r68	43.875000	150	201	0	0	0	0	0	0	0
Tex14	43.875000	0	108	243	0	0	0	0	0	0
Strbp	43.875000	86	265	0	0	0	0	0	0	0
Olfr69	43.875000	152	199	0	0	0	0	0	0	0
Dnm3	43.875000	130	221	0	0	0	0	0	0	0
Mtdh	43.750000	145	205	0	0	0	0	0	0	0
Zfp68	43.625000	95	254	0	0	0	0	0	0	0
Olfr957	43.625000	78	271	0	0	0	0	0	0	0
Klhl38	43.625000	136	213	0	0	0	0	0	0	0
Desi2	43.625000	94	255	0	0	0	0	0	0	0
A430033K04Rik	43.625000	95	254	0	0	0	0	0	0	0
Taar7e	43.500000	95	253	0	0	0	0	0	0	0
Nek11	43.500000	102	246	0	0	0	0	0	0	0
Aste1	43.500000	102	246	0	0	0	0	0	0	0
Olfr821	43.250000	133	213	0	0	0	0	0	0	0
Olfr1008	43.250000	190	156	0	0	0	0	0	0	0
Cplane1	43.250000	82	264	0	0	0	0	0	0	0
Ttc8	43.125000	113	232	0	0	0	0	0	0	0
Prl8a8	43.125000	114	231	0	0	0	0	0	0	0
Zfp462	43.000000	123	221	0	0	0	0	0	0	0
Tmc1	43.000000	102	242	0	0	0	0	0	0	0
Magi3	43.000000	98	246	0	0	0	0	0	0	0
Krtap4-9	43.000000	123	221	0	0	0	0	0	0	0
Grik2	43.000000	164	180	0	0	0	0	0	0	0
Shox2	42.875000	167	176	0	0	0	0	0	0	0
Rsrc1	42.875000	167	176	0	0	0	0	0	0	0
Olfr807	42.875000	137	206	0	0	0	0	0	0	0
Olfr1263	42.875000	158	185	0	0	0	0	0	0	0
Adgrg6	42.875000	0	343	0	0	0	0	0	0	0
Olfr1310	42.750000	138	204	0	0	0	0	0	0	0
Olfr1259	42.750000	129	213	0	0	0	0	0	0	0
Klhl13	42.750000	123	219	0	0	0	0	0	0	0
Cadps	42.750000	122	220	0	0	0	0	0	0	0
Olfr789	42.625000	95	246	0	0	0	0	0	0	0
Olfr52	42.625000	106	235	0	0	0	0	0	0	0
Hspa14	42.625000	0	341	0	0	0	0	0	0	0
Cdnf	42.625000	0	341	0	0	0	0	0	0	0
Adamts20	42.625000	150	191	0	0	0	0	0	0	0
Zfpm2	42.500000	152	188	0	0	0	0	0	0	0
Olfr808	42.500000	136	204	0	0	0	0	0	0	0
Olfr1026	42.500000	81	259	0	0	0	0	0	0	0
Stxbp5l	42.375000	148	191	0	0	0	0	0	0	0
Slc35g3	42.375000	0	0	140	199	0	0	0	0	0
Sema6d	42.375000	110	229	0	0	0	0	0	0	0
Polr2a	42.375000	0	0	140	199	0	0	0	0	0
Olfr996	42.375000	129	210	0	0	0	0	0	0	0
Ogn	42.375000	108	231	0	0	0	0	0	0	0
Kdm5a	42.375000	0	0	0	0	0	0	339	0	0
Gm4981	42.375000	0	0	0	0	0	339	0	0	0
Ccdc77	42.375000	0	0	0	0	0	0	339	0	0
Aadacl2fm2	42.375000	179	160	0	0	0	0	0	0	0
Sult2a1	42.250000	123	215	0	0	0	0	0	0	0
Taar6	42.125000	0	0	337	0	0	0	0	0	0
Map3k7	42.125000	77	260	0	0	0	0	0	0	0
Bcat1	42.125000	0	337	0	0	0	0	0	0	0
Topaz1	42.000000	115	221	0	0	0	0	0	0	0
Ifna13	42.000000	0	140	196	0	0	0	0	0	0
Dpp10	42.000000	145	191	0	0	0	0	0	0	0
Dbx2	42.000000	148	188	0	0	0	0	0	0	0
Pof1b	41.875000	128	207	0	0	0	0	0	0	0
Olfr804	41.875000	173	162	0	0	0	0	0	0	0
Olfr1143	41.875000	114	221	0	0	0	0	0	0	0
Prl2c1	41.625000	130	203	0	0	0	0	0	0	0
Fbxo47	41.625000	0	156	0	177	0	0	0	0	0
Ctsf	41.625000	0	0	0	0	0	0	333	0	0
Vmn2r6	41.500000	125	207	0	0	0	0	0	0	0
Gabrr1	41.500000	0	332	0	0	0	0	0	0	0
Eqtn	41.500000	198	134	0	0	0	0	0	0	0
Olfr1093	41.375000	130	201	0	0	0	0	0	0	0
Gc	41.375000	101	230	0	0	0	0	0	0	0
Cd55b	41.375000	110	221	0	0	0	0	0	0	0
Cacna2d1	41.375000	0	331	0	0	0	0	0	0	0
Zc2hc1a	41.250000	128	202	0	0	0	0	0	0	0
Vmn2r75	41.250000	68	262	0	0	0	0	0	0	0
Usp25	41.250000	126	204	0	0	0	0	0	0	0
Slc22a22	41.250000	156	174	0	0	0	0	0	0	0
Olig3	41.250000	110	220	0	0	0	0	0	0	0
Olfr1079	41.250000	107	223	0	0	0	0	0	0	0
Ifne	41.250000	113	217	0	0	0	0	0	0	0
H2al1m	41.250000	0	330	0	0	0	0	0	0	0
Commd8	41.250000	0	330	0	0	0	0	0	0	0
Olfr1537	41.125000	113	216	0	0	0	0	0	0	0
Nedd4	41.125000	115	214	0	0	0	0	0	0	0
Muc15	41.125000	139	190	0	0	0	0	0	0	0
Dcn	41.125000	125	204	0	0	0	0	0	0	0
Tbc1d2b	41.000000	0	0	0	328	0	0	0	0	0
Stim2	41.000000	128	200	0	0	0	0	0	0	0
Spata6	41.000000	83	245	0	0	0	0	0	0	0
Olfr1137	41.000000	138	190	0	0	0	0	0	0	0
Neil3	41.000000	172	156	0	0	0	0	0	0	0
Bend7	41.000000	151	177	0	0	0	0	0	0	0
Nox3	40.875000	177	150	0	0	0	0	0	0	0
Tas2r138	40.750000	159	167	0	0	0	0	0	0	0
Spata4	40.750000	153	173	0	0	0	0	0	0	0
Ifi202b	40.750000	167	159	0	0	0	0	0	0	0
Dkk2	40.750000	0	326	0	0	0	0	0	0	0
Tdo2	40.625000	138	187	0	0	0	0	0	0	0
Olfr586	40.625000	98	227	0	0	0	0	0	0	0
Adad1	40.625000	0	325	0	0	0	0	0	0	0
Syt4	40.500000	127	197	0	0	0	0	0	0	0
Sstr1	40.500000	110	214	0	0	0	0	0	0	0
Olfr1419	40.500000	95	229	0	0	0	0	0	0	0
Olfr1218	40.500000	117	207	0	0	0	0	0	0	0
Irak1bp1	40.500000	97	227	0	0	0	0	0	0	0
Eomes	40.500000	0	324	0	0	0	0	0	0	0
Clec12a	40.500000	104	220	0	0	0	0	0	0	0
Zpld1	40.375000	70	253	0	0	0	0	0	0	0
Olfr785	40.375000	128	195	0	0	0	0	0	0	0
Olfr1311	40.375000	0	0	0	0	0	0	323	0	0
Olfr944	40.250000	115	207	0	0	0	0	0	0	0
Olfr603	40.250000	190	132	0	0	0	0	0	0	0
Olfr1404	40.250000	174	148	0	0	0	0	0	0	0
Adgrl4	40.250000	122	200	0	0	0	0	0	0	0
Vmn2r102	40.125000	0	105	216	0	0	0	0	0	0
Sis	40.125000	130	191	0	0	0	0	0	0	0
Olfr724	40.125000	169	152	0	0	0	0	0	0	0
Ifna4	40.125000	0	321	0	0	0	0	0	0	0
Gp5	40.125000	161	160	0	0	0	0	0	0	0
Sult1e1	40.000000	103	217	0	0	0	0	0	0	0
Olfr393	40.000000	152	168	0	0	0	0	0	0	0
Kitl	40.000000	139	181	0	0	0	0	0	0	0
Cd200r4	40.000000	0	320	0	0	0	0	0	0	0
Olfr1052	39.875000	112	207	0	0	0	0	0	0	0
Vmn2r66	39.750000	146	172	0	0	0	0	0	0	0
Vmn2r22	39.750000	90	228	0	0	0	0	0	0	0
Pwwp2a	39.750000	65	253	0	0	0	0	0	0	0
Olfr998	39.750000	161	157	0	0	0	0	0	0	0
Olfr1124	39.750000	165	153	0	0	0	0	0	0	0
Fbxl19	39.750000	0	0	0	0	0	0	318	0	0
Fabp2	39.750000	112	206	0	0	0	0	0	0	0
Crls1	39.750000	0	318	0	0	0	0	0	0	0
Bank1	39.750000	123	195	0	0	0	0	0	0	0
Olfr1145	39.625000	169	148	0	0	0	0	0	0	0
Atg3	39.625000	104	213	0	0	0	0	0	0	0
Vmn2r63	39.500000	150	166	0	0	0	0	0	0	0
Pcdha5	39.500000	90	226	0	0	0	0	0	0	0
Olfr1087	39.375000	150	165	0	0	0	0	0	0	0
Olfr1086	39.375000	123	192	0	0	0	0	0	0	0
Cd36	39.375000	135	180	0	0	0	0	0	0	0
Toporsl	39.250000	122	192	0	0	0	0	0	0	0
Phtf1	39.250000	93	221	0	0	0	0	0	0	0
Epyc	39.250000	92	222	0	0	0	0	0	0	0
Cftr	39.250000	72	242	0	0	0	0	0	0	0
Ccdc50	39.250000	0	314	0	0	0	0	0	0	0
Tspyl1	39.125000	76	237	0	0	0	0	0	0	0
Tas2r129	39.125000	126	187	0	0	0	0	0	0	0
Olfr368	39.125000	0	0	313	0	0	0	0	0	0
Olfr1312	39.125000	87	226	0	0	0	0	0	0	0
Ammecr1	39.125000	131	182	0	0	0	0	0	0	0
Vps13a	39.000000	124	188	0	0	0	0	0	0	0
Ptprr	39.000000	121	191	0	0	0	0	0	0	0
Lrif1	39.000000	128	184	0	0	0	0	0	0	0
Tbc1d19	38.875000	123	188	0	0	0	0	0	0	0
Scn1a	38.875000	153	158	0	0	0	0	0	0	0
Prps1l1	38.875000	109	202	0	0	0	0	0	0	0
Sema3d	38.750000	83	227	0	0	0	0	0	0	0
Olfr453	38.750000	138	172	0	0	0	0	0	0	0
Nfkbiz	38.750000	75	235	0	0	0	0	0	0	0
Syt1	38.625000	122	187	0	0	0	0	0	0	0
Pcdhac1	38.625000	118	191	0	0	0	0	0	0	0
Olfr905	38.625000	0	0	168	0	0	0	141	0	0
Olfr592	38.625000	105	204	0	0	0	0	0	0	0
Olfr1101	38.625000	117	192	0	0	0	0	0	0	0
L3mbtl4	38.625000	97	212	0	0	0	0	0	0	0
Gm1322	38.625000	130	179	0	0	0	0	0	0	0
Exoc2	38.625000	155	154	0	0	0	0	0	0	0
Vwc2l	38.500000	159	149	0	0	0	0	0	0	0
Olfr945	38.500000	87	221	0	0	0	0	0	0	0
Olfr598	38.500000	138	170	0	0	0	0	0	0	0
Olfr1256	38.500000	0	308	0	0	0	0	0	0	0
Ly6e	38.500000	0	0	0	0	0	0	308	0	0
Fgd4	38.500000	0	0	0	0	0	0	308	0	0
Eml5	38.500000	87	221	0	0	0	0	0	0	0
Dhx36	38.500000	161	147	0	0	0	0	0	0	0
1700015G11Rik	38.500000	131	177	0	0	0	0	0	0	0
Vmn2r77	38.375000	121	186	0	0	0	0	0	0	0
Trmt5	38.250000	122	184	0	0	0	0	0	0	0
Slc38a6	38.250000	122	184	0	0	0	0	0	0	0
Ndp	38.250000	126	180	0	0	0	0	0	0	0
Ano3	38.250000	115	191	0	0	0	0	0	0	0
Vmn2r7	38.125000	95	210	0	0	0	0	0	0	0
Vmn1r22	38.125000	140	165	0	0	0	0	0	0	0
Usp15	38.125000	83	222	0	0	0	0	0	0	0
Ugt2a1	38.125000	133	172	0	0	0	0	0	0	0
Pdlim3	38.125000	206	99	0	0	0	0	0	0	0
Olfr571	38.125000	161	144	0	0	0	0	0	0	0
Olfr437	38.125000	92	213	0	0	0	0	0	0	0
Olfr1283	38.125000	112	193	0	0	0	0	0	0	0
Krtap19-4	38.125000	126	179	0	0	0	0	0	0	0
Ipcef1	38.125000	125	180	0	0	0	0	0	0	0
Impg1	38.125000	118	187	0	0	0	0	0	0	0
Uprt	38.000000	103	201	0	0	0	0	0	0	0
Tas2r115	38.000000	131	173	0	0	0	0	0	0	0
Nlgn1	38.000000	115	189	0	0	0	0	0	0	0
Kcnt2	38.000000	138	166	0	0	0	0	0	0	0
Ctso	38.000000	130	174	0	0	0	0	0	0	0
Cdh11	38.000000	145	159	0	0	0	0	0	0	0
Zfp385b	37.875000	104	199	0	0	0	0	0	0	0
Vmn1r227	37.875000	136	167	0	0	0	0	0	0	0
Olfr729	37.875000	94	209	0	0	0	0	0	0	0
Olfr1155	37.875000	122	181	0	0	0	0	0	0	0
Dok6	37.875000	135	168	0	0	0	0	0	0	0
Vmn2r95	37.750000	153	149	0	0	0	0	0	0	0
Spinkl	37.750000	142	160	0	0	0	0	0	0	0
Olfr837	37.750000	115	187	0	0	0	0	0	0	0
Olfr1129	37.750000	114	188	0	0	0	0	0	0	0
Kera	37.750000	133	169	0	0	0	0	0	0	0
Jakmip2	37.750000	143	159	0	0	0	0	0	0	0
Scyl3	37.625000	0	301	0	0	0	0	0	0	0
Olfr596	37.625000	169	132	0	0	0	0	0	0	0
Mroh2b	37.625000	154	147	0	0	0	0	0	0	0
Lrrtm1	37.625000	0	301	0	0	0	0	0	0	0
H2bc4	37.625000	0	181	120	0	0	0	0	0	0
H2ac6	37.625000	0	181	120	0	0	0	0	0	0
Gm829	37.625000	0	301	0	0	0	0	0	0	0
Mccc2	37.500000	135	165	0	0	0	0	0	0	0
Clec2g	37.500000	0	300	0	0	0	0	0	0	0
Zfp456	37.375000	0	0	121	0	0	0	178	0	0
Rmdn2	37.375000	103	196	0	0	0	0	0	0	0
Nhsl1	37.375000	0	127	0	0	0	0	172	0	0
Six6	37.250000	151	147	0	0	0	0	0	0	0
Ppfia2	37.250000	153	145	0	0	0	0	0	0	0
Pdgfd	37.250000	100	198	0	0	0	0	0	0	0
Eogt	37.250000	136	162	0	0	0	0	0	0	0
Dcstamp	37.250000	151	147	0	0	0	0	0	0	0
Akr1c19	37.250000	141	157	0	0	0	0	0	0	0
2310061N02Rik	37.250000	139	159	0	0	0	0	0	0	0
Vmn1r230	36.875000	150	145	0	0	0	0	0	0	0
Tmprss11a	36.875000	93	202	0	0	0	0	0	0	0
Olfr195	36.875000	121	174	0	0	0	0	0	0	0
Nt5el	36.875000	155	140	0	0	0	0	0	0	0
Crh	36.875000	168	127	0	0	0	0	0	0	0
Xrn1	36.750000	117	177	0	0	0	0	0	0	0
Vmn2r-ps130	36.750000	86	208	0	0	0	0	0	0	0
Vegfc	36.750000	0	294	0	0	0	0	0	0	0
Slc10a6	36.750000	95	199	0	0	0	0	0	0	0
Rnf43	36.750000	0	294	0	0	0	0	0	0	0
Il1rapl1	36.750000	134	160	0	0	0	0	0	0	0
Olfr1234	36.625000	80	213	0	0	0	0	0	0	0
Mid1	36.625000	147	146	0	0	0	0	0	0	0
Fstl5	36.625000	0	293	0	0	0	0	0	0	0
Fam155a	36.625000	113	180	0	0	0	0	0	0	0
Zfp277	36.500000	80	212	0	0	0	0	0	0	0
Vmn1r11	36.500000	119	173	0	0	0	0	0	0	0
Slitrk2	36.500000	88	204	0	0	0	0	0	0	0
Olfr1128	36.500000	98	194	0	0	0	0	0	0	0
Dock4	36.500000	80	212	0	0	0	0	0	0	0
Prl3b1	36.375000	0	291	0	0	0	0	0	0	0
Olfr1000	36.375000	117	174	0	0	0	0	0	0	0
Kcnk9	36.375000	174	117	0	0	0	0	0	0	0
Il15	36.375000	125	166	0	0	0	0	0	0	0
Gje1	36.375000	82	209	0	0	0	0	0	0	0
Foxg1	36.375000	105	186	0	0	0	0	0	0	0
Atp2b1	36.375000	94	197	0	0	0	0	0	0	0
Vmn1r12	36.250000	99	191	0	0	0	0	0	0	0
Tas2r116	36.250000	128	162	0	0	0	0	0	0	0
Stx17	36.250000	94	196	0	0	0	0	0	0	0
Ptprq	36.250000	90	200	0	0	0	0	0	0	0
Olfr146	36.250000	82	208	0	0	0	0	0	0	0
Hnrnpa3	36.250000	78	212	0	0	0	0	0	0	0
Uba5	36.125000	0	0	0	0	0	0	289	0	0
Rexo5	36.125000	131	158	0	0	0	0	0	0	0
Pou4f2	36.125000	134	155	0	0	0	0	0	0	0
Pnma3	36.125000	90	199	0	0	0	0	0	0	0
Pafah1b2	36.125000	142	147	0	0	0	0	0	0	0
Olfr205	36.125000	173	116	0	0	0	0	0	0	0
Olfr1437	36.125000	129	160	0	0	0	0	0	0	0
Gm4922	36.125000	0	289	0	0	0	0	0	0	0
Eri2	36.125000	131	158	0	0	0	0	0	0	0
Acad11	36.125000	0	0	0	0	0	0	289	0	0
2810021J22Rik	36.125000	0	289	0	0	0	0	0	0	0
Zfp600	36.000000	150	138	0	0	0	0	0	0	0
Tmem196	36.000000	0	288	0	0	0	0	0	0	0
Olfr1158	36.000000	120	168	0	0	0	0	0	0	0
Olfr1013	36.000000	109	179	0	0	0	0	0	0	0
Fgl2	36.000000	78	210	0	0	0	0	0	0	0
Tmem74	35.875000	189	98	0	0	0	0	0	0	0
Tlk1	35.875000	0	287	0	0	0	0	0	0	0
Olfr3	35.875000	102	185	0	0	0	0	0	0	0
Nipsnap3a	35.875000	126	161	0	0	0	0	0	0	0
Mettl25	35.875000	106	181	0	0	0	0	0	0	0
Ccdc59	35.875000	106	181	0	0	0	0	0	0	0
Bhlhe22	35.875000	144	143	0	0	0	0	0	0	0
Adck1	35.875000	141	146	0	0	0	0	0	0	0
Zfp985	35.750000	137	149	0	0	0	0	0	0	0
Raet1e	35.750000	196	90	0	0	0	0	0	0	0
Raet1a	35.750000	196	90	0	0	0	0	0	0	0
Olfr599	35.750000	118	168	0	0	0	0	0	0	0
Cdh9	35.750000	159	127	0	0	0	0	0	0	0
Cacnb2	35.750000	152	134	0	0	0	0	0	0	0
1700019A02Rik	35.750000	125	161	0	0	0	0	0	0	0
Pfn2	35.625000	138	147	0	0	0	0	0	0	0
Galntl6	35.625000	120	165	0	0	0	0	0	0	0
BC030500	35.625000	120	165	0	0	0	0	0	0	0
Vmn1r9	35.500000	79	205	0	0	0	0	0	0	0
Sulf1	35.500000	0	284	0	0	0	0	0	0	0
Strn3	35.500000	103	181	0	0	0	0	0	0	0
Olfr915	35.500000	143	141	0	0	0	0	0	0	0
Ap4s1	35.500000	103	181	0	0	0	0	0	0	0
Zfp91	35.375000	0	283	0	0	0	0	0	0	0
Tent5c	35.375000	0	0	283	0	0	0	0	0	0
Pkn2	35.375000	84	199	0	0	0	0	0	0	0
Olfr811	35.375000	91	192	0	0	0	0	0	0	0
Olfr666	35.375000	122	161	0	0	0	0	0	0	0
Olfr434	35.375000	73	210	0	0	0	0	0	0	0
F13b	35.375000	126	157	0	0	0	0	0	0	0
Esr1	35.375000	0	0	283	0	0	0	0	0	0
Zfp638	35.250000	171	111	0	0	0	0	0	0	0
Ugt2b36	35.250000	105	177	0	0	0	0	0	0	0
Trpc5	35.250000	110	172	0	0	0	0	0	0	0
Rtl4	35.250000	110	172	0	0	0	0	0	0	0
Olfr1189	35.250000	89	193	0	0	0	0	0	0	0
Myh15	35.250000	146	136	0	0	0	0	0	0	0
Lrig2	35.250000	123	159	0	0	0	0	0	0	0
Zfp980	35.125000	126	155	0	0	0	0	0	0	0
Tekt3	35.125000	104	177	0	0	0	0	0	0	0
Olfr791	35.125000	113	168	0	0	0	0	0	0	0
Eef1akmt1	35.000000	0	280	0	0	0	0	0	0	0
Car13	35.000000	122	158	0	0	0	0	0	0	0
Akap6	35.000000	113	167	0	0	0	0	0	0	0
1700074P13Rik	35.000000	98	182	0	0	0	0	0	0	0
Rln1	34.875000	139	140	0	0	0	0	0	0	0
Pmch	34.875000	170	109	0	0	0	0	0	0	0
Olfr460	34.875000	89	190	0	0	0	0	0	0	0
Gm11213	34.875000	0	0	279	0	0	0	0	0	0
Rapgef6	34.750000	105	173	0	0	0	0	0	0	0
Mbip	34.750000	116	162	0	0	0	0	0	0	0
Krt73	34.750000	0	278	0	0	0	0	0	0	0
Igfbpl1	34.750000	0	278	0	0	0	0	0	0	0
Hsf5	34.750000	74	204	0	0	0	0	0	0	0
Gbp8	34.750000	0	278	0	0	0	0	0	0	0
Vmn1r202	34.625000	95	182	0	0	0	0	0	0	0
Olfr133	34.625000	73	204	0	0	0	0	0	0	0
Olfr1031	34.625000	105	172	0	0	0	0	0	0	0
Hapln1	34.625000	103	174	0	0	0	0	0	0	0
Dars	34.625000	0	277	0	0	0	0	0	0	0
Cd44	34.625000	0	277	0	0	0	0	0	0	0
Vmn2r86	34.500000	145	131	0	0	0	0	0	0	0
Olfr351	34.375000	118	157	0	0	0	0	0	0	0
Olfr1126	34.375000	119	156	0	0	0	0	0	0	0
Lacc1	34.375000	0	127	0	148	0	0	0	0	0
Ccdc122	34.375000	0	127	0	148	0	0	0	0	0
Serinc1	34.250000	0	0	274	0	0	0	0	0	0
Pdc	34.250000	79	195	0	0	0	0	0	0	0
Olfr693	34.250000	90	184	0	0	0	0	0	0	0
Dennd5b	34.250000	120	154	0	0	0	0	0	0	0
5730507C01Rik	34.250000	0	0	274	0	0	0	0	0	0
Zpbp	34.125000	144	129	0	0	0	0	0	0	0
Olfr606	34.125000	146	127	0	0	0	0	0	0	0
Olfr1406	34.125000	108	165	0	0	0	0	0	0	0
Ttc5	34.000000	0	272	0	0	0	0	0	0	0
Sult2a5	34.000000	0	272	0	0	0	0	0	0	0
Spata17	34.000000	90	182	0	0	0	0	0	0	0
Olfr723	34.000000	112	160	0	0	0	0	0	0	0
Gpatch2	34.000000	90	182	0	0	0	0	0	0	0
Vmn2r99	33.875000	97	174	0	0	0	0	0	0	0
Olfr145	33.875000	0	271	0	0	0	0	0	0	0
Lipo2	33.875000	161	110	0	0	0	0	0	0	0
Foxd3	33.875000	104	167	0	0	0	0	0	0	0
Uggt2	33.750000	123	147	0	0	0	0	0	0	0
Sesn1	33.750000	114	156	0	0	0	0	0	0	0
Plekhm3	33.750000	113	157	0	0	0	0	0	0	0
Olfr675	33.750000	133	137	0	0	0	0	0	0	0
Olfr667	33.750000	0	270	0	0	0	0	0	0	0
Olfr1178	33.750000	100	170	0	0	0	0	0	0	0
Olfr1153	33.750000	95	175	0	0	0	0	0	0	0
Sntg1	33.625000	174	95	0	0	0	0	0	0	0
Olfr794	33.625000	154	115	0	0	0	0	0	0	0
Olfr694	33.625000	134	135	0	0	0	0	0	0	0
Olfr198	33.625000	120	149	0	0	0	0	0	0	0
Olfr1082	33.625000	120	149	0	0	0	0	0	0	0
Nsmaf	33.625000	92	177	0	0	0	0	0	0	0
Gk2	33.625000	80	189	0	0	0	0	0	0	0
Cwf19l2	33.625000	130	139	0	0	0	0	0	0	0
9230019H11Rik	33.625000	0	0	0	0	0	269	0	0	0
Tyr	33.500000	85	183	0	0	0	0	0	0	0
Taar3	33.500000	169	99	0	0	0	0	0	0	0
Olfr1208	33.500000	106	162	0	0	0	0	0	0	0
Nbr1	33.500000	0	268	0	0	0	0	0	0	0
Nap1l5	33.500000	102	166	0	0	0	0	0	0	0
Gramd1b	33.500000	0	0	0	268	0	0	0	0	0
Brca1	33.500000	0	268	0	0	0	0	0	0	0
Olfr112	33.375000	0	267	0	0	0	0	0	0	0
Vgll3	33.250000	80	186	0	0	0	0	0	0	0
Lrrc36	33.250000	96	170	0	0	0	0	0	0	0
Fmr1	33.250000	99	167	0	0	0	0	0	0	0
Zfp148	33.125000	102	163	0	0	0	0	0	0	0
Krtap27-1	33.125000	150	115	0	0	0	0	0	0	0
Bves	33.125000	85	180	0	0	0	0	0	0	0
Atxn7	33.125000	0	265	0	0	0	0	0	0	0
Olfr1154	33.000000	0	264	0	0	0	0	0	0	0
Gatb	33.000000	106	158	0	0	0	0	0	0	0
Rfx6	32.875000	91	172	0	0	0	0	0	0	0
Phlpp1	32.875000	0	98	0	165	0	0	0	0	0
Crisp4	32.875000	115	148	0	0	0	0	0	0	0
Apc	32.875000	57	206	0	0	0	0	0	0	0
Trat1	32.750000	140	122	0	0	0	0	0	0	0
Stbd1	32.750000	62	200	0	0	0	0	0	0	0
Olfr125	32.750000	142	120	0	0	0	0	0	0	0
Calhm5	32.750000	95	167	0	0	0	0	0	0	0
Olfr698	32.625000	104	157	0	0	0	0	0	0	0
Chd9	32.625000	77	184	0	0	0	0	0	0	0
Sdcbp	32.500000	110	150	0	0	0	0	0	0	0
Olfr934	32.500000	145	115	0	0	0	0	0	0	0
Olfr933	32.500000	145	115	0	0	0	0	0	0	0
Olfr568	32.500000	126	134	0	0	0	0	0	0	0
N4bp2	32.500000	119	141	0	0	0	0	0	0	0
Fam168a	32.500000	82	178	0	0	0	0	0	0	0
Vmn2r73	32.375000	131	128	0	0	0	0	0	0	0
Pak3	32.375000	110	149	0	0	0	0	0	0	0
Efemp1	32.375000	0	259	0	0	0	0	0	0	0
Cdkl5	32.375000	87	172	0	0	0	0	0	0	0
Agmo	32.375000	0	259	0	0	0	0	0	0	0
Vmn2r111	32.250000	127	131	0	0	0	0	0	0	0
Radx	32.250000	69	189	0	0	0	0	0	0	0
Olfr1200	32.250000	96	162	0	0	0	0	0	0	0
Tmx1	32.125000	86	171	0	0	0	0	0	0	0
Prl6a1	32.125000	88	169	0	0	0	0	0	0	0
Olfr1084	32.125000	117	140	0	0	0	0	0	0	0
Olfr1028	32.125000	100	157	0	0	0	0	0	0	0
Fhl5	32.125000	106	151	0	0	0	0	0	0	0
Olfr1317	32.000000	0	256	0	0	0	0	0	0	0
Gria2	32.000000	131	125	0	0	0	0	0	0	0
Plscr4	31.875000	103	152	0	0	0	0	0	0	0
Olfr638	31.875000	75	180	0	0	0	0	0	0	0
Nap1l3	31.875000	0	255	0	0	0	0	0	0	0
Lancl2	31.875000	95	160	0	0	0	0	0	0	0
Arrdc3	31.875000	93	162	0	0	0	0	0	0	0
Ryr2	31.750000	87	167	0	0	0	0	0	0	0
Olfr983	31.750000	134	120	0	0	0	0	0	0	0
Olfr507	31.750000	131	123	0	0	0	0	0	0	0
Olfr1130	31.750000	87	167	0	0	0	0	0	0	0
Ifnz	31.750000	0	0	254	0	0	0	0	0	0
Gm13290	31.750000	0	0	254	0	0	0	0	0	0
Gm13289	31.750000	0	0	254	0	0	0	0	0	0
Gm13285	31.750000	0	0	254	0	0	0	0	0	0
Gm13272	31.750000	0	0	254	0	0	0	0	0	0
Ptpro	31.625000	122	131	0	0	0	0	0	0	0
Olfr1112	31.625000	77	176	0	0	0	0	0	0	0
Olfr1056	31.625000	124	129	0	0	0	0	0	0	0
Ccdc13	31.625000	0	0	97	0	0	0	156	0	0
Amd2	31.625000	89	164	0	0	0	0	0	0	0
Amd1	31.625000	89	164	0	0	0	0	0	0	0
Vmn2r83	31.500000	120	132	0	0	0	0	0	0	0
Olfr259	31.500000	105	147	0	0	0	0	0	0	0
Gm5938	31.500000	68	184	0	0	0	0	0	0	0
Fabp12	31.500000	0	0	168	0	0	0	84	0	0
Asmt	31.500000	104	0	148	0	0	0	0	0	0
Vmn1r82	31.375000	126	125	0	0	0	0	0	0	0
Ankrd22	31.375000	0	251	0	0	0	0	0	0	0
Vmn1r233	31.250000	88	162	0	0	0	0	0	0	0
Ppp3ca	31.250000	69	181	0	0	0	0	0	0	0
Olfr199	31.250000	127	123	0	0	0	0	0	0	0
Gorab	31.250000	0	250	0	0	0	0	0	0	0
Fnta	31.250000	98	152	0	0	0	0	0	0	0
Sycp1	31.125000	127	122	0	0	0	0	0	0	0
Sox5	31.125000	85	164	0	0	0	0	0	0	0
Olfr27	31.125000	79	170	0	0	0	0	0	0	0
Olfr1313	31.125000	79	170	0	0	0	0	0	0	0
Krit1	31.125000	101	148	0	0	0	0	0	0	0
Ankib1	31.125000	101	148	0	0	0	0	0	0	0
Slc5a12	31.000000	135	113	0	0	0	0	0	0	0
Serpina7	31.000000	103	145	0	0	0	0	0	0	0
Phf3	31.000000	101	147	0	0	0	0	0	0	0
Erdr1	31.000000	0	0	0	0	0	0	248	0	0
BC107364	31.000000	0	0	248	0	0	0	0	0	0
4930513O06Rik	31.000000	103	145	0	0	0	0	0	0	0
Tmtc3	30.875000	0	247	0	0	0	0	0	0	0
Tgtp2	30.875000	81	166	0	0	0	0	0	0	0
Olfr132	30.875000	123	124	0	0	0	0	0	0	0
Olfr1141	30.875000	90	157	0	0	0	0	0	0	0
Olfr1106	30.875000	111	136	0	0	0	0	0	0	0
Nxph2	30.875000	141	106	0	0	0	0	0	0	0
Cep290	30.875000	0	247	0	0	0	0	0	0	0
Trappc4	30.750000	0	0	246	0	0	0	0	0	0
Rps25	30.750000	0	0	246	0	0	0	0	0	0
Olfr963	30.750000	98	148	0	0	0	0	0	0	0
Olfr1022	30.750000	116	130	0	0	0	0	0	0	0
Gm5622	30.750000	0	0	246	0	0	0	0	0	0
Crisp1	30.750000	128	118	0	0	0	0	0	0	0
Asb5	30.750000	0	246	0	0	0	0	0	0	0
Rgs2	30.625000	111	134	0	0	0	0	0	0	0
Pou1f1	30.625000	119	126	0	0	0	0	0	0	0
Olfr727	30.625000	110	135	0	0	0	0	0	0	0
Olfr484	30.625000	74	171	0	0	0	0	0	0	0
Lipo3	30.625000	104	141	0	0	0	0	0	0	0
Izumo3	30.625000	86	159	0	0	0	0	0	0	0
Esp16	30.625000	99	146	0	0	0	0	0	0	0
Dcbld2	30.625000	83	162	0	0	0	0	0	0	0
Chrna5	30.625000	0	245	0	0	0	0	0	0	0
Reg3g	30.500000	86	158	0	0	0	0	0	0	0
Olfr661	30.500000	113	131	0	0	0	0	0	0	0
Glra3	30.500000	101	143	0	0	0	0	0	0	0
Cmc1	30.500000	0	244	0	0	0	0	0	0	0
Zkscan8	30.375000	73	170	0	0	0	0	0	0	0
Vmn1r15	30.375000	98	145	0	0	0	0	0	0	0
Cfap69	30.375000	69	174	0	0	0	0	0	0	0
Taar2	30.250000	95	147	0	0	0	0	0	0	0
Olfr593	30.250000	118	124	0	0	0	0	0	0	0
Npy6r	30.250000	99	143	0	0	0	0	0	0	0
Olfr209	30.125000	133	108	0	0	0	0	0	0	0
Olfr207	30.125000	133	108	0	0	0	0	0	0	0
Olfr1206	30.125000	70	171	0	0	0	0	0	0	0
Esp1	30.125000	78	163	0	0	0	0	0	0	0
Ube2s	30.000000	0	0	240	0	0	0	0	0	0
Tas2r113	30.000000	131	109	0	0	0	0	0	0	0
Olfr930	30.000000	123	117	0	0	0	0	0	0	0
Olfr559	30.000000	101	139	0	0	0	0	0	0	0
Olfr1109	30.000000	106	134	0	0	0	0	0	0	0
0610010F05Rik	30.000000	132	108	0	0	0	0	0	0	0
Vmn2r2	29.875000	94	145	0	0	0	0	0	0	0
Ptp4a2	29.875000	0	239	0	0	0	0	0	0	0
Pcdhb11	29.875000	111	128	0	0	0	0	0	0	0
Olfr1111	29.875000	0	239	0	0	0	0	0	0	0
Efr3a	29.875000	104	135	0	0	0	0	0	0	0
Dcun1d5	29.875000	75	164	0	0	0	0	0	0	0
Wdr35	29.750000	112	126	0	0	0	0	0	0	0
Vmn2r124	29.750000	80	158	0	0	0	0	0	0	0
Nalcn	29.750000	120	118	0	0	0	0	0	0	0
Ms4a4b	29.750000	0	238	0	0	0	0	0	0	0
Wdr49	29.625000	130	107	0	0	0	0	0	0	0
Trnt1	29.625000	0	0	0	0	0	0	237	0	0
Krtap4-8	29.625000	123	114	0	0	0	0	0	0	0
Cstdc6	29.625000	0	0	237	0	0	0	0	0	0
Strap	29.500000	0	236	0	0	0	0	0	0	0
Spata48	29.500000	145	91	0	0	0	0	0	0	0
Prkra	29.500000	94	142	0	0	0	0	0	0	0
Pjvk	29.500000	94	142	0	0	0	0	0	0	0
Olfr745	29.500000	82	154	0	0	0	0	0	0	0
Olfr739	29.500000	87	149	0	0	0	0	0	0	0
Cyp2c67	29.500000	69	167	0	0	0	0	0	0	0
Uty	29.375000	0	0	235	0	0	0	0	0	0
Trim23	29.375000	84	151	0	0	0	0	0	0	0
Trappc13	29.375000	84	151	0	0	0	0	0	0	0
Shld3	29.375000	84	151	0	0	0	0	0	0	0
Olfr971	29.375000	104	131	0	0	0	0	0	0	0
Fundc2	29.375000	59	176	0	0	0	0	0	0	0
Filip1l	29.375000	124	111	0	0	0	0	0	0	0
F8	29.375000	59	176	0	0	0	0	0	0	0
Txndc12	29.250000	74	160	0	0	0	0	0	0	0
Tmprss11f	29.250000	94	140	0	0	0	0	0	0	0
Pcdha3	29.250000	105	129	0	0	0	0	0	0	0
Olfr801	29.250000	88	146	0	0	0	0	0	0	0
Olfr722	29.250000	100	134	0	0	0	0	0	0	0
Btf3l4	29.250000	74	160	0	0	0	0	0	0	0
Olfr859	29.125000	117	116	0	0	0	0	0	0	0
Olfr1151	29.125000	64	169	0	0	0	0	0	0	0
Zfp64	29.000000	0	232	0	0	0	0	0	0	0
Usp34	29.000000	0	232	0	0	0	0	0	0	0
Scgb3a2	29.000000	95	137	0	0	0	0	0	0	0
Olfr619	29.000000	69	163	0	0	0	0	0	0	0
Olfr618	29.000000	69	163	0	0	0	0	0	0	0
Nol4	29.000000	0	232	0	0	0	0	0	0	0
Ly86	29.000000	0	232	0	0	0	0	0	0	0
Immp1l	29.000000	0	232	0	0	0	0	0	0	0
Igip	29.000000	86	146	0	0	0	0	0	0	0
Gm14151	29.000000	0	232	0	0	0	0	0	0	0
Gm14147	29.000000	0	232	0	0	0	0	0	0	0
Gm13283	29.000000	0	0	232	0	0	0	0	0	0
Elp4	29.000000	0	232	0	0	0	0	0	0	0
4921524L21Rik	29.000000	89	143	0	0	0	0	0	0	0
1700057G04Rik	29.000000	0	232	0	0	0	0	0	0	0
Vmn2r93	28.875000	120	111	0	0	0	0	0	0	0
Vmn2r92	28.875000	112	119	0	0	0	0	0	0	0
Trhr	28.875000	123	108	0	0	0	0	0	0	0
Tle4	28.875000	132	99	0	0	0	0	0	0	0
Rel	28.875000	0	231	0	0	0	0	0	0	0
Olfr851	28.875000	0	231	0	0	0	0	0	0	0
Olfr714	28.875000	94	137	0	0	0	0	0	0	0
Olfr64	28.875000	105	126	0	0	0	0	0	0	0
Olfr1002	28.875000	104	127	0	0	0	0	0	0	0
Ptchd4	28.750000	112	118	0	0	0	0	0	0	0
Tgfb2	28.625000	0	229	0	0	0	0	0	0	0
Olfr461	28.625000	0	0	229	0	0	0	0	0	0
Olfr110	28.625000	65	164	0	0	0	0	0	0	0
Olfr1045	28.625000	85	144	0	0	0	0	0	0	0
Klk14	28.625000	0	0	229	0	0	0	0	0	0
2300009A05Rik	28.625000	0	229	0	0	0	0	0	0	0
Smc6	28.500000	104	124	0	0	0	0	0	0	0
Olfr967	28.500000	0	228	0	0	0	0	0	0	0
Olfr1204	28.500000	100	128	0	0	0	0	0	0	0
Gen1	28.500000	104	124	0	0	0	0	0	0	0
Adam29	28.500000	0	228	0	0	0	0	0	0	0
Tmem182	28.375000	99	128	0	0	0	0	0	0	0
Olfr1213	28.375000	101	126	0	0	0	0	0	0	0
Olfr141	28.250000	0	226	0	0	0	0	0	0	0
Nkain2	28.250000	105	121	0	0	0	0	0	0	0
Ugt2b5	28.125000	67	158	0	0	0	0	0	0	0
Rrm2b	28.125000	116	109	0	0	0	0	0	0	0
Olfr955	28.125000	0	225	0	0	0	0	0	0	0
Olfr417	28.125000	91	134	0	0	0	0	0	0	0
Olfr297	28.125000	104	121	0	0	0	0	0	0	0
Mpp7	28.125000	0	0	225	0	0	0	0	0	0
Klf5	28.125000	0	225	0	0	0	0	0	0	0
Hsfy2	28.125000	95	130	0	0	0	0	0	0	0
Pcdhb21	28.000000	130	94	0	0	0	0	0	0	0
Olfr273	28.000000	106	118	0	0	0	0	0	0	0
Hoatz	28.000000	96	128	0	0	0	0	0	0	0
Hbb-y	28.000000	125	99	0	0	0	0	0	0	0
Tas2r124	27.875000	0	223	0	0	0	0	0	0	0
Sult1d1	27.875000	138	85	0	0	0	0	0	0	0
Slc4a4	27.875000	99	124	0	0	0	0	0	0	0
Rin3	27.875000	0	0	223	0	0	0	0	0	0
Wsb1	27.750000	0	222	0	0	0	0	0	0	0
Skint8	27.750000	89	133	0	0	0	0	0	0	0
Pus10	27.750000	104	118	0	0	0	0	0	0	0
Ppp2r3a	27.750000	98	124	0	0	0	0	0	0	0
Papolb	27.750000	95	127	0	0	0	0	0	0	0
Olfr229	27.750000	88	134	0	0	0	0	0	0	0
Mterf1a	27.750000	0	222	0	0	0	0	0	0	0
Hbs1l	27.750000	123	99	0	0	0	0	0	0	0
Olfr514	27.625000	0	0	0	0	0	0	221	0	0
Ociad1	27.625000	0	221	0	0	0	0	0	0	0
Kat7	27.625000	0	0	0	0	0	0	221	0	0
Gm13288	27.625000	0	0	221	0	0	0	0	0	0
Gm13287	27.625000	0	0	221	0	0	0	0	0	0
Gm11596	27.625000	0	221	0	0	0	0	0	0	0
Olfr488	27.500000	99	121	0	0	0	0	0	0	0
4930426D05Rik	27.500000	111	109	0	0	0	0	0	0	0
Pate5	27.375000	98	121	0	0	0	0	0	0	0
Mepe	27.375000	102	117	0	0	0	0	0	0	0
Arl6	27.375000	100	119	0	0	0	0	0	0	0
Xcl1	27.250000	87	131	0	0	0	0	0	0	0
Speer4e	27.250000	0	0	0	0	0	218	0	0	0
Rfx7	27.250000	108	110	0	0	0	0	0	0	0
Phc1	27.250000	0	218	0	0	0	0	0	0	0
Oxsm	27.250000	0	218	0	0	0	0	0	0	0
Olfr487	27.250000	111	107	0	0	0	0	0	0	0
Olfr109	27.250000	118	100	0	0	0	0	0	0	0
Nkain3	27.250000	74	144	0	0	0	0	0	0	0
Ngly1	27.250000	0	218	0	0	0	0	0	0	0
4921504E06Rik	27.250000	68	150	0	0	0	0	0	0	0
Zfp654	27.125000	0	217	0	0	0	0	0	0	0
Tnfrsf19	27.125000	100	117	0	0	0	0	0	0	0
Slc13a1	27.125000	91	126	0	0	0	0	0	0	0
Ranbp6	27.125000	118	99	0	0	0	0	0	0	0
Olfr894	27.125000	115	102	0	0	0	0	0	0	0
Olfr493	27.125000	88	129	0	0	0	0	0	0	0
Neurod4	27.125000	103	114	0	0	0	0	0	0	0
Klhl15	27.125000	83	134	0	0	0	0	0	0	0
Gm28710	27.125000	0	217	0	0	0	0	0	0	0
Rps13	27.000000	80	136	0	0	0	0	0	0	0
Olfr1055	27.000000	110	106	0	0	0	0	0	0	0
Itgb8	27.000000	78	138	0	0	0	0	0	0	0
Gm5127	27.000000	112	104	0	0	0	0	0	0	0
Akr1c12	27.000000	69	147	0	0	0	0	0	0	0
Zfp760	26.875000	78	137	0	0	0	0	0	0	0
Poglut2	26.875000	117	98	0	0	0	0	0	0	0
Olfr1089	26.875000	89	126	0	0	0	0	0	0	0
Bivm	26.875000	117	98	0	0	0	0	0	0	0
Ar	26.875000	109	106	0	0	0	0	0	0	0
Synpr	26.750000	88	126	0	0	0	0	0	0	0
Pbx1	26.750000	97	117	0	0	0	0	0	0	0
Olfr792	26.750000	87	127	0	0	0	0	0	0	0
Kbtbd12	26.750000	94	120	0	0	0	0	0	0	0
Ccn2	26.750000	0	214	0	0	0	0	0	0	0
Wnt16	26.625000	90	123	0	0	0	0	0	0	0
Pcdhb7	26.625000	105	108	0	0	0	0	0	0	0
Ephb4	26.625000	0	0	0	0	0	0	213	0	0
Amacr	26.625000	0	0	0	213	0	0	0	0	0
Slc4a10	26.500000	70	142	0	0	0	0	0	0	0
Olfr911-ps1	26.500000	106	106	0	0	0	0	0	0	0
Nox4	26.500000	75	137	0	0	0	0	0	0	0
Defb18	26.500000	95	117	0	0	0	0	0	0	0
Atf2	26.500000	104	108	0	0	0	0	0	0	0
Slc35g2	26.375000	0	211	0	0	0	0	0	0	0
Echdc1	26.375000	0	211	0	0	0	0	0	0	0
Eapp	26.375000	0	0	211	0	0	0	0	0	0
Vcpip1	26.250000	0	210	0	0	0	0	0	0	0
Tmem30c	26.250000	0	210	0	0	0	0	0	0	0
Pdzd8	26.250000	0	210	0	0	0	0	0	0	0
Olfr178	26.250000	104	106	0	0	0	0	0	0	0
Ms4a6b	26.250000	0	210	0	0	0	0	0	0	0
Morc4	26.250000	0	210	0	0	0	0	0	0	0
Dis3l	26.250000	0	210	0	0	0	0	0	0	0
Cacna2d3	26.250000	0	210	0	0	0	0	0	0	0
Tmem47	26.125000	0	209	0	0	0	0	0	0	0
Olfr1182	26.125000	95	114	0	0	0	0	0	0	0
Cyct	26.125000	92	117	0	0	0	0	0	0	0
Vmn2r72	26.000000	87	121	0	0	0	0	0	0	0
Olfr775	26.000000	111	97	0	0	0	0	0	0	0
Ifi211	26.000000	0	208	0	0	0	0	0	0	0
Olfr497	25.875000	87	120	0	0	0	0	0	0	0
Olfr1314	25.875000	59	148	0	0	0	0	0	0	0
Map2k5	25.875000	117	90	0	0	0	0	0	0	0
Elavl2	25.875000	81	126	0	0	0	0	0	0	0
Bmpr2	25.875000	92	115	0	0	0	0	0	0	0
Tex9	25.750000	89	117	0	0	0	0	0	0	0
Btbd8	25.750000	0	206	0	0	0	0	0	0	0
Pgr15l	25.625000	55	150	0	0	0	0	0	0	0
Pdp1	25.625000	84	121	0	0	0	0	0	0	0
Colec10	25.625000	0	205	0	0	0	0	0	0	0
Tbx22	25.500000	103	101	0	0	0	0	0	0	0
Smurf1	25.500000	0	0	0	0	0	0	0	204	0
Prl8a9	25.500000	0	204	0	0	0	0	0	0	0
Kel	25.500000	0	204	0	0	0	0	0	0	0
H1f5	25.500000	87	117	0	0	0	0	0	0	0
Gm5072	25.500000	0	204	0	0	0	0	0	0	0
Gm13279	25.500000	0	0	204	0	0	0	0	0	0
Gm13278	25.500000	0	0	204	0	0	0	0	0	0
Gm13277	25.500000	0	0	204	0	0	0	0	0	0
Gm13276	25.500000	0	0	204	0	0	0	0	0	0
Plpp6	25.375000	95	108	0	0	0	0	0	0	0
Olfr1370	25.375000	92	111	0	0	0	0	0	0	0
Glb1l3	25.375000	95	108	0	0	0	0	0	0	0
Cela2a	25.375000	113	90	0	0	0	0	0	0	0
4430402I18Rik	25.375000	95	108	0	0	0	0	0	0	0
Pth	25.250000	66	136	0	0	0	0	0	0	0
Olfr914	25.250000	79	123	0	0	0	0	0	0	0
Olfr1136	25.250000	120	82	0	0	0	0	0	0	0
Mnat1	25.250000	0	202	0	0	0	0	0	0	0
Fezf1	25.250000	202	0	0	0	0	0	0	0	0
Olfr597	25.125000	105	96	0	0	0	0	0	0	0
Olfr589	25.125000	78	123	0	0	0	0	0	0	0
Neurod1	25.125000	105	96	0	0	0	0	0	0	0
Aadac	25.125000	102	99	0	0	0	0	0	0	0
1700009N14Rik	25.125000	114	87	0	0	0	0	0	0	0
Srsf11	25.000000	0	200	0	0	0	0	0	0	0
Hjurp	25.000000	106	94	0	0	0	0	0	0	0
Esp15	25.000000	82	118	0	0	0	0	0	0	0
Dchs2	25.000000	0	0	200	0	0	0	0	0	0
Aga	25.000000	72	128	0	0	0	0	0	0	0
A730008H23Rik	25.000000	106	94	0	0	0	0	0	0	0
Zfp991	24.875000	0	0	0	0	0	199	0	0	0
Tescl	24.875000	0	199	0	0	0	0	0	0	0
Sgsm1	24.875000	0	199	0	0	0	0	0	0	0
Prph2	24.875000	0	199	0	0	0	0	0	0	0
Ocln	24.875000	0	199	0	0	0	0	0	0	0
Nabp1	24.875000	0	199	0	0	0	0	0	0	0
Lsm6	24.875000	0	199	0	0	0	0	0	0	0
Krtap31-2	24.875000	0	199	0	0	0	0	0	0	0
Jak2	24.875000	61	138	0	0	0	0	0	0	0
Asgr2	24.875000	0	199	0	0	0	0	0	0	0
Zfp981	24.750000	198	0	0	0	0	0	0	0	0
Suz12	24.750000	83	115	0	0	0	0	0	0	0
Olfr1053	24.750000	69	129	0	0	0	0	0	0	0
Zfp72	24.500000	98	98	0	0	0	0	0	0	0
Wac	24.500000	0	196	0	0	0	0	0	0	0
Vmn2r24	24.375000	0	195	0	0	0	0	0	0	0
Vmn1r37	24.375000	80	115	0	0	0	0	0	0	0
Stard3	24.375000	0	0	0	0	0	0	0	195	0
Plppr4	24.375000	0	195	0	0	0	0	0	0	0
Olfr1120	24.375000	66	129	0	0	0	0	0	0	0
Braf	24.375000	0	195	0	0	0	0	0	0	0
Olfr1250	24.250000	0	194	0	0	0	0	0	0	0
Nrep	24.250000	0	194	0	0	0	0	0	0	0
Epha5	24.250000	132	62	0	0	0	0	0	0	0
Vmn2r115	24.125000	193	0	0	0	0	0	0	0	0
Pudp	24.125000	98	95	0	0	0	0	0	0	0
Olfr1049	24.125000	0	193	0	0	0	0	0	0	0
Crispld1	24.125000	0	193	0	0	0	0	0	0	0
Vmn1r196	24.000000	86	106	0	0	0	0	0	0	0
Olfr707	24.000000	67	125	0	0	0	0	0	0	0
Fut9	24.000000	70	122	0	0	0	0	0	0	0
Spin4	23.875000	0	191	0	0	0	0	0	0	0
Kmt2e	23.875000	0	191	0	0	0	0	0	0	0
Snx13	23.750000	0	190	0	0	0	0	0	0	0
Olfr292	23.750000	83	107	0	0	0	0	0	0	0
Trim37	23.625000	0	189	0	0	0	0	0	0	0
Tfdp2	23.625000	0	189	0	0	0	0	0	0	0
Slc8a1	23.625000	0	189	0	0	0	0	0	0	0
Rdm1	23.625000	0	0	189	0	0	0	0	0	0
Olfr231	23.625000	0	189	0	0	0	0	0	0	0
Mapk1ip1l	23.625000	92	97	0	0	0	0	0	0	0
Vmn1r77	23.500000	95	93	0	0	0	0	0	0	0
Ubxn4	23.500000	0	188	0	0	0	0	0	0	0
Tex55	23.500000	0	188	0	0	0	0	0	0	0
Pld1	23.500000	0	188	0	0	0	0	0	0	0
Pgk1	23.500000	0	0	0	0	0	0	188	0	0
Perp	23.500000	0	188	0	0	0	0	0	0	0
Olfr1170	23.500000	76	112	0	0	0	0	0	0	0
Msra	23.500000	0	188	0	0	0	0	0	0	0
Mcm9	23.500000	0	188	0	0	0	0	0	0	0
Lmo1	23.500000	0	188	0	0	0	0	0	0	0
Kcnmb4	23.500000	0	188	0	0	0	0	0	0	0
Hgf	23.500000	84	104	0	0	0	0	0	0	0
Gmnn	23.500000	0	188	0	0	0	0	0	0	0
Ggps1	23.500000	0	188	0	0	0	0	0	0	0
Gca	23.500000	0	188	0	0	0	0	0	0	0
Crot	23.500000	0	0	0	0	0	0	188	0	0
Arid4b	23.500000	0	188	0	0	0	0	0	0	0
Aebp2	23.500000	0	188	0	0	0	0	0	0	0
AU015228	23.500000	0	188	0	0	0	0	0	0	0
Olfr1090	23.375000	86	101	0	0	0	0	0	0	0
Limch1	23.375000	70	117	0	0	0	0	0	0	0
Dnajb9	23.375000	0	187	0	0	0	0	0	0	0
Zfp207	23.250000	0	186	0	0	0	0	0	0	0
S100a7l2	23.250000	113	73	0	0	0	0	0	0	0
Prl8a6	23.250000	0	186	0	0	0	0	0	0	0
Olfr295	23.250000	94	92	0	0	0	0	0	0	0
Nova1	23.250000	89	97	0	0	0	0	0	0	0
Lcorl	23.250000	87	99	0	0	0	0	0	0	0
Klf4	23.250000	0	0	0	0	0	186	0	0	0
Ints9	23.250000	0	186	0	0	0	0	0	0	0
Hmbox1	23.250000	0	186	0	0	0	0	0	0	0
Casp4	23.250000	0	186	0	0	0	0	0	0	0
Slc30a8	23.125000	0	185	0	0	0	0	0	0	0
Akr1c20	23.125000	0	185	0	0	0	0	0	0	0
Tmem126b	23.000000	100	84	0	0	0	0	0	0	0
Tgif2lx2	23.000000	75	109	0	0	0	0	0	0	0
Tgif2lx1	23.000000	75	109	0	0	0	0	0	0	0
Rims2	23.000000	0	184	0	0	0	0	0	0	0
Spp1	22.875000	0	183	0	0	0	0	0	0	0
Sltm	22.875000	0	183	0	0	0	0	0	0	0
Olfr800	22.875000	0	183	0	0	0	0	0	0	0
Olfr1029	22.875000	0	183	0	0	0	0	0	0	0
Ggnbp2	22.875000	0	183	0	0	0	0	0	0	0
Cd163l1	22.875000	0	0	183	0	0	0	0	0	0
Vmn2r91	22.750000	96	86	0	0	0	0	0	0	0
Vmn1r30	22.750000	0	182	0	0	0	0	0	0	0
Rps6ka6	22.750000	0	182	0	0	0	0	0	0	0
Olfr1134	22.750000	74	108	0	0	0	0	0	0	0
Gm13275	22.750000	0	0	182	0	0	0	0	0	0
Erich3	22.750000	0	182	0	0	0	0	0	0	0
Cpeb3	22.750000	0	182	0	0	0	0	0	0	0
Arrdc4	22.750000	0	0	0	182	0	0	0	0	0
Sem1	22.625000	0	181	0	0	0	0	0	0	0
Mos	22.625000	105	76	0	0	0	0	0	0	0
Olfr843	22.500000	86	94	0	0	0	0	0	0	0
Gm5108	22.500000	0	180	0	0	0	0	0	0	0
Csn2	22.500000	0	180	0	0	0	0	0	0	0
Ccdc88a	22.500000	0	180	0	0	0	0	0	0	0
Tshb	22.375000	0	179	0	0	0	0	0	0	0
Tceal8	22.375000	0	179	0	0	0	0	0	0	0
Satl1	22.375000	0	179	0	0	0	0	0	0	0
Mpped2	22.375000	0	179	0	0	0	0	0	0	0
Gm51573	22.375000	0	0	0	0	0	179	0	0	0
Ube2h	22.250000	0	178	0	0	0	0	0	0	0
Kcnn2	22.250000	0	178	0	0	0	0	0	0	0
Car3	22.250000	0	178	0	0	0	0	0	0	0
Zfp263	22.125000	0	0	177	0	0	0	0	0	0
Txndc8	22.125000	0	177	0	0	0	0	0	0	0
Terb2	22.125000	0	177	0	0	0	0	0	0	0
Teddm2	22.125000	0	177	0	0	0	0	0	0	0
Sult4a1	22.125000	0	177	0	0	0	0	0	0	0
Spata16	22.125000	0	177	0	0	0	0	0	0	0
Patl2	22.125000	0	177	0	0	0	0	0	0	0
Olfr1166	22.125000	0	177	0	0	0	0	0	0	0
Nsun6	22.125000	96	81	0	0	0	0	0	0	0
Il1rn	22.125000	0	177	0	0	0	0	0	0	0
Arl5b	22.125000	96	81	0	0	0	0	0	0	0
Olfr867	22.000000	176	0	0	0	0	0	0	0	0
Olfr583	22.000000	89	87	0	0	0	0	0	0	0
Olfr32	22.000000	0	176	0	0	0	0	0	0	0
Xirp2	21.875000	0	175	0	0	0	0	0	0	0
Usp1	21.875000	0	175	0	0	0	0	0	0	0
Rfx3	21.875000	0	175	0	0	0	0	0	0	0
Pter	21.875000	0	175	0	0	0	0	0	0	0
Otud1	21.875000	87	88	0	0	0	0	0	0	0
Olfr123	21.875000	84	91	0	0	0	0	0	0	0
Nbeal1	21.875000	78	97	0	0	0	0	0	0	0
Dcdc5	21.875000	0	175	0	0	0	0	0	0	0
Olfr818	21.750000	0	174	0	0	0	0	0	0	0
Lrrc70	21.750000	0	174	0	0	0	0	0	0	0
Klhl5	21.750000	0	174	0	0	0	0	0	0	0
Chsy3	21.750000	0	174	0	0	0	0	0	0	0
Zfp598	21.625000	0	0	173	0	0	0	0	0	0
Zc3h13	21.625000	0	173	0	0	0	0	0	0	0
Vmn2r20	21.625000	0	173	0	0	0	0	0	0	0
Lair1	21.625000	0	173	0	0	0	0	0	0	0
Gja10	21.625000	0	173	0	0	0	0	0	0	0
Chd7	21.625000	0	0	0	0	0	0	173	0	0
Bmp8b	21.500000	0	0	0	0	0	0	172	0	0
Olfr1132	21.375000	0	171	0	0	0	0	0	0	0
Fsip2	21.375000	0	171	0	0	0	0	0	0	0
B3galt1	21.375000	72	99	0	0	0	0	0	0	0
Tmem229a	21.250000	99	71	0	0	0	0	0	0	0
Olfr1157	21.250000	0	170	0	0	0	0	0	0	0
Ascc3	21.250000	0	170	0	0	0	0	0	0	0
Pygl	21.125000	0	0	0	0	0	0	169	0	0
Pmfbp1	21.125000	0	169	0	0	0	0	0	0	0
Olfr624	21.125000	0	169	0	0	0	0	0	0	0
Clec7a	21.125000	0	169	0	0	0	0	0	0	0
Arhgef9	21.125000	0	169	0	0	0	0	0	0	0
Vmn1r217	21.000000	0	168	0	0	0	0	0	0	0
Rhag	21.000000	0	168	0	0	0	0	0	0	0
Oasl1	21.000000	0	0	168	0	0	0	0	0	0
Mageb18	21.000000	98	70	0	0	0	0	0	0	0
Fggy	21.000000	78	90	0	0	0	0	0	0	0
Tceal7	20.875000	0	167	0	0	0	0	0	0	0
Slc22a19	20.875000	0	167	0	0	0	0	0	0	0
Rxfp1	20.875000	0	167	0	0	0	0	0	0	0
Rab33b	20.875000	0	167	0	0	0	0	0	0	0
Prcc	20.875000	0	0	167	0	0	0	0	0	0
Olfr446	20.875000	0	167	0	0	0	0	0	0	0
Olfr1161	20.875000	0	167	0	0	0	0	0	0	0
Krtap4-16	20.875000	0	167	0	0	0	0	0	0	0
Catip	20.875000	0	167	0	0	0	0	0	0	0
Pabpc4l	20.750000	86	80	0	0	0	0	0	0	0
Olfr1233	20.750000	0	166	0	0	0	0	0	0	0
Krtap8-1	20.750000	0	166	0	0	0	0	0	0	0
Ins1	20.750000	0	166	0	0	0	0	0	0	0
Eci3	20.750000	0	166	0	0	0	0	0	0	0
Rps27l	20.625000	0	165	0	0	0	0	0	0	0
Rassf9	20.625000	0	165	0	0	0	0	0	0	0
Mms22l	20.625000	0	165	0	0	0	0	0	0	0
Hsf2	20.625000	0	165	0	0	0	0	0	0	0
Uncx	20.500000	0	164	0	0	0	0	0	0	0
Prkacb	20.500000	0	164	0	0	0	0	0	0	0
Olfr711	20.500000	94	70	0	0	0	0	0	0	0
Ndufs1	20.500000	0	0	164	0	0	0	0	0	0
Hnrnpd	20.500000	0	164	0	0	0	0	0	0	0
Eef1b2	20.500000	0	0	164	0	0	0	0	0	0
Cyp2g1	20.375000	0	0	0	0	0	0	163	0	0
Stx16	20.250000	0	162	0	0	0	0	0	0	0
Rasa2	20.250000	0	162	0	0	0	0	0	0	0
Prpf39	20.250000	0	162	0	0	0	0	0	0	0
Olfr919	20.250000	0	162	0	0	0	0	0	0	0
Olfr147	20.250000	0	162	0	0	0	0	0	0	0
Mmp10	20.250000	0	162	0	0	0	0	0	0	0
Kctd12	20.250000	0	162	0	0	0	0	0	0	0
Chmp2b	20.250000	0	162	0	0	0	0	0	0	0
Wasf1	20.125000	0	161	0	0	0	0	0	0	0
Slco1a6	20.125000	0	0	0	0	0	0	161	0	0
Sel1l2	20.125000	161	0	0	0	0	0	0	0	0
Olfr569	20.125000	0	161	0	0	0	0	0	0	0
Olfr510	20.125000	161	0	0	0	0	0	0	0	0
Nrip1	20.125000	161	0	0	0	0	0	0	0	0
Gm13212	20.125000	0	0	0	0	0	0	161	0	0
Cdc40	20.125000	0	161	0	0	0	0	0	0	0
4930415L06Rik	20.125000	0	161	0	0	0	0	0	0	0
Bche	20.000000	0	160	0	0	0	0	0	0	0
Adam22	20.000000	0	160	0	0	0	0	0	0	0
Zfr	19.875000	0	159	0	0	0	0	0	0	0
Septin7	19.875000	0	159	0	0	0	0	0	0	0
Sap30	19.875000	0	159	0	0	0	0	0	0	0
Olfr2	19.750000	0	158	0	0	0	0	0	0	0
Olfr1197	19.750000	0	158	0	0	0	0	0	0	0
Actr10	19.750000	0	0	0	0	0	0	158	0	0
Zfp428	19.625000	0	157	0	0	0	0	0	0	0
Zc3h15	19.625000	0	157	0	0	0	0	0	0	0
Wwtr1	19.625000	0	0	0	0	0	0	157	0	0
Ttc32	19.625000	0	157	0	0	0	0	0	0	0
Trim43a	19.625000	0	157	0	0	0	0	0	0	0
St6galnac2	19.625000	0	157	0	0	0	0	0	0	0
Skp1	19.625000	0	157	0	0	0	0	0	0	0
Prss58	19.625000	0	157	0	0	0	0	0	0	0
Olfr578	19.625000	0	157	0	0	0	0	0	0	0
Olfr1195	19.625000	0	157	0	0	0	0	0	0	0
Olfr1076	19.625000	0	157	0	0	0	0	0	0	0
Ndufs4	19.625000	0	157	0	0	0	0	0	0	0
Nbea	19.625000	0	157	0	0	0	0	0	0	0
Krt72	19.625000	0	157	0	0	0	0	0	0	0
Kdm4d	19.625000	0	157	0	0	0	0	0	0	0
Gng11	19.625000	0	157	0	0	0	0	0	0	0
Fbxw15	19.625000	0	157	0	0	0	0	0	0	0
Etfa	19.625000	0	157	0	0	0	0	0	0	0
Cwc15	19.625000	0	157	0	0	0	0	0	0	0
Copb2	19.625000	0	157	0	0	0	0	0	0	0
Abcg2	19.625000	0	157	0	0	0	0	0	0	0
Olfr1110	19.500000	0	156	0	0	0	0	0	0	0
Lrrc72	19.500000	0	156	0	0	0	0	0	0	0
Calcrl	19.500000	0	156	0	0	0	0	0	0	0
Aff2	19.500000	156	0	0	0	0	0	0	0	0
Tas2r102	19.375000	0	155	0	0	0	0	0	0	0
Olfr895	19.375000	0	155	0	0	0	0	0	0	0
Agtr1b	19.375000	0	155	0	0	0	0	0	0	0
Smim17	19.250000	0	0	0	0	0	0	154	0	0
Shoc2	19.250000	0	154	0	0	0	0	0	0	0
Olfr1176	19.250000	0	154	0	0	0	0	0	0	0
Hsd17b14	19.250000	0	0	0	0	0	0	154	0	0
Bbip1	19.250000	0	154	0	0	0	0	0	0	0
Vmn2r126	19.125000	0	153	0	0	0	0	0	0	0
Tent5d	19.125000	0	153	0	0	0	0	0	0	0
Plcg2	19.125000	0	0	0	0	0	0	153	0	0
Olfr726	19.125000	153	0	0	0	0	0	0	0	0
Ktn1	19.125000	0	153	0	0	0	0	0	0	0
Vmn1r17	19.000000	0	152	0	0	0	0	0	0	0
Spop	19.000000	0	0	152	0	0	0	0	0	0
Rbms1	19.000000	152	0	0	0	0	0	0	0	0
C6	19.000000	0	152	0	0	0	0	0	0	0
Atp11b	19.000000	0	152	0	0	0	0	0	0	0
Olfr33	18.875000	151	0	0	0	0	0	0	0	0
Olfr1032	18.875000	0	151	0	0	0	0	0	0	0
Ncan	18.875000	0	0	151	0	0	0	0	0	0
Qk	18.750000	0	150	0	0	0	0	0	0	0
Olfr1258	18.750000	0	150	0	0	0	0	0	0	0
Mcts1	18.750000	0	150	0	0	0	0	0	0	0
Lce1k	18.750000	150	0	0	0	0	0	0	0	0
Asb12	18.750000	0	150	0	0	0	0	0	0	0
Vmn1r18	18.625000	0	149	0	0	0	0	0	0	0
Rock1	18.625000	0	149	0	0	0	0	0	0	0
Rb1cc1	18.625000	0	149	0	0	0	0	0	0	0
Rab28	18.625000	0	149	0	0	0	0	0	0	0
Ptgs2	18.625000	0	149	0	0	0	0	0	0	0
Ppp1r3a	18.625000	0	149	0	0	0	0	0	0	0
Olfr1198	18.625000	0	149	0	0	0	0	0	0	0
Olfr186	18.500000	0	148	0	0	0	0	0	0	0
Nup62cl	18.500000	0	148	0	0	0	0	0	0	0
Dnaaf6b	18.500000	0	148	0	0	0	0	0	0	0
Ccdc85a	18.500000	0	148	0	0	0	0	0	0	0
Vmn1r78	18.375000	0	147	0	0	0	0	0	0	0
Vmn1r45	18.375000	0	147	0	0	0	0	0	0	0
Psma4	18.375000	0	147	0	0	0	0	0	0	0
Phldb2	18.375000	0	147	0	0	0	0	0	0	0
Nek7	18.375000	0	147	0	0	0	0	0	0	0
Negr1	18.375000	0	147	0	0	0	0	0	0	0
Lox	18.375000	0	147	0	0	0	0	0	0	0
Lcp2	18.375000	0	0	0	0	0	0	147	0	0
Krtap19-3	18.375000	0	147	0	0	0	0	0	0	0
Il13ra2	18.375000	0	147	0	0	0	0	0	0	0
Guf1	18.375000	0	147	0	0	0	0	0	0	0
Fmo3	18.375000	0	147	0	0	0	0	0	0	0
Fam221a	18.375000	0	147	0	0	0	0	0	0	0
Clk4	18.375000	0	147	0	0	0	0	0	0	0
BC049762	18.375000	0	147	0	0	0	0	0	0	0
B3gnt3	18.375000	0	147	0	0	0	0	0	0	0
Aftph	18.375000	0	147	0	0	0	0	0	0	0
AY074887	18.375000	0	147	0	0	0	0	0	0	0
A730046J19Rik	18.375000	0	147	0	0	0	0	0	0	0
1700019D03Rik	18.375000	0	147	0	0	0	0	0	0	0
Spink5	18.250000	0	146	0	0	0	0	0	0	0
R3hdm1	18.250000	0	146	0	0	0	0	0	0	0
Olfr304	18.250000	0	146	0	0	0	0	0	0	0
Olfr1018	18.250000	70	76	0	0	0	0	0	0	0
Hmcn1	18.250000	0	146	0	0	0	0	0	0	0
Cln6	18.250000	0	0	146	0	0	0	0	0	0
Asf1a	18.250000	0	146	0	0	0	0	0	0	0
Arl4a	18.250000	0	146	0	0	0	0	0	0	0
Olfr728	18.000000	0	144	0	0	0	0	0	0	0
Actn4	18.000000	0	0	0	0	0	0	144	0	0
Tmprss11d	17.875000	0	143	0	0	0	0	0	0	0
Olfr1036	17.875000	0	143	0	0	0	0	0	0	0
Nav3	17.875000	143	0	0	0	0	0	0	0	0
Tas2r134	17.750000	142	0	0	0	0	0	0	0	0
Ssxb9	17.625000	0	0	0	0	0	0	141	0	0
Olfr8	17.625000	141	0	0	0	0	0	0	0	0
Olfr1353	17.625000	141	0	0	0	0	0	0	0	0
Mfsd6	17.625000	0	141	0	0	0	0	0	0	0
Cfap47	17.625000	0	141	0	0	0	0	0	0	0
Wdr17	17.500000	0	140	0	0	0	0	0	0	0
Vmn2r80	17.500000	0	140	0	0	0	0	0	0	0
Ugcg	17.500000	0	140	0	0	0	0	0	0	0
Tcf12	17.500000	0	140	0	0	0	0	0	0	0
Olfr1024	17.500000	0	140	0	0	0	0	0	0	0
Map4	17.500000	0	140	0	0	0	0	0	0	0
Irs4	17.500000	69	71	0	0	0	0	0	0	0
Fgf18	17.500000	140	0	0	0	0	0	0	0	0
Aarsd1	17.500000	0	0	0	140	0	0	0	0	0
Wls	17.375000	0	139	0	0	0	0	0	0	0
Plxdc2	17.375000	0	139	0	0	0	0	0	0	0
Gm3867	17.375000	0	139	0	0	0	0	0	0	0
Esp5	17.375000	139	0	0	0	0	0	0	0	0
Dock3	17.375000	0	139	0	0	0	0	0	0	0
Ttc28	17.250000	0	0	0	0	0	0	138	0	0
Speer4d	17.250000	0	0	0	0	0	138	0	0	0
Speer4c	17.250000	0	0	0	0	0	138	0	0	0
Serp1	17.250000	0	138	0	0	0	0	0	0	0
Olfr78	17.250000	0	138	0	0	0	0	0	0	0
Olfr560	17.250000	0	138	0	0	0	0	0	0	0
Mptx2	17.250000	0	138	0	0	0	0	0	0	0
Eif2a	17.250000	0	138	0	0	0	0	0	0	0
4921524J17Rik	17.250000	0	138	0	0	0	0	0	0	0
Wasl	17.125000	0	137	0	0	0	0	0	0	0
Vmn1r4	17.125000	0	137	0	0	0	0	0	0	0
Vim	17.125000	0	137	0	0	0	0	0	0	0
Trmt12	17.125000	0	0	137	0	0	0	0	0	0
Trim31	17.125000	0	137	0	0	0	0	0	0	0
Tas2r118	17.125000	0	137	0	0	0	0	0	0	0
Sult2a2	17.125000	0	137	0	0	0	0	0	0	0
Sema3c	17.125000	137	0	0	0	0	0	0	0	0
Sec22b	17.125000	0	137	0	0	0	0	0	0	0
Rpl36al	17.125000	57	80	0	0	0	0	0	0	0
Riok1	17.125000	0	137	0	0	0	0	0	0	0
Pde4dip	17.125000	0	137	0	0	0	0	0	0	0
Padi1	17.125000	0	137	0	0	0	0	0	0	0
Olfr988	17.125000	0	137	0	0	0	0	0	0	0
Olfr397	17.125000	0	137	0	0	0	0	0	0	0
Olfr341	17.125000	0	137	0	0	0	0	0	0	0
Olfr237	17.125000	0	137	0	0	0	0	0	0	0
Olfr1297	17.125000	0	137	0	0	0	0	0	0	0
Olfr1286	17.125000	0	137	0	0	0	0	0	0	0
Niban1	17.125000	0	137	0	0	0	0	0	0	0
Mgat2	17.125000	57	80	0	0	0	0	0	0	0
Lsp1	17.125000	0	137	0	0	0	0	0	0	0
Lmo4	17.125000	0	137	0	0	0	0	0	0	0
Il17d	17.125000	0	137	0	0	0	0	0	0	0
Gp9	17.125000	0	137	0	0	0	0	0	0	0
Gm5916	17.125000	0	137	0	0	0	0	0	0	0
Gbp2	17.125000	0	137	0	0	0	0	0	0	0
Col28a1	17.125000	0	137	0	0	0	0	0	0	0
Clec9a	17.125000	0	137	0	0	0	0	0	0	0
Cfap97	17.125000	0	137	0	0	0	0	0	0	0
Cage1	17.125000	0	137	0	0	0	0	0	0	0
Bcl2l15	17.125000	0	137	0	0	0	0	0	0	0
Ago4	17.125000	0	137	0	0	0	0	0	0	0
Vps54	17.000000	0	136	0	0	0	0	0	0	0
Ugt2a2	17.000000	0	136	0	0	0	0	0	0	0
Trappc9	17.000000	0	0	0	0	0	0	136	0	0
Olfr381	17.000000	0	136	0	0	0	0	0	0	0
Olfr1016	17.000000	0	136	0	0	0	0	0	0	0
Zranb1	16.875000	0	135	0	0	0	0	0	0	0
Olfr498	16.875000	0	135	0	0	0	0	0	0	0
Olfr447	16.875000	0	135	0	0	0	0	0	0	0
Olfr1275	16.875000	0	135	0	0	0	0	0	0	0
Macc1	16.875000	0	135	0	0	0	0	0	0	0
A26c3	16.875000	0	135	0	0	0	0	0	0	0
Taar7b	16.750000	0	134	0	0	0	0	0	0	0
Olfr490	16.750000	134	0	0	0	0	0	0	0	0
H3c10	16.750000	0	0	134	0	0	0	0	0	0
H2bc13	16.750000	0	0	134	0	0	0	0	0	0
H2ac13	16.750000	0	0	134	0	0	0	0	0	0
Gmnc	16.750000	0	134	0	0	0	0	0	0	0
Fpr-rs4	16.750000	134	0	0	0	0	0	0	0	0
Zfp7	16.625000	0	0	0	0	0	0	133	0	0
Vmn2r32	16.625000	133	0	0	0	0	0	0	0	0
Vmn2r21	16.625000	0	133	0	0	0	0	0	0	0
Col11a1	16.625000	0	133	0	0	0	0	0	0	0
Ccr3	16.625000	0	133	0	0	0	0	0	0	0
Zfp622	16.500000	0	132	0	0	0	0	0	0	0
Trib2	16.500000	132	0	0	0	0	0	0	0	0
Tcte2	16.500000	0	132	0	0	0	0	0	0	0
Rnase2b	16.500000	0	0	0	0	0	0	132	0	0
Olfr970	16.500000	0	132	0	0	0	0	0	0	0
Olfr658	16.500000	132	0	0	0	0	0	0	0	0
Olfr479	16.500000	132	0	0	0	0	0	0	0	0
Mab21l2	16.500000	0	132	0	0	0	0	0	0	0
Lrrc1	16.500000	0	132	0	0	0	0	0	0	0
Cycs	16.500000	132	0	0	0	0	0	0	0	0
Afdn	16.500000	0	132	0	0	0	0	0	0	0
Adgrf2	16.500000	0	0	0	0	0	132	0	0	0
9130008F23Rik	16.500000	132	0	0	0	0	0	0	0	0
Stag2	16.375000	0	131	0	0	0	0	0	0	0
Olfr1046	16.375000	0	131	0	0	0	0	0	0	0
Lrrc6	16.375000	0	131	0	0	0	0	0	0	0
Ugt2b34	16.250000	0	130	0	0	0	0	0	0	0
Papolg	16.250000	0	130	0	0	0	0	0	0	0
Olfr1211	16.250000	0	130	0	0	0	0	0	0	0
4931408C20Rik	16.250000	0	0	0	0	0	130	0	0	0
Tab2	16.125000	0	129	0	0	0	0	0	0	0
Synj1	16.125000	0	129	0	0	0	0	0	0	0
Prl3d3	16.125000	0	129	0	0	0	0	0	0	0
Olfr652	16.125000	129	0	0	0	0	0	0	0	0
Olfr1360	16.125000	129	0	0	0	0	0	0	0	0
Olfr1309	16.125000	0	129	0	0	0	0	0	0	0
Olfr1014	16.125000	0	129	0	0	0	0	0	0	0
Myf5	16.125000	0	129	0	0	0	0	0	0	0
Camk2d	16.125000	0	129	0	0	0	0	0	0	0
Bnip1	16.125000	0	0	0	0	0	0	129	0	0
Bloc1s6	16.125000	0	129	0	0	0	0	0	0	0
Zfp944	16.000000	0	128	0	0	0	0	0	0	0
Zfp758	16.000000	0	128	0	0	0	0	0	0	0
Rnf14	16.000000	0	128	0	0	0	0	0	0	0
Olfr1012	16.000000	0	128	0	0	0	0	0	0	0
Mitf	16.000000	0	128	0	0	0	0	0	0	0
Mex3c	16.000000	0	128	0	0	0	0	0	0	0
Gm21190	16.000000	0	0	0	0	0	128	0	0	0
D3Ertd751e	16.000000	0	128	0	0	0	0	0	0	0
Tmem60	15.875000	0	127	0	0	0	0	0	0	0
Tfap2b	15.875000	0	127	0	0	0	0	0	0	0
Tas2r136	15.875000	0	127	0	0	0	0	0	0	0
Taf15	15.875000	0	127	0	0	0	0	0	0	0
Slc46a2	15.875000	0	127	0	0	0	0	0	0	0
Rgs4	15.875000	0	127	0	0	0	0	0	0	0
Phtf2	15.875000	0	127	0	0	0	0	0	0	0
Phactr1	15.875000	0	127	0	0	0	0	0	0	0
Pde11a	15.875000	0	127	0	0	0	0	0	0	0
P2ry14	15.875000	0	127	0	0	0	0	0	0	0
Olfr936	15.875000	127	0	0	0	0	0	0	0	0
Olfr136	15.875000	0	127	0	0	0	0	0	0	0
Olfr1359	15.875000	127	0	0	0	0	0	0	0	0
Olfr1352	15.875000	0	127	0	0	0	0	0	0	0
Olfr1019	15.875000	0	127	0	0	0	0	0	0	0
Nptx2	15.875000	0	127	0	0	0	0	0	0	0
Nme7	15.875000	0	127	0	0	0	0	0	0	0
Mageb16	15.875000	0	127	0	0	0	0	0	0	0
Ifna16	15.875000	0	127	0	0	0	0	0	0	0
Hspb8	15.875000	0	127	0	0	0	0	0	0	0
Gnai1	15.875000	0	127	0	0	0	0	0	0	0
Gabrb2	15.875000	0	127	0	0	0	0	0	0	0
Eml1	15.875000	0	127	0	0	0	0	0	0	0
Emc4	15.875000	0	127	0	0	0	0	0	0	0
Crygf	15.875000	0	127	0	0	0	0	0	0	0
Cnot10	15.875000	0	127	0	0	0	0	0	0	0
Casd1	15.875000	0	127	0	0	0	0	0	0	0
Blzf1	15.875000	0	127	0	0	0	0	0	0	0
Armc3	15.875000	127	0	0	0	0	0	0	0	0
Alg13	15.875000	0	127	0	0	0	0	0	0	0
Olfr630	15.750000	0	126	0	0	0	0	0	0	0
Olfr506	15.750000	0	126	0	0	0	0	0	0	0
Lztfl1	15.750000	0	126	0	0	0	0	0	0	0
Crxos	15.750000	0	0	0	0	0	0	126	0	0
Prkd3	15.625000	0	125	0	0	0	0	0	0	0
Pam	15.625000	0	125	0	0	0	0	0	0	0
Kcnj13	15.625000	0	125	0	0	0	0	0	0	0
Ift57	15.625000	0	125	0	0	0	0	0	0	0
Cntnap5c	15.625000	0	125	0	0	0	0	0	0	0
Tbck	15.500000	0	124	0	0	0	0	0	0	0
Tas2r117	15.500000	0	124	0	0	0	0	0	0	0
Sprr2e	15.500000	0	124	0	0	0	0	0	0	0
Phf19	15.500000	0	0	0	0	0	0	124	0	0
Olfr958	15.500000	124	0	0	0	0	0	0	0	0
Olfr622	15.500000	0	0	124	0	0	0	0	0	0
Olfr1279	15.500000	0	124	0	0	0	0	0	0	0
Clcn4	15.500000	0	0	0	0	0	0	124	0	0
Cdk12	15.500000	0	124	0	0	0	0	0	0	0
Aimp1	15.500000	0	124	0	0	0	0	0	0	0
Rps14	15.375000	0	0	123	0	0	0	0	0	0
Olfr576	15.375000	0	123	0	0	0	0	0	0	0
Olfr1254	15.375000	0	123	0	0	0	0	0	0	0
Nxph1	15.375000	123	0	0	0	0	0	0	0	0
Nrxn3	15.375000	0	123	0	0	0	0	0	0	0
Mptx1	15.375000	123	0	0	0	0	0	0	0	0
Mapk10	15.375000	123	0	0	0	0	0	0	0	0
Gm6650	15.375000	123	0	0	0	0	0	0	0	0
Cwc22	15.375000	123	0	0	0	0	0	0	0	0
Washc4	15.250000	0	122	0	0	0	0	0	0	0
Tmx3	15.250000	0	122	0	0	0	0	0	0	0
Prl3d1	15.250000	0	122	0	0	0	0	0	0	0
Olfr164	15.250000	0	122	0	0	0	0	0	0	0
Olfr1299	15.250000	0	122	0	0	0	0	0	0	0
Olfr1131	15.250000	0	122	0	0	0	0	0	0	0
Klhl7	15.250000	0	122	0	0	0	0	0	0	0
Olfr1102	15.125000	0	121	0	0	0	0	0	0	0
Gm21149	15.125000	0	0	0	0	0	121	0	0	0
Gdap1	15.125000	121	0	0	0	0	0	0	0	0
Enpp7	15.125000	0	0	0	0	0	0	121	0	0
Dux	15.125000	0	0	0	0	0	121	0	0	0
Dcp1a	15.125000	0	0	121	0	0	0	0	0	0
4933412E24Rik	15.125000	0	121	0	0	0	0	0	0	0
Xkr4	15.000000	120	0	0	0	0	0	0	0	0
Vmn1r75	15.000000	0	120	0	0	0	0	0	0	0
Spef2	15.000000	0	120	0	0	0	0	0	0	0
Snai2	15.000000	0	120	0	0	0	0	0	0	0
Schip1	15.000000	0	120	0	0	0	0	0	0	0
Ing3	15.000000	120	0	0	0	0	0	0	0	0
Fbxl7	15.000000	0	120	0	0	0	0	0	0	0
Chmp3	15.000000	0	120	0	0	0	0	0	0	0
Trim27	14.875000	0	0	0	0	0	0	119	0	0
Sh2d1a	14.875000	0	119	0	0	0	0	0	0	0
Olfr805	14.875000	0	119	0	0	0	0	0	0	0
Nras	14.875000	119	0	0	0	0	0	0	0	0
Igf2bp2	14.875000	0	119	0	0	0	0	0	0	0
Gm2023	14.875000	0	0	0	0	0	0	0	119	0
Eif4enif1	14.875000	0	0	0	0	0	119	0	0	0
Crisp3	14.875000	0	119	0	0	0	0	0	0	0
Cntnap5b	14.875000	0	119	0	0	0	0	0	0	0
Ccl19	14.875000	0	0	0	0	0	0	0	119	0
Adgrl3	14.875000	0	119	0	0	0	0	0	0	0
Eya1	14.750000	0	118	0	0	0	0	0	0	0
Baz1a	14.750000	0	118	0	0	0	0	0	0	0
Vcpkmt	14.625000	0	117	0	0	0	0	0	0	0
Slc27a6	14.625000	0	117	0	0	0	0	0	0	0
Olfr951	14.625000	0	117	0	0	0	0	0	0	0
Olfr122	14.625000	0	117	0	0	0	0	0	0	0
Olfr1121	14.625000	0	117	0	0	0	0	0	0	0
Necab1	14.625000	0	117	0	0	0	0	0	0	0
Nckap1l	14.625000	117	0	0	0	0	0	0	0	0
Nck1	14.625000	0	117	0	0	0	0	0	0	0
Man1a2	14.625000	117	0	0	0	0	0	0	0	0
Magel2	14.625000	0	117	0	0	0	0	0	0	0
Gbp7	14.625000	0	117	0	0	0	0	0	0	0
Eya2	14.625000	0	117	0	0	0	0	0	0	0
Dennd6a	14.625000	0	117	0	0	0	0	0	0	0
Cxcl15	14.625000	0	117	0	0	0	0	0	0	0
Bcl2l2	14.625000	0	117	0	0	0	0	0	0	0
Arpp21	14.625000	0	117	0	0	0	0	0	0	0
Amy1	14.625000	0	117	0	0	0	0	0	0	0
Actc1	14.625000	0	117	0	0	0	0	0	0	0
Abca13	14.625000	0	117	0	0	0	0	0	0	0
Vps35	14.500000	0	116	0	0	0	0	0	0	0
Spink6	14.500000	0	116	0	0	0	0	0	0	0
Orc6	14.500000	0	116	0	0	0	0	0	0	0
Olfr922	14.500000	0	116	0	0	0	0	0	0	0
Olfr901	14.500000	116	0	0	0	0	0	0	0	0
Ndufaf5	14.500000	0	116	0	0	0	0	0	0	0
Hdx	14.500000	0	116	0	0	0	0	0	0	0
H4c4	14.500000	0	0	116	0	0	0	0	0	0
H2bc6	14.500000	0	0	116	0	0	0	0	0	0
Fbxo21	14.500000	0	0	0	0	0	0	116	0	0
Esf1	14.500000	0	116	0	0	0	0	0	0	0
Csn1s1	14.500000	0	116	0	0	0	0	0	0	0
Cald1	14.500000	0	116	0	0	0	0	0	0	0
Slc25a32	14.375000	0	115	0	0	0	0	0	0	0
Olfr917	14.375000	0	115	0	0	0	0	0	0	0
Olfr916	14.375000	0	115	0	0	0	0	0	0	0
Olfr888	14.375000	115	0	0	0	0	0	0	0	0
H4c12	14.375000	0	0	115	0	0	0	0	0	0
H2bc15	14.375000	0	0	115	0	0	0	0	0	0
H2ac15	14.375000	0	0	115	0	0	0	0	0	0
Dcaf13	14.375000	0	115	0	0	0	0	0	0	0
Tab1	14.250000	0	0	0	0	0	0	114	0	0
Pitpnm2	14.250000	0	0	0	0	0	0	114	0	0
Olfr780	14.250000	0	114	0	0	0	0	0	0	0
Hdgfl3	14.250000	0	114	0	0	0	0	0	0	0
Fasl	14.250000	0	0	0	0	0	0	114	0	0
Dlg1	14.250000	0	114	0	0	0	0	0	0	0
Anxa1	14.250000	0	114	0	0	0	0	0	0	0
1810030O07Rik	14.250000	0	114	0	0	0	0	0	0	0
Vstm2a	14.125000	0	113	0	0	0	0	0	0	0
Postn	14.125000	113	0	0	0	0	0	0	0	0
Pla2g4a	14.125000	113	0	0	0	0	0	0	0	0
Olfr902	14.125000	0	113	0	0	0	0	0	0	0
Olfr494	14.125000	0	113	0	0	0	0	0	0	0
Nnmt	14.125000	113	0	0	0	0	0	0	0	0
Mkrn3	14.125000	113	0	0	0	0	0	0	0	0
Lsm14a	14.125000	0	113	0	0	0	0	0	0	0
Krtap4-2	14.125000	113	0	0	0	0	0	0	0	0
Itgb1	14.125000	0	113	0	0	0	0	0	0	0
Hook1	14.125000	0	113	0	0	0	0	0	0	0
Ccn3	14.125000	113	0	0	0	0	0	0	0	0
Caps2	14.125000	113	0	0	0	0	0	0	0	0
Adgb	14.125000	113	0	0	0	0	0	0	0	0
Vmn1r23	14.000000	0	112	0	0	0	0	0	0	0
Upf2	14.000000	0	112	0	0	0	0	0	0	0
St7	14.000000	0	112	0	0	0	0	0	0	0
Snca	14.000000	0	112	0	0	0	0	0	0	0
Rasef	14.000000	112	0	0	0	0	0	0	0	0
Olfr1321	14.000000	112	0	0	0	0	0	0	0	0
Fra10ac1	14.000000	0	112	0	0	0	0	0	0	0
Fmr1nb	14.000000	0	112	0	0	0	0	0	0	0
Cpeb4	14.000000	0	112	0	0	0	0	0	0	0
Vmn2r112	13.875000	0	111	0	0	0	0	0	0	0
Tekt2	13.875000	0	0	0	0	0	0	111	0	0
Hnrnpr	13.875000	0	111	0	0	0	0	0	0	0
Gm9758	13.875000	0	0	0	0	0	111	0	0	0
Gm21814	13.875000	111	0	0	0	0	0	0	0	0
Glra2	13.875000	0	111	0	0	0	0	0	0	0
Cpeb2	13.875000	0	111	0	0	0	0	0	0	0
Col3a1	13.875000	0	111	0	0	0	0	0	0	0
Cntn5	13.875000	0	111	0	0	0	0	0	0	0
Alox15	13.875000	0	0	0	0	0	0	111	0	0
Adprhl2	13.875000	0	0	0	0	0	0	111	0	0
Vmn2r88	13.750000	0	110	0	0	0	0	0	0	0
Tas2r103	13.750000	0	110	0	0	0	0	0	0	0
Olfr824	13.750000	110	0	0	0	0	0	0	0	0
Npy	13.750000	110	0	0	0	0	0	0	0	0
Nat8f5	13.750000	0	0	0	0	0	0	110	0	0
Ferd3l	13.750000	0	110	0	0	0	0	0	0	0
Copg2	13.750000	0	110	0	0	0	0	0	0	0
Cdc73	13.750000	0	0	0	0	0	0	110	0	0
Agbl3	13.750000	0	110	0	0	0	0	0	0	0
Tmed5	13.625000	0	109	0	0	0	0	0	0	0
Runx2	13.625000	0	109	0	0	0	0	0	0	0
Olfr1113	13.625000	0	109	0	0	0	0	0	0	0
Lix1	13.625000	109	0	0	0	0	0	0	0	0
H2bc12	13.625000	0	0	109	0	0	0	0	0	0
H2ac12	13.625000	0	0	109	0	0	0	0	0	0
Chil3	13.625000	109	0	0	0	0	0	0	0	0
Ccdc18	13.625000	0	109	0	0	0	0	0	0	0
Vmn1r184	13.500000	0	108	0	0	0	0	0	0	0
Ttbk2	13.500000	0	108	0	0	0	0	0	0	0
Try10	13.500000	0	108	0	0	0	0	0	0	0
Tomm20	13.500000	0	108	0	0	0	0	0	0	0
Tnmd	13.500000	0	108	0	0	0	0	0	0	0
Tnfsf18	13.500000	0	108	0	0	0	0	0	0	0
Smad1	13.500000	0	108	0	0	0	0	0	0	0
Prl2a1	13.500000	0	108	0	0	0	0	0	0	0
Pcdhb4	13.500000	0	108	0	0	0	0	0	0	0
Pcdhb3	13.500000	0	108	0	0	0	0	0	0	0
Olfr467	13.500000	0	108	0	0	0	0	0	0	0
Olfr466	13.500000	0	108	0	0	0	0	0	0	0
Olfr1508	13.500000	0	108	0	0	0	0	0	0	0
Olfr126	13.500000	0	108	0	0	0	0	0	0	0
Mycn	13.500000	0	108	0	0	0	0	0	0	0
Kcnh8	13.500000	0	108	0	0	0	0	0	0	0
Ghitm	13.500000	0	108	0	0	0	0	0	0	0
Cldn17	13.500000	0	108	0	0	0	0	0	0	0
Ccdc71l	13.500000	0	108	0	0	0	0	0	0	0
5430427O19Rik	13.500000	0	108	0	0	0	0	0	0	0
Trp63	13.375000	107	0	0	0	0	0	0	0	426
Tenm1	13.375000	0	107	0	0	0	0	0	0	0
Olfr826	13.375000	0	107	0	0	0	0	0	0	0
Olfr44	13.375000	107	0	0	0	0	0	0	0	0
Ifrd1	13.375000	0	107	0	0	0	0	0	0	0
Gm14461	13.375000	0	107	0	0	0	0	0	0	0
Fut10	13.375000	0	0	107	0	0	0	0	0	0
Cpb1	13.375000	0	107	0	0	0	0	0	0	0
Btbd3	13.375000	0	107	0	0	0	0	0	0	0
Alx1	13.375000	0	107	0	0	0	0	0	0	0
Vmn1r16	13.250000	0	106	0	0	0	0	0	0	0
Utp23	13.250000	0	106	0	0	0	0	0	0	0
Tmem139	13.250000	0	106	0	0	0	0	0	0	0
Olfr825	13.250000	0	106	0	0	0	0	0	0	0
Olfr695	13.250000	106	0	0	0	0	0	0	0	0
Olfr1054	13.250000	0	106	0	0	0	0	0	0	0
Casp2	13.250000	0	106	0	0	0	0	0	0	0
Pcdhb8	13.125000	105	0	0	0	0	0	0	0	0
Olfr1094	13.125000	0	105	0	0	0	0	0	0	0
Mycs	13.125000	0	105	0	0	0	0	0	0	0
Cog6	13.125000	0	105	0	0	0	0	0	0	0
Acot10	13.125000	105	0	0	0	0	0	0	0	0
Vmn2r106	13.000000	0	104	0	0	0	0	0	0	0
Vmn1r28	13.000000	0	104	0	0	0	0	0	0	0
Vmn1r181	13.000000	104	0	0	0	0	0	0	0	0
Tmco2	13.000000	104	0	0	0	0	0	0	0	0
Tbr1	13.000000	0	104	0	0	0	0	0	0	0
Smc4	13.000000	0	104	0	0	0	0	0	0	0
Slc22a26	13.000000	104	0	0	0	0	0	0	0	0
Slc15a2	13.000000	104	0	0	0	0	0	0	0	0
Rnase9	13.000000	104	0	0	0	0	0	0	0	0
Polr2e	13.000000	0	0	0	0	0	0	104	0	0
Pde5a	13.000000	104	0	0	0	0	0	0	0	0
Olfr802	13.000000	0	104	0	0	0	0	0	0	0
Map2	13.000000	0	104	0	0	0	0	0	0	0
Ift80	13.000000	0	104	0	0	0	0	0	0	0
Hdgfl1	13.000000	104	0	0	0	0	0	0	0	0
Fam185a	13.000000	104	0	0	0	0	0	0	0	0
Ccdc146	13.000000	104	0	0	0	0	0	0	0	0
Zfp335	12.875000	0	0	0	0	0	0	103	0	0
Usp32	12.875000	0	103	0	0	0	0	0	0	0
Olfr305	12.875000	0	103	0	0	0	0	0	0	0
Olfr177	12.875000	0	103	0	0	0	0	0	0	0
Olfr176	12.875000	0	103	0	0	0	0	0	0	0
Map2k4	12.875000	0	103	0	0	0	0	0	0	0
Zfp943	12.750000	0	102	0	0	0	0	0	0	0
Zfp942	12.750000	0	102	0	0	0	0	0	0	0
Wdr36	12.750000	0	102	0	0	0	0	0	0	0
Vmn2r74	12.750000	0	102	0	0	0	0	0	0	0
Oxr1	12.750000	0	102	0	0	0	0	0	0	0
Olfr910	12.750000	102	0	0	0	0	0	0	0	0
Nr6a1	12.750000	102	0	0	0	0	0	0	0	0
Megf9	12.750000	0	102	0	0	0	0	0	0	0
Trio	12.625000	0	0	0	0	0	0	101	0	0
Olfr908	12.625000	0	101	0	0	0	0	0	0	0
Olfr172	12.625000	0	101	0	0	0	0	0	0	0
Olfr1140	12.625000	0	101	0	0	0	0	0	0	0
Olfr1048	12.625000	0	101	0	0	0	0	0	0	0
Matr3	12.625000	0	101	0	0	0	0	0	0	0
Golim4	12.625000	101	0	0	0	0	0	0	0	0
Clasp2	12.625000	0	101	0	0	0	0	0	0	0
Zfand6	12.500000	0	100	0	0	0	0	0	0	0
Stt3b	12.500000	0	100	0	0	0	0	0	0	0
Sfpq	12.500000	0	100	0	0	0	0	0	0	0
Olfr1205	12.500000	0	100	0	0	0	0	0	0	0
Dmxl1	12.500000	0	100	0	0	0	0	0	0	0
Zmym6	12.375000	0	99	0	0	0	0	0	0	0
Zic5	12.375000	0	99	0	0	0	0	0	0	0
Zcchc9	12.375000	0	99	0	0	0	0	0	0	0
Vmn2r100	12.375000	0	99	0	0	0	0	0	0	0
Vmn1r32	12.375000	0	99	0	0	0	0	0	0	0
Tfam	12.375000	0	99	0	0	0	0	0	0	0
Sytl2	12.375000	99	0	0	0	0	0	0	0	0
Prl7b1	12.375000	99	0	0	0	0	0	0	0	0
Pcnx	12.375000	0	99	0	0	0	0	0	0	0
Olfr477	12.375000	0	99	0	0	0	0	0	0	0
Olfr38	12.375000	99	0	0	0	0	0	0	0	0
Olfr1181	12.375000	0	99	0	0	0	0	0	0	0
Olfr1163	12.375000	0	99	0	0	0	0	0	0	0
Nup153	12.375000	0	99	0	0	0	0	0	0	0
Mef2a	12.375000	0	99	0	0	0	0	0	0	0
Frmd5	12.375000	0	99	0	0	0	0	0	0	0
Fbn2	12.375000	0	99	0	0	0	0	0	0	0
Fat4	12.375000	0	99	0	0	0	0	0	0	0
Fam227b	12.375000	99	0	0	0	0	0	0	0	0
Dtwd1	12.375000	99	0	0	0	0	0	0	0	0
Cnih3	12.375000	0	99	0	0	0	0	0	0	0
C1ql2	12.375000	0	99	0	0	0	0	0	0	0
1110004F10Rik	12.375000	0	99	0	0	0	0	0	0	0
Tas2r120	12.250000	98	0	0	0	0	0	0	0	0
Olfr495	12.250000	0	98	0	0	0	0	0	0	0
Olfr1229	12.250000	98	0	0	0	0	0	0	0	0
Olfr1186	12.250000	0	98	0	0	0	0	0	0	0
Lilrb4a	12.250000	0	98	0	0	0	0	0	0	0
Golga1	12.250000	98	0	0	0	0	0	0	0	0
Gcg	12.250000	98	0	0	0	0	0	0	0	0
Cyp2c68	12.250000	98	0	0	0	0	0	0	0	0
Terf1	12.125000	0	97	0	0	0	0	0	0	0
Tas2r125	12.125000	0	97	0	0	0	0	0	0	0
Orc4	12.125000	0	97	0	0	0	0	0	0	0
Olfr798	12.125000	97	0	0	0	0	0	0	0	0
Olfr508	12.125000	0	97	0	0	0	0	0	0	0
Olfr452	12.125000	97	0	0	0	0	0	0	0	0
Olfr1306	12.125000	97	0	0	0	0	0	0	0	0
Olfr130	12.125000	0	97	0	0	0	0	0	0	0
Eef1a1	12.125000	0	0	97	0	0	0	0	0	0
Zfp974	12.000000	0	0	96	0	0	0	0	0	0
Vmn2r82	12.000000	0	96	0	0	0	0	0	0	0
Vmn2r101	12.000000	0	96	0	0	0	0	0	0	0
Stx19	12.000000	0	96	0	0	0	0	0	0	0
Pln	12.000000	96	0	0	0	0	0	0	0	0
Olfr1287	12.000000	0	96	0	0	0	0	0	0	0
Olfr1253	12.000000	0	96	0	0	0	0	0	0	0
Gpr174	12.000000	0	96	0	0	0	0	0	0	0
Csta3	12.000000	0	0	0	0	0	0	96	0	0
Catsperb	12.000000	0	96	0	0	0	0	0	0	0
Brinp3	12.000000	0	96	0	0	0	0	0	0	0
Zranb3	11.875000	0	95	0	0	0	0	0	0	0
Vmn1r39	11.875000	95	0	0	0	0	0	0	0	0
Ttn	11.875000	95	0	0	0	0	0	0	0	0
Tlcd4	11.875000	95	0	0	0	0	0	0	0	0
Sp9	11.875000	95	0	0	0	0	0	0	0	0
Poln	11.875000	0	95	0	0	0	0	0	0	0
Olfr954	11.875000	0	95	0	0	0	0	0	0	0
Olfr923	11.875000	95	0	0	0	0	0	0	0	0
Olfr857	11.875000	0	95	0	0	0	0	0	0	0
Olfr768	11.875000	95	0	0	0	0	0	0	0	0
Olfr50	11.875000	95	0	0	0	0	0	0	0	0
Olfr482	11.875000	0	95	0	0	0	0	0	0	0
Olfr352	11.875000	95	0	0	0	0	0	0	0	0
Olfr348	11.875000	95	0	0	0	0	0	0	0	0
Olfr346	11.875000	95	0	0	0	0	0	0	0	0
Nap1l2	11.875000	95	0	0	0	0	0	0	0	0
Mettl18	11.875000	95	0	0	0	0	0	0	0	0
Lipn	11.875000	0	95	0	0	0	0	0	0	0
Haus3	11.875000	0	95	0	0	0	0	0	0	0
Bhmt	11.875000	95	0	0	0	0	0	0	0	0
BC055324	11.875000	95	0	0	0	0	0	0	0	0
Olfr836	11.750000	94	0	0	0	0	0	0	0	0
Olfr631	11.750000	0	94	0	0	0	0	0	0	0
Olfr1020	11.750000	94	0	0	0	0	0	0	0	0
Garem1	11.750000	94	0	0	0	0	0	0	0	0
Smr3a	11.625000	93	0	0	0	0	0	0	0	0
Slc17a6	11.625000	0	93	0	0	0	0	0	0	0
Rnft1	11.625000	0	93	0	0	0	0	0	0	0
Olfr689	11.625000	0	93	0	0	0	0	0	0	0
Speer3	11.500000	92	0	0	0	0	0	0	0	0
Skp2	11.500000	0	92	0	0	0	0	0	0	0
Rpl35a	11.500000	0	0	0	0	0	0	92	0	0
Iqcg	11.500000	0	0	0	0	0	0	92	0	0
Capza2	11.500000	92	0	0	0	0	0	0	0	0
Adnp	11.500000	0	0	0	0	0	0	92	0	0
Olfr918	11.375000	0	91	0	0	0	0	0	0	0
Olfr827	11.375000	91	0	0	0	0	0	0	0	0
Epha3	11.375000	0	91	0	0	0	0	0	0	0
Styx	11.250000	0	90	0	0	0	0	0	0	0
Prl2c5	11.250000	0	90	0	0	0	0	0	0	0
Prdm9	11.250000	90	0	0	0	0	0	0	0	0
Nin	11.250000	0	90	0	0	0	0	0	0	0
Homer1	11.250000	90	0	0	0	0	0	0	0	0
Fbxl3	11.250000	0	90	0	0	0	0	0	0	0
4930550L24Rik	11.250000	0	90	0	0	0	0	0	0	0
Syne1	11.125000	0	89	0	0	0	0	0	0	0
Odam	11.125000	0	89	0	0	0	0	0	0	0
Hacd1	11.125000	89	0	0	0	0	0	0	0	0
Rnf19a	11.000000	0	88	0	0	0	0	0	0	0
Olfr948	11.000000	0	88	0	0	0	0	0	0	0
Il2	11.000000	88	0	0	0	0	0	0	0	0
Vbp1	10.875000	0	87	0	0	0	0	0	0	0
Smarca2	10.875000	87	0	0	0	0	0	0	0	0
Rnls	10.875000	87	0	0	0	0	0	0	0	0
Olfr1080	10.875000	0	87	0	0	0	0	0	0	0
Mllt10	10.875000	87	0	0	0	0	0	0	0	0
Lmod3	10.875000	87	0	0	0	0	0	0	0	0
Irs1	10.875000	87	0	0	0	0	0	0	0	0
Foxr2	10.875000	87	0	0	0	0	0	0	0	0
Diaph2	10.875000	87	0	0	0	0	0	0	0	0
Olfr981	10.750000	86	0	0	0	0	0	0	0	0
Olfr855	10.750000	0	86	0	0	0	0	0	0	0
Olfr777	10.750000	0	86	0	0	0	0	0	0	0
Olfr1223	10.750000	86	0	0	0	0	0	0	0	0
Mapk4	10.750000	0	0	0	0	0	0	86	0	0
Gm2663	10.750000	0	86	0	0	0	0	0	0	0
Vmn1r235	10.625000	85	0	0	0	0	0	0	0	0
Slf1	10.625000	0	85	0	0	0	0	0	0	0
Olfr784	10.625000	0	85	0	0	0	0	0	0	0
Olfr679	10.625000	85	0	0	0	0	0	0	0	0
Olfr450	10.625000	0	85	0	0	0	0	0	0	0
Olfr1183	10.625000	0	85	0	0	0	0	0	0	0
Olfr1098	10.625000	0	85	0	0	0	0	0	0	0
Olfr1037	10.625000	0	85	0	0	0	0	0	0	0
Hbp1	10.625000	0	85	0	0	0	0	0	0	0
Cfap20dc	10.625000	0	85	0	0	0	0	0	0	0
4930564C03Rik	10.625000	85	0	0	0	0	0	0	0	0
2210408I21Rik	10.625000	0	85	0	0	0	0	0	0	0
1810009J06Rik	10.625000	0	85	0	0	0	0	0	0	0
Rnf217	10.500000	84	0	0	0	0	0	0	0	0
Olfr308	10.500000	0	84	0	0	0	0	0	0	0
Kansl1l	10.375000	0	83	0	0	0	0	0	0	0
Zfp521	10.250000	82	0	0	0	0	0	0	0	0
Vip	10.125000	81	0	0	0	0	0	0	0	0
Tmem135	10.125000	0	81	0	0	0	0	0	0	0
Tex13c1	10.125000	0	81	0	0	0	0	0	0	0
Tc2n	10.125000	0	81	0	0	0	0	0	0	0
Olfr906	10.125000	0	81	0	0	0	0	0	0	0
Olfr870	10.125000	0	81	0	0	0	0	0	0	0
Olfr620	10.125000	0	81	0	0	0	0	0	0	0
Olfr1251	10.125000	0	81	0	0	0	0	0	0	0
Olfr1116	10.125000	0	81	0	0	0	0	0	0	0
Mylk4	10.125000	0	81	0	0	0	0	0	0	0
Fzd4	10.125000	0	81	0	0	0	0	0	0	0
Tnni3k	10.000000	80	0	0	0	0	0	0	0	0
Scg2	10.000000	0	80	0	0	0	0	0	0	0
Galnt3	10.000000	80	0	0	0	0	0	0	0	0
Phkb	9.875000	0	79	0	0	0	0	0	0	0
Olfr860	9.875000	0	79	0	0	0	0	0	0	0
Olfr1065	9.875000	0	79	0	0	0	0	0	0	0
Itfg1	9.875000	0	79	0	0	0	0	0	0	0
Cab39l	9.875000	0	79	0	0	0	0	0	0	0
Zfp821	9.750000	0	0	78	0	0	0	0	0	0
Tnfrsf21	9.750000	78	0	0	0	0	0	0	0	0
Thrb	9.750000	78	0	0	0	0	0	0	0	0
Shroom2	9.750000	78	0	0	0	0	0	0	0	0
Pcdhb18	9.750000	0	78	0	0	0	0	0	0	0
Olfr1184	9.750000	0	78	0	0	0	0	0	0	0
Mtx2	9.750000	78	0	0	0	0	0	0	0	0
Ist1	9.750000	0	0	78	0	0	0	0	0	0
Gypa	9.750000	78	0	0	0	0	0	0	0	0
Sult3a2	9.625000	77	0	0	0	0	0	0	0	0
Sox21	9.625000	77	0	0	0	0	0	0	0	0
Snap91	9.625000	77	0	0	0	0	0	0	0	0
Olfr803	9.625000	77	0	0	0	0	0	0	0	0
Olfr1085	9.625000	77	0	0	0	0	0	0	0	0
Etfdh	9.625000	0	77	0	0	0	0	0	0	0
Ankrd7	9.625000	0	77	0	0	0	0	0	0	0
4930579G24Rik	9.625000	0	77	0	0	0	0	0	0	0
Vmn2r84	9.500000	76	0	0	0	0	0	0	0	0
Tet2	9.500000	0	0	0	0	0	0	76	0	0
Snrpb2	9.500000	0	76	0	0	0	0	0	0	0
Dnal1	9.500000	0	76	0	0	0	0	0	0	0
Cfap298	9.500000	0	0	0	0	0	0	76	0	0
Gm8978	9.375000	75	0	0	0	0	0	0	0	0
Dspp	9.375000	75	0	0	0	0	0	0	0	0
Cyp2c37	9.375000	0	75	0	0	0	0	0	0	0
Abca9	9.375000	75	0	0	0	0	0	0	0	0
Pcdhb6	9.250000	74	0	0	0	0	0	0	0	0
Pcdhb5	9.250000	0	74	0	0	0	0	0	0	0
Olfr68	9.250000	0	74	0	0	0	0	0	0	0
Olfr307	9.250000	74	0	0	0	0	0	0	0	0
Gpm6a	9.250000	0	74	0	0	0	0	0	0	0
Rassf6	9.125000	73	0	0	0	0	0	0	0	0
Olfr617	9.125000	0	73	0	0	0	0	0	0	0
Lce1l	9.125000	0	73	0	0	0	0	0	0	0
Tsn	9.000000	0	0	0	0	0	0	72	0	0
Lipi	9.000000	0	72	0	0	0	0	0	0	0
Vmn2r42	8.875000	71	0	0	0	0	0	0	0	0
Hrh1	8.875000	0	0	0	0	0	0	71	0	0
Zfp941	8.750000	70	0	0	0	0	0	0	0	0
Rnf182	8.750000	70	0	0	0	0	0	0	0	0
Olfr394	8.750000	70	0	0	0	0	0	0	0	0
Olfr354	8.750000	70	0	0	0	0	0	0	0	0
Mtrf1l	8.750000	0	70	0	0	0	0	0	0	0
Akr1c14	8.750000	70	0	0	0	0	0	0	0	0
Scn2a	8.625000	0	69	0	0	0	0	0	0	0
Olfr128	8.625000	0	69	0	0	0	0	0	0	0
Chodl	8.625000	0	69	0	0	0	0	0	0	0
Atg16l1	8.500000	0	0	0	0	0	0	68	0	0
Vmn2r117	8.375000	67	0	0	0	0	0	0	0	0
Olfr644	8.375000	67	0	0	0	0	0	0	0	0
Anks1b	8.375000	67	0	0	0	0	0	0	0	0
Olfr1202	7.875000	0	63	0	0	0	0	0	0	0
Galk2	7.875000	0	63	0	0	0	0	0	0	0
Cops2	7.875000	0	63	0	0	0	0	0	0	0
1110032F04Rik	7.875000	63	0	0	0	0	0	0	0	0
Btbd35f4	7.750000	62	0	0	0	0	0	0	0	0
Btbd35f3	7.750000	62	0	0	0	0	0	0	0	0
Btbd35f26	7.750000	62	0	0	0	0	0	0	0	0
Btbd35f18	7.750000	62	0	0	0	0	0	0	0	0
Btbd35f16	7.750000	62	0	0	0	0	0	0	0	0
Btbd35f11	7.750000	62	0	0	0	0	0	0	0	0
Btbd35f10	7.750000	62	0	0	0	0	0	0	0	0
5430402E10Rik	7.750000	62	0	0	0	0	0	0	0	0
Hsf3	7.625000	61	0	0	0	0	0	0	0	0
Heph	7.625000	61	0	0	0	0	0	0	0	0
Nfib	7.375000	59	0	0	0	0	0	0	0	0
Olfr670	6.750000	54	0	0	0	0	0	0	0	0
