Target_genes	Sirt6|Average	SRX873340|ES_cells	SRX873342|ES_cells	SRX873343|ES_cells	STRING
Tcstv3	836.000000	736	823	949	0
Olfr806	725.000000	201	999	975	0
Abhd6	700.000000	278	912	910	0
Wwox	594.666667	109	856	819	0
Tent5c	421.000000	0	649	614	0
Cldn34d	412.666667	224	443	571	0
Esr1	405.666667	0	669	548	0
Aadacl2fm1	273.000000	0	0	819	0
Sbno2	244.000000	0	455	277	0
Gcgr	236.333333	0	360	349	0
Scn8a	231.000000	147	309	237	0
Vmn2r102	228.333333	0	327	358	0
Brox	207.333333	0	279	343	0
Aida	207.333333	0	279	343	0
Asmt	196.666667	0	275	315	0
Sfi1	129.666667	389	0	0	0
Dnajc3	120.333333	361	0	0	0
Rap2a	119.333333	358	0	0	0
Tdrd3	113.000000	339	0	0	0
Stk24	109.000000	327	0	0	0
Tmem192	108.000000	324	0	0	0
Zfp1	103.666667	311	0	0	0
Abcc4	103.666667	311	0	0	0
Diaph3	94.333333	283	0	0	0
Pdia5	91.666667	275	0	0	0
Gm3448	90.333333	271	0	0	0
Gm3417	90.333333	271	0	0	0
9030025P20Rik	90.333333	271	0	0	0
Gspt1	87.333333	262	0	0	0
Spryd7	86.666667	260	0	0	0
Uchl3	85.666667	257	0	0	0
Psmd11	85.666667	257	0	0	0
Wdfy2	85.000000	255	0	0	0
Icmt	83.333333	250	0	0	0
Cdt1	82.333333	247	0	0	0
Samd8	81.333333	244	0	0	0
Dusp13	81.333333	244	0	0	0
Prdx6	81.000000	243	0	0	0
Ube2g1	80.333333	241	0	0	0
Siva1	80.333333	241	0	0	0
Klhl24	80.333333	241	0	0	0
Atg16l1	78.000000	234	0	0	0
Scrn3	77.666667	233	0	0	0
Cir1	77.666667	233	0	0	0
Cd163l1	77.666667	0	233	0	0
Srp9	77.333333	232	0	0	0
Atp13a1	77.333333	232	0	0	0
Utp14b	76.333333	229	0	0	0
Rbm34	76.333333	229	0	0	0
Acsl3	76.333333	229	0	0	0
Cnot1	76.000000	228	0	0	0
Naf1	75.666667	227	0	0	0
Dnajb12	75.666667	227	0	0	0
Eif3b	75.000000	225	0	0	0
Tpm3	74.333333	223	0	0	0
Timm13	74.000000	222	0	0	0
Rbm38	74.000000	222	0	0	0
Mmp15	73.666667	221	0	0	0
Fbxw9	73.666667	221	0	0	0
Mto1	73.000000	219	0	0	0
Mrm1	73.000000	219	0	0	0
Cgas	73.000000	219	0	0	0
Hjurp	72.666667	218	0	0	0
A730008H23Rik	72.666667	218	0	0	0
Mxi1	72.333333	217	0	0	0
Idh2	72.333333	217	0	0	0
Atg4d	72.333333	217	0	0	0
Marchf11	72.000000	216	0	0	0
Zfp869	71.666667	215	0	0	0
Uqcrfs1	71.666667	215	0	0	0
Noc4l	71.666667	215	0	0	0
Mak16	71.666667	215	0	0	0
Llph	71.666667	215	0	0	0
Ddx51	71.666667	215	0	0	0
Rab8a	71.333333	214	0	0	0
Fam98c	71.000000	213	0	0	0
Elmod2	71.000000	213	0	0	0
D8Ertd738e	71.000000	213	0	0	0
Pofut2	70.666667	212	0	0	0
Dgke	70.666667	212	0	0	0
Tmem115	70.333333	0	82	129	0
Heatr3	70.333333	211	0	0	0
Nr4a2	70.000000	210	0	0	0
Hgh1	70.000000	210	0	0	0
Gm51425	70.000000	210	0	0	0
Ipo5	69.666667	209	0	0	0
Ctsb	69.333333	208	0	0	0
Cln5	69.333333	208	0	0	0
Rtn3	68.666667	206	0	0	0
Mzt1	68.666667	206	0	0	0
Fpgs	68.666667	206	0	0	0
Bora	68.666667	206	0	0	0
Tmem125	68.333333	0	105	100	0
Spata33	68.333333	205	0	0	0
Mtmr10	68.333333	205	0	0	0
Ebpl	68.333333	205	0	0	0
Chmp1a	68.333333	205	0	0	0
Nup133	68.000000	204	0	0	0
Lipt2	68.000000	204	0	0	0
Cdkn2aip	68.000000	204	0	0	0
Slc7a6	67.666667	203	0	0	0
Ivns1abp	67.666667	203	0	0	0
Golph3	67.666667	203	0	0	0
Wbp11	67.000000	201	0	0	0
Gabarapl2	67.000000	201	0	0	0
Banp	67.000000	201	0	0	0
BC049715	67.000000	201	0	0	0
Nfatc2ip	66.666667	200	0	0	0
Ndufaf6	66.666667	200	0	0	0
Nudcd2	66.333333	0	0	199	0
Hmmr	66.333333	0	0	199	0
Stk38	65.333333	196	0	0	0
Matr3	65.333333	196	0	0	0
Lrch4	65.333333	0	196	0	0
Fbxo24	65.333333	0	196	0	0
Csnk2a1	65.333333	196	0	0	0
Prkcz	65.000000	195	0	0	0
Napa	65.000000	195	0	0	0
Plpbp	64.666667	194	0	0	0
Gm27021	64.666667	194	0	0	0
Emc8	64.666667	194	0	0	0
Cox4i1	64.666667	194	0	0	0
Ccdc102a	64.666667	194	0	0	0
Btbd10	64.666667	194	0	0	0
Cyld	64.333333	193	0	0	0
Cep78	64.333333	193	0	0	0
Adpgk	64.333333	193	0	0	0
2310039H08Rik	64.333333	193	0	0	0
Rpa2	64.000000	192	0	0	0
Rab40c	64.000000	192	0	0	0
Zbtb43	63.666667	191	0	0	0
Serp1	63.666667	191	0	0	0
Rpl19	63.666667	191	0	0	0
Eif2a	63.666667	191	0	0	0
Cacnb1	63.666667	191	0	0	0
Tcte3	63.333333	190	0	0	0
Sugp1	63.333333	190	0	0	0
Pprc1	63.333333	190	0	0	0
Mau2	63.333333	190	0	0	0
Gm3435	63.333333	190	0	0	0
Ttc39b	63.000000	189	0	0	0
Trap1	63.000000	189	0	0	0
Tmppe	63.000000	189	0	0	0
Rnaseh2c	63.000000	189	0	0	0
Pold1	63.000000	189	0	0	0
Nr1h2	63.000000	189	0	0	0
Necap1	63.000000	189	0	0	0
Klf7	63.000000	189	0	0	0
Hap1	63.000000	189	0	0	0
Brwd1	63.000000	189	0	0	0
Trim37	62.666667	188	0	0	0
Psmd7	62.666667	188	0	0	0
Uggt2	62.333333	187	0	0	0
Trir	62.333333	187	0	0	0
Tra2a	62.333333	187	0	0	0
Tmem38b	62.333333	187	0	0	0
Smim10l1	62.333333	187	0	0	0
Immt	62.333333	187	0	0	0
Get3	62.333333	187	0	0	0
Eef1e1	62.333333	187	0	0	0
Coq10b	62.333333	187	0	0	0
Rab11fip1	62.000000	186	0	0	0
Fmnl2	62.000000	186	0	0	0
Thada	61.666667	185	0	0	0
Ddx6	61.666667	185	0	0	0
Ddx42	61.666667	185	0	0	0
Ccdc47	61.666667	185	0	0	0
Snip1	61.333333	184	0	0	0
Frg1	61.333333	184	0	0	0
Dusp1	61.333333	184	0	0	0
Dnali1	61.333333	184	0	0	0
Cyp51	61.333333	184	0	0	0
Aprt	61.333333	184	0	0	0
Actr1b	61.333333	184	0	0	0
4933424G06Rik	61.333333	184	0	0	0
Slc26a2	61.000000	183	0	0	0
Scai	61.000000	183	0	0	0
Mycbp2	61.000000	183	0	0	0
Ddx39a	61.000000	183	0	0	0
Rpl29	60.666667	182	0	0	0
Pdxdc1	60.666667	182	0	0	0
Mpv17l	60.666667	182	0	0	0
Got2	60.666667	182	0	0	0
D10Wsu102e	60.666667	182	0	0	0
Clptm1	60.666667	182	0	0	0
Usp22	60.333333	181	0	0	0
Uqcc2	60.333333	181	0	0	0
Erlin2	60.333333	181	0	0	0
Zfp605	60.000000	180	0	0	0
Xpnpep1	60.000000	180	0	0	0
St3gal5	60.000000	180	0	0	0
Gtpbp6	60.000000	180	0	0	0
Gm5741	60.000000	180	0	0	0
Edc3	60.000000	180	0	0	0
Dhps	60.000000	180	0	0	0
Cfap20	60.000000	180	0	0	0
Tmem217	59.666667	179	0	0	0
Tgds	59.666667	179	0	0	0
Tbc1d22b	59.666667	179	0	0	0
Mettl2	59.666667	179	0	0	0
Gpr180	59.666667	179	0	0	0
2310057M21Rik	59.666667	179	0	0	0
Zfyve9	59.333333	178	0	0	0
Srbd1	59.333333	178	0	0	0
Sec61a2	59.333333	178	0	0	0
Pdcd2l	59.333333	178	0	0	0
Map1lc3b	59.333333	178	0	0	0
Brf1	59.333333	178	0	0	0
Fus	59.000000	177	0	0	0
Cdk10	59.000000	177	0	0	0
9430038I01Rik	59.000000	177	0	0	0
Tasp1	58.666667	176	0	0	0
Snx14	58.666667	176	0	0	0
Med26	58.666667	176	0	0	0
Hinfp	58.666667	176	0	0	0
Fam177a2	58.666667	176	0	0	0
Fam177a	58.666667	176	0	0	0
Ddx46	58.666667	176	0	0	0
Capn10	58.666667	176	0	0	0
Zc3h7a	58.333333	175	0	0	0
Ube2l3	58.333333	175	0	0	0
Il17rd	58.333333	175	0	0	0
Dynll2	58.333333	175	0	0	0
Ythdf1	58.000000	174	0	0	0
Wdr55	58.000000	174	0	0	0
Smtnl2	58.000000	174	0	0	0
Prkci	58.000000	174	0	0	0
Nek2	58.000000	174	0	0	0
Map3k2	58.000000	174	0	0	0
Farsa	58.000000	174	0	0	0
Dync1h1	58.000000	174	0	0	0
2310033P09Rik	58.000000	174	0	0	0
Zfp57	57.666667	173	0	0	0
Pgls	57.666667	173	0	0	0
Zfp871	57.333333	172	0	0	0
Zdhhc1	57.333333	172	0	0	0
Pbk	57.333333	172	0	0	0
Npm3	57.333333	172	0	0	0
Klhl36	57.333333	172	0	0	0
Kat2a	57.333333	172	0	0	0
Hspb9	57.333333	172	0	0	0
Gm7762	57.333333	172	0	0	0
Diaph1	57.333333	172	0	0	0
Ddx24	57.333333	172	0	0	0
Cpne3	57.333333	172	0	0	0
Commd6	57.333333	172	0	0	0
Aen	57.333333	172	0	0	0
Spata13	57.000000	171	0	0	0
Med9	57.000000	171	0	0	0
Ermard	57.000000	171	0	0	0
Sbf1	56.666667	170	0	0	0
Polr2c	56.666667	170	0	0	0
Mtpn	56.666667	170	0	0	0
Mcfd2	56.666667	170	0	0	0
Hspa4	56.666667	170	0	0	0
Farp1	56.666667	170	0	0	0
Dnajc19	56.666667	170	0	0	0
Clasp2	56.666667	170	0	0	0
Tpm4	56.333333	169	0	0	0
Tor1a	56.333333	169	0	0	0
Tbc1d4	56.333333	169	0	0	0
Rexo1	56.333333	169	0	0	0
Paip2	56.333333	169	0	0	0
Odf2	56.333333	169	0	0	0
Nob1	56.333333	169	0	0	0
Lrig2	56.333333	169	0	0	0
Fam161b	56.333333	169	0	0	0
Dhcr24	56.333333	169	0	0	0
Dexi	56.333333	169	0	0	0
Cul5	56.333333	169	0	0	0
Coq6	56.333333	169	0	0	0
Clk1	56.333333	169	0	0	0
Clec16a	56.333333	169	0	0	0
Chka	56.333333	169	0	0	0
Actn4	56.333333	169	0	0	0
Tbl1xr1	56.000000	168	0	0	0
Rpl11	56.000000	168	0	0	0
Net1	56.000000	168	0	0	0
Hexim2	56.000000	168	0	0	0
9130401M01Rik	56.000000	168	0	0	0
Ypel2	55.666667	167	0	0	0
Tsnaxip1	55.666667	167	0	0	0
Rpl5	55.666667	167	0	0	0
Rpl32	55.666667	167	0	0	0
Ranbp10	55.666667	167	0	0	0
Nr2f6	55.666667	167	0	0	0
Eif3h	55.666667	167	0	0	0
Dnttip2	55.666667	167	0	0	0
Snapc1	55.333333	166	0	0	0
Slain1	55.333333	166	0	0	0
Scaf4	55.333333	166	0	0	0
Pskh1	55.333333	166	0	0	0
Malt1	55.333333	166	0	0	0
Eif3c	55.333333	166	0	0	0
Tex2	55.000000	165	0	0	0
Relt	55.000000	165	0	0	0
Nup153	55.000000	165	0	0	0
Nfyc	55.000000	165	0	0	0
Ndfip2	55.000000	165	0	0	0
Fkbp4	55.000000	165	0	0	0
Fam222b	55.000000	165	0	0	0
Ddx49	55.000000	165	0	0	0
Cope	55.000000	165	0	0	0
Coa6	55.000000	165	0	0	0
Asxl2	55.000000	165	0	0	0
Ankrd17	55.000000	165	0	0	0
Eif3m	54.666667	164	0	0	0
Dus2	54.666667	164	0	0	0
Dscc1	54.666667	164	0	0	0
Ddx28	54.666667	164	0	0	0
Ddx20	54.666667	164	0	0	0
Cfdp1	54.666667	164	0	0	0
Amotl2	54.666667	164	0	0	0
Zmym1	54.333333	163	0	0	0
Xrcc6	54.333333	163	0	0	0
Ubr2	54.333333	163	0	0	0
Tamm41	54.333333	163	0	0	0
Ss18l1	54.333333	163	0	0	0
Sik2	54.333333	163	0	0	0
Rgl1	54.333333	163	0	0	0
Psma7	54.333333	163	0	0	0
Mthfd2	54.333333	163	0	0	0
Micos10	54.333333	163	0	0	0
Desi1	54.333333	163	0	0	0
Crtap	54.333333	163	0	0	0
Bcl10	54.333333	163	0	0	0
Arpc5	54.333333	163	0	0	0
Zfp996	54.000000	162	0	0	0
Slc16a1	54.000000	162	0	0	0
Rad23a	54.000000	162	0	0	0
Pgam5	54.000000	162	0	0	0
Marchf5	54.000000	162	0	0	0
Lmnb2	54.000000	162	0	0	0
Kri1	54.000000	162	0	0	0
Engase	54.000000	162	0	0	0
Edc4	54.000000	162	0	0	0
Cpeb3	54.000000	162	0	0	0
Cdkn2d	54.000000	162	0	0	0
Acp6	54.000000	162	0	0	0
Terf1	53.666667	161	0	0	0
Pim1	53.666667	161	0	0	0
Mcph1	53.666667	161	0	0	0
Ipo8	53.666667	161	0	0	0
Ercc4	53.666667	161	0	0	0
Dusp12	53.666667	161	0	0	0
Dnajb1	53.666667	161	0	0	0
Stat3	53.333333	160	0	0	0
Qsox2	53.333333	160	0	0	0
Pdcd5	53.333333	160	0	0	0
Nrg1	53.333333	160	0	0	0
Mlec	53.333333	160	0	0	0
Gatad2a	53.333333	160	0	0	0
Zfp451	53.000000	159	0	0	0
Srsf5	53.000000	159	0	0	0
Serpinb6a	53.000000	159	0	0	0
Ripk1	53.000000	159	0	0	0
Rerg	53.000000	159	0	0	0
Psmd5	53.000000	159	0	0	0
Psmc4	53.000000	159	0	0	0
Pdpr	53.000000	159	0	0	0
Mta2	53.000000	159	0	0	0
Kank2	53.000000	159	0	0	0
Cutal	53.000000	159	0	0	0
Cox7a2	53.000000	159	0	0	0
Cox14	53.000000	159	0	0	0
Cherp	53.000000	159	0	0	0
Sertad2	52.666667	158	0	0	0
Rab11a	52.666667	158	0	0	0
Nfat5	52.666667	158	0	0	0
Nanp	52.666667	158	0	0	0
Insig1	52.666667	158	0	0	0
Gnpnat1	52.666667	158	0	0	0
Esyt2	52.666667	158	0	0	0
Eri1	52.666667	158	0	0	0
Ddx10	52.666667	158	0	0	0
Anapc10	52.666667	158	0	0	0
Ahdc1	52.666667	158	0	0	0
Abce1	52.666667	158	0	0	0
Zfp180	52.333333	157	0	0	0
Zc3h12c	52.333333	157	0	0	0
Stim1	52.333333	157	0	0	0
Sap130	52.333333	157	0	0	0
Rpusd2	52.333333	157	0	0	0
Rnf40	52.333333	157	0	0	0
Riok1	52.333333	157	0	0	0
Plbd2	52.333333	157	0	0	0
Pik3ca	52.333333	157	0	0	0
Pgp	52.333333	157	0	0	0
Kif5c	52.333333	157	0	0	0
Ddx17	52.333333	157	0	0	0
Ccdc189	52.333333	157	0	0	0
Cage1	52.333333	157	0	0	0
Bricd5	52.333333	157	0	0	0
Adss	52.333333	157	0	0	0
Pibf1	52.000000	156	0	0	0
Dis3	52.000000	156	0	0	0
Ubc	51.666667	155	0	0	0
Strbp	51.666667	155	0	0	0
Stk25	51.666667	155	0	0	0
Stard7	51.666667	155	0	0	0
Rrp7a	51.666667	155	0	0	0
Rab4a	51.666667	155	0	0	0
Ppm1g	51.666667	155	0	0	0
Pigq	51.666667	155	0	0	0
Papss1	51.666667	155	0	0	0
Nhlrc4	51.666667	155	0	0	0
Mtx2	51.666667	155	0	0	0
Itm2b	51.666667	155	0	0	0
Exosc6	51.666667	155	0	0	0
Eif4h	51.666667	155	0	0	0
Dut	51.666667	155	0	0	0
Cbr4	51.666667	155	0	0	0
Bicd2	51.666667	155	0	0	0
Acin1	51.666667	155	0	0	0
2700081O15Rik	51.666667	155	0	0	0
1700123O20Rik	51.666667	155	0	0	0
Ss18l2	51.333333	154	0	0	0
Sprtn	51.333333	154	0	0	0
Rptor	51.333333	154	0	0	0
Nr2c2ap	51.333333	154	0	0	0
Exoc8	51.333333	154	0	0	0
Eif3g	51.333333	154	0	0	0
Ankrd10	51.333333	154	0	0	0
Wiz	51.000000	153	0	0	0
Tra2b	51.000000	153	0	0	0
Slmap	51.000000	153	0	0	0
Rpl9	51.000000	153	0	0	0
Rab2a	51.000000	153	0	0	0
Polr3h	51.000000	153	0	0	0
Mtf1	51.000000	153	0	0	0
Lman2	51.000000	153	0	0	0
Lias	51.000000	153	0	0	0
Hs6st3	51.000000	153	0	0	0
Cnnm1	51.000000	153	0	0	0
Bnip2	51.000000	153	0	0	0
Wdr83os	50.666667	152	0	0	0
Wdr83	50.666667	152	0	0	0
Timm9	50.666667	152	0	0	0
Spry1	50.666667	152	0	0	0
Spef1	50.666667	152	0	0	0
Slc18a1	50.666667	152	0	0	0
Sgpl1	50.666667	152	0	0	0
Rps15	50.666667	152	0	0	0
Rnf166	50.666667	152	0	0	0
Qk	50.666667	152	0	0	0
Ptpa	50.666667	152	0	0	0
Ndufv1	50.666667	152	0	0	0
Naca	50.666667	152	0	0	0
Man2b1	50.666667	152	0	0	0
Eif3l	50.666667	152	0	0	0
Ctu2	50.666667	152	0	0	0
Crat	50.666667	152	0	0	0
Cenpb	50.666667	152	0	0	0
Ccdc142	50.666667	152	0	0	0
Atp6v1b2	50.666667	152	0	0	0
Apc2	50.666667	152	0	0	0
2700049A03Rik	50.666667	152	0	0	0
Utp4	50.333333	151	0	0	0
Unc13b	50.333333	151	0	0	0
Tmem258	50.333333	151	0	0	0
Rsbn1l	50.333333	151	0	0	0
Rcan1	50.333333	151	0	0	0
Rbsn	50.333333	151	0	0	0
Prmt7	50.333333	151	0	0	0
Pacs1	50.333333	151	0	0	0
Ostm1	50.333333	151	0	0	0
Osbpl1a	50.333333	151	0	0	0
Klf11	50.333333	151	0	0	0
Kif21b	50.333333	151	0	0	0
Htra2	50.333333	151	0	0	0
Ganab	50.333333	151	0	0	0
Fen1	50.333333	151	0	0	0
Dync1li2	50.333333	151	0	0	0
Dqx1	50.333333	151	0	0	0
Derpc	50.333333	151	0	0	0
Ddhd2	50.333333	151	0	0	0
Chtf8	50.333333	151	0	0	0
Bin3	50.333333	151	0	0	0
Arhgap19	50.333333	151	0	0	0
Abraxas1	50.333333	151	0	0	0
Tomm70a	50.000000	150	0	0	0
Snx4	50.000000	150	0	0	0
Smarcb1	50.000000	150	0	0	0
Slc35e2	50.000000	150	0	0	0
Rbm26	50.000000	150	0	0	0
Rangap1	50.000000	150	0	0	0
Mob1b	50.000000	150	0	0	0
Drg1	50.000000	150	0	0	0
Cdca8	50.000000	150	0	0	0
B3gnt9	50.000000	150	0	0	0
9930104L06Rik	50.000000	150	0	0	0
Timeless	49.666667	149	0	0	0
Rhot1	49.666667	149	0	0	0
Psmd4	49.666667	149	0	0	0
Nudt16l1	49.666667	149	0	0	0
Map6d1	49.666667	149	0	0	0
Gnpat	49.666667	149	0	0	0
Fgd4	49.666667	149	0	0	0
Dnajc13	49.666667	149	0	0	0
Cnn3	49.666667	149	0	0	0
Ccdc88a	49.666667	149	0	0	0
Arhgap35	49.666667	149	0	0	0
2810004N23Rik	49.666667	149	0	0	0
Vcp	49.333333	148	0	0	0
Slc25a17	49.333333	148	0	0	0
Sec23ip	49.333333	148	0	0	0
Rpl10a	49.333333	148	0	0	0
Pdap1	49.333333	148	0	0	0
Mrpl27	49.333333	148	0	0	0
Mcmbp	49.333333	148	0	0	0
Gpt2	49.333333	148	0	0	0
Gm13212	49.333333	148	0	0	0
Eme1	49.333333	148	0	0	0
Crk	49.333333	148	0	0	0
Cdk9	49.333333	148	0	0	0
Bud31	49.333333	148	0	0	0
Zfp729a	49.000000	147	0	0	0
Zfp512b	49.000000	147	0	0	0
Xkr5	49.000000	147	0	0	0
Vps8	49.000000	147	0	0	0
Vps33a	49.000000	147	0	0	0
Usp38	49.000000	147	0	0	0
Ubxn1	49.000000	147	0	0	0
Tmem229b	49.000000	147	0	0	0
Tex261	49.000000	147	0	0	0
Stx5a	49.000000	147	0	0	0
Snrpa	49.000000	147	0	0	0
Snapc4	49.000000	147	0	0	0
Slc39a11	49.000000	147	0	0	0
Sirt7	49.000000	147	0	0	0
Sephs2	49.000000	147	0	0	0
Rrp1	49.000000	147	0	0	0
Rabepk	49.000000	147	0	0	0
Psmb4	49.000000	147	0	0	0
Ppp2r2d	49.000000	147	0	0	0
Os9	49.000000	147	0	0	0
Mapk1ip1	49.000000	147	0	0	0
Lcorl	49.000000	147	0	0	0
Hdac1	49.000000	147	0	0	0
Gpc6	49.000000	147	0	0	0
Gk5	49.000000	147	0	0	0
Galnt2	49.000000	147	0	0	0
Dync1li1	49.000000	147	0	0	0
Ddx1	49.000000	147	0	0	0
Cog1	49.000000	147	0	0	0
Bub1	49.000000	147	0	0	0
BC024978	49.000000	147	0	0	0
Atp5j2	49.000000	147	0	0	0
Arvcf	49.000000	147	0	0	0
A930018P22Rik	49.000000	147	0	0	0
1700092M07Rik	49.000000	147	0	0	0
Tctn3	48.666667	146	0	0	0
Slc20a1	48.666667	146	0	0	0
Msh6	48.666667	146	0	0	0
Homer3	48.666667	146	0	0	0
Grpel1	48.666667	146	0	0	0
Entpd1	48.666667	146	0	0	0
Ddost	48.666667	146	0	0	0
Akirin1	48.666667	146	0	0	0
Zzef1	48.333333	145	0	0	0
Tnip2	48.333333	145	0	0	0
Tle1	48.333333	145	0	0	0
Tlcd3a	48.333333	145	0	0	0
Spg11	48.333333	145	0	0	0
Shprh	48.333333	145	0	0	0
Rpl13	48.333333	145	0	0	0
Rexo2	48.333333	145	0	0	0
Ppp1r2	48.333333	145	0	0	0
Pom121	48.333333	145	0	0	0
Orai1	48.333333	145	0	0	0
Mis18bp1	48.333333	145	0	0	0
Med7	48.333333	145	0	0	0
Map3k4	48.333333	145	0	0	0
Ilrun	48.333333	145	0	0	0
Hmbs	48.333333	145	0	0	0
Efr3a	48.333333	145	0	0	0
Dennd5b	48.333333	145	0	0	0
Cyb5d2	48.333333	145	0	0	0
Avl9	48.333333	145	0	0	0
Vdac2	48.000000	144	0	0	0
Uba2	48.000000	144	0	0	0
Rab6a	48.000000	144	0	0	0
Plk3	48.000000	144	0	0	0
Parn	48.000000	144	0	0	0
Mrpl20	48.000000	144	0	0	0
Klc1	48.000000	144	0	0	0
Josd1	48.000000	144	0	0	0
Herc4	48.000000	144	0	0	0
Gtpbp1	48.000000	144	0	0	0
Golga1	48.000000	144	0	0	0
Cnot3	48.000000	144	0	0	0
Cdc23	48.000000	144	0	0	0
Cactin	48.000000	144	0	0	0
Bfar	48.000000	144	0	0	0
Basp1	48.000000	144	0	0	0
9930021J03Rik	48.000000	144	0	0	0
Zdhhc24	47.666667	143	0	0	0
Utp25	47.666667	143	0	0	0
Tsfm	47.666667	143	0	0	0
Tbc1d9	47.666667	143	0	0	0
Snu13	47.666667	143	0	0	0
Slirp	47.666667	143	0	0	0
Sik1	47.666667	143	0	0	0
Rab1a	47.666667	143	0	0	0
Psmb10	47.666667	143	0	0	0
Pa2g4	47.666667	143	0	0	0
Nrp	47.666667	143	0	0	0
Nelfa	47.666667	143	0	0	0
Ncoa3	47.666667	143	0	0	0
Naa60	47.666667	143	0	0	0
Mrpl12	47.666667	143	0	0	0
Mfn1	47.666667	143	0	0	0
Mfap1b	47.666667	143	0	0	0
Mat2a	47.666667	143	0	0	0
Klhl12	47.666667	143	0	0	0
Fut8	47.666667	143	0	0	0
Ctrl	47.666667	143	0	0	0
Cacybp	47.666667	143	0	0	0
Alkbh1	47.666667	143	0	0	0
Actn3	47.666667	143	0	0	0
Stag1	47.333333	142	0	0	0
Slc35f5	47.333333	142	0	0	0
Slc25a33	47.333333	142	0	0	0
Sec14l1	47.333333	142	0	0	0
Rps10	47.333333	142	0	0	0
Rnpepl1	47.333333	142	0	0	0
Notch2	47.333333	142	0	0	0
Ncbp3	47.333333	142	0	0	0
Naglu	47.333333	142	0	0	0
Mrps2	47.333333	142	0	0	0
Mfsd5	47.333333	142	0	0	0
Lrrc20	47.333333	142	0	0	0
Kif3b	47.333333	142	0	0	0
Eaf2	47.333333	142	0	0	0
Dusp28	47.333333	142	0	0	0
Ankmy1	47.333333	142	0	0	0
Ajuba	47.333333	142	0	0	0
Abraxas2	47.333333	142	0	0	0
1700007K13Rik	47.333333	142	0	0	0
Zfp64	47.000000	141	0	0	0
Tmco1	47.000000	141	0	0	0
Snrpe	47.000000	141	0	0	0
Sin3b	47.000000	141	0	0	0
Rdh13	47.000000	141	0	0	0
Ppm1e	47.000000	141	0	0	0
Pin1	47.000000	141	0	0	0
Phrf1	47.000000	141	0	0	0
Mfsd14b	47.000000	141	0	0	0
Fam234b	47.000000	141	0	0	0
Dusp10	47.000000	141	0	0	0
Cox7c	47.000000	141	0	0	0
Cenpf	47.000000	141	0	0	0
Asph	47.000000	141	0	0	0
Arhgap26	47.000000	141	0	0	0
1700056E22Rik	47.000000	141	0	0	0
Zfp668	46.666667	140	0	0	0
Zfp646	46.666667	140	0	0	0
Zdhhc5	46.666667	140	0	0	0
Xbp1	46.666667	140	0	0	0
Vps37c	46.666667	140	0	0	0
Ubtd1	46.666667	140	0	0	0
Trappc6b	46.666667	140	0	0	0
Tpp2	46.666667	140	0	0	0
Tmem231	46.666667	140	0	0	0
Tax1bp1	46.666667	140	0	0	0
Tasor	46.666667	140	0	0	0
Tango6	46.666667	140	0	0	0
Ppp4c	46.666667	140	0	0	0
Pms1	46.666667	140	0	0	0
Ormdl1	46.666667	140	0	0	0
Nudt13	46.666667	140	0	0	0
Nit2	46.666667	140	0	0	0
Ninj1	46.666667	140	0	0	0
Mms19	46.666667	140	0	0	0
Jam2	46.666667	140	0	0	0
Ipo7	46.666667	140	0	0	0
Hspa9	46.666667	140	0	0	0
Epg5	46.666667	140	0	0	0
Ap1g1	46.666667	140	0	0	0
Ankle2	46.666667	140	0	0	0
Actr10	46.666667	140	0	0	0
Wipi2	46.333333	139	0	0	0
Rnf138	46.333333	139	0	0	0
Rheb	46.333333	139	0	0	0
Rars	46.333333	139	0	0	0
Polg2	46.333333	139	0	0	0
Nomo1	46.333333	139	0	0	0
Nip7	46.333333	139	0	0	0
Myo1d	46.333333	139	0	0	0
H13	46.333333	139	0	0	0
Gpatch8	46.333333	139	0	0	0
Eif4a1	46.333333	139	0	0	0
Dop1b	46.333333	139	0	0	0
Cyth3	46.333333	139	0	0	0
Coprs	46.333333	139	0	0	0
Cog8	46.333333	139	0	0	0
Chmp7	46.333333	139	0	0	0
Cemip2	46.333333	139	0	0	0
Celf1	46.333333	139	0	0	0
Cdc16	46.333333	139	0	0	0
Atad3a	46.333333	139	0	0	0
Abcc6	46.333333	139	0	0	0
1700030J22Rik	46.333333	139	0	0	0
Tmem203	46.000000	138	0	0	0
Tank	46.000000	138	0	0	0
Slc66a1	46.000000	138	0	0	0
Shq1	46.000000	138	0	0	0
Rundc3b	46.000000	138	0	0	0
Rbm19	46.000000	138	0	0	0
Pygb	46.000000	138	0	0	0
Pde5a	46.000000	138	0	0	0
Ndor1	46.000000	138	0	0	0
Naxd	46.000000	138	0	0	0
Nasp	46.000000	138	0	0	0
Lsm2	46.000000	138	0	0	0
Lmo7	46.000000	138	0	0	0
Lemd1	46.000000	138	0	0	0
Ginm1	46.000000	138	0	0	0
Gan	46.000000	138	0	0	0
Emsy	46.000000	138	0	0	0
Dimt1	46.000000	138	0	0	0
Ankle1	46.000000	138	0	0	0
Akr7a5	46.000000	138	0	0	0
Abcg1	46.000000	138	0	0	0
Vps4b	45.666667	137	0	0	0
Utp18	45.666667	137	0	0	0
Tmem181a	45.666667	137	0	0	0
Sppl2b	45.666667	137	0	0	0
Rbm22	45.666667	137	0	0	0
Ppp4r3b	45.666667	137	0	0	0
Mbtd1	45.666667	137	0	0	0
Lsm7	45.666667	137	0	0	0
Lrch3	45.666667	137	0	0	0
Hbegf	45.666667	137	0	0	0
Ctcf	45.666667	137	0	0	0
Cpt1b	45.666667	137	0	0	0
Chkb	45.666667	137	0	0	0
Arf4	45.666667	137	0	0	0
9430015G10Rik	45.666667	137	0	0	0
Zfp830	45.333333	136	0	0	0
Zdhhc6	45.333333	136	0	0	0
Xrn1	45.333333	136	0	0	0
Wasl	45.333333	136	0	0	0
Vti1a	45.333333	136	0	0	0
Vps33b	45.333333	136	0	0	0
Thoc3	45.333333	136	0	0	0
Taf5	45.333333	136	0	0	0
Supt4a	45.333333	136	0	0	0
Slc12a4	45.333333	136	0	0	0
Sec61a1	45.333333	136	0	0	0
Rnaseh2b	45.333333	136	0	0	0
Ranbp2	45.333333	136	0	0	0
Rab11b	45.333333	136	0	0	0
Ppp2cb	45.333333	136	0	0	0
P3h1	45.333333	136	0	0	0
Ogfr	45.333333	136	0	0	0
Nup35	45.333333	136	0	0	0
Nsfl1c	45.333333	136	0	0	0
Ndufb8	45.333333	136	0	0	0
Mrps26	45.333333	136	0	0	0
Khdrbs1	45.333333	136	0	0	0
Ints6	45.333333	136	0	0	0
Igsf8	45.333333	136	0	0	0
Fbxo3	45.333333	136	0	0	0
Exosc2	45.333333	136	0	0	0
Cct6b	45.333333	136	0	0	0
Bcar1	45.333333	136	0	0	0
AU022252	45.333333	136	0	0	0
4931422A03Rik	45.333333	136	0	0	0
Yif1a	45.000000	135	0	0	0
Tuft1	45.000000	135	0	0	0
Ttbk2	45.000000	135	0	0	0
Trip4	45.000000	135	0	0	0
Trim35	45.000000	135	0	0	0
Tmem151a	45.000000	135	0	0	0
Slc35b2	45.000000	135	0	0	0
Sel1l	45.000000	135	0	0	0
Pxmp4	45.000000	135	0	0	0
Pip4p1	45.000000	135	0	0	0
Mrps15	45.000000	135	0	0	0
Lrp11	45.000000	135	0	0	0
Heatr5a	45.000000	135	0	0	0
Gm5165	45.000000	135	0	0	0
Gcc2	45.000000	135	0	0	0
Fam104a	45.000000	135	0	0	0
Ehd1	45.000000	135	0	0	0
Dsel	45.000000	135	0	0	0
D11Wsu47e	45.000000	135	0	0	0
Ccne1	45.000000	135	0	0	0
Arpc2	45.000000	135	0	0	0
Ap3s2	45.000000	135	0	0	0
Zranb3	44.666667	134	0	0	0
Zfp398	44.666667	134	0	0	0
Zfp367	44.666667	134	0	0	0
Zbtb7c	44.666667	134	0	0	0
Stt3b	44.666667	134	0	0	0
Scarb2	44.666667	134	0	0	0
Rfwd3	44.666667	134	0	0	0
Rfc5	44.666667	134	0	0	0
R3hdm1	44.666667	134	0	0	0
Pold3	44.666667	134	0	0	0
Phf10	44.666667	134	0	0	0
Oxa1l	44.666667	134	0	0	0
Osbpl8	44.666667	134	0	0	0
Mtmr2	44.666667	134	0	0	0
Mrps36	44.666667	134	0	0	0
Mrpl36	44.666667	134	0	0	0
Mphosph8	44.666667	134	0	0	0
Maff	44.666667	134	0	0	0
Kank1	44.666667	134	0	0	0
Il6st	44.666667	134	0	0	0
Hnrnpdl	44.666667	134	0	0	0
Hadhb	44.666667	134	0	0	0
Hadha	44.666667	134	0	0	0
Gtf2e2	44.666667	134	0	0	0
Grk5	44.666667	134	0	0	0
Fam214a	44.666667	134	0	0	0
Enoph1	44.666667	134	0	0	0
Ei24	44.666667	134	0	0	0
Ddx55	44.666667	134	0	0	0
Ctnna3	44.666667	134	0	0	0
Chuk	44.666667	134	0	0	0
Cdc37l1	44.666667	134	0	0	0
Atp5k	44.666667	134	0	0	0
Zfp493	44.333333	133	0	0	0
Trappc9	44.333333	133	0	0	0
Slf2	44.333333	133	0	0	0
Sh3bgrl2	44.333333	133	0	0	0
S100a1	44.333333	133	0	0	0
Raf1	44.333333	133	0	0	0
Paxx	44.333333	133	0	0	0
Ovca2	44.333333	133	0	0	0
Nek1	44.333333	133	0	0	0
Myl12b	44.333333	133	0	0	0
Mfn2	44.333333	133	0	0	0
Lrch1	44.333333	133	0	0	0
Fbxo31	44.333333	133	0	0	0
Fam53c	44.333333	133	0	0	0
Eif2ak3	44.333333	133	0	0	0
Dlc1	44.333333	133	0	0	0
Clic3	44.333333	133	0	0	0
Chtop	44.333333	133	0	0	0
Ccar2	44.333333	133	0	0	0
C2cd2	44.333333	133	0	0	0
Atp23	44.333333	133	0	0	0
Ahnak	44.333333	133	0	0	0
Abcc1	44.333333	133	0	0	0
Wdr62	44.000000	132	0	0	0
Txlna	44.000000	132	0	0	0
Snw1	44.000000	132	0	0	0
Smg1	44.000000	132	0	0	0
Rspry1	44.000000	132	0	0	0
Rpl31	44.000000	132	0	0	0
Psme3ip1	44.000000	132	0	0	0
Mycl	44.000000	132	0	0	0
Ipo11	44.000000	132	0	0	0
Ifnar2	44.000000	132	0	0	0
Bloc1s4	44.000000	132	0	0	0
Zfp69	43.666667	131	0	0	0
Ttc13	43.666667	131	0	0	0
Tatdn3	43.666667	131	0	0	0
Sesn2	43.666667	131	0	0	0
Sae1	43.666667	131	0	0	0
Pspc1	43.666667	131	0	0	0
Psmd1	43.666667	131	0	0	0
Ppp1r37	43.666667	131	0	0	0
Pink1	43.666667	131	0	0	0
Nsl1	43.666667	131	0	0	0
Myo9b	43.666667	131	0	0	0
Mvb12a	43.666667	131	0	0	0
Metap2	43.666667	131	0	0	0
Ippk	43.666667	131	0	0	0
Hsd17b12	43.666667	131	0	0	0
Haus8	43.666667	131	0	0	0
Gng12	43.666667	131	0	0	0
Glg1	43.666667	131	0	0	0
Cnot6l	43.666667	131	0	0	0
Cmc1	43.666667	131	0	0	0
Blcap	43.666667	131	0	0	0
Arv1	43.666667	131	0	0	0
Anapc1	43.666667	131	0	0	0
Actl6a	43.666667	131	0	0	0
Uchl5	43.333333	130	0	0	0
Ubxn11	43.333333	130	0	0	0
Thap3	43.333333	130	0	0	0
Tacc1	43.333333	130	0	0	0
Smad1	43.333333	130	0	0	0
Ro60	43.333333	130	0	0	0
Ramac	43.333333	130	0	0	0
Pi4k2b	43.333333	130	0	0	0
Pcm1	43.333333	130	0	0	0
Ncapg	43.333333	130	0	0	0
Mri1	43.333333	130	0	0	0
Lamp1	43.333333	130	0	0	0
Commd2	43.333333	130	0	0	0
Ccnb1	43.333333	130	0	0	0
Actr3b	43.333333	130	0	0	0
Zcchc10	43.000000	129	0	0	0
Vcl	43.000000	129	0	0	0
Tmem33	43.000000	129	0	0	0
Tmed5	43.000000	129	0	0	0
Spring1	43.000000	129	0	0	0
Sp3	43.000000	129	0	0	0
Rnft2	43.000000	129	0	0	0
Rnf168	43.000000	129	0	0	0
Prkrip1	43.000000	129	0	0	0
Ppp1r15b	43.000000	129	0	0	0
Poc1b	43.000000	129	0	0	0
Pick1	43.000000	129	0	0	0
Nfatc3	43.000000	129	0	0	0
Nemp1	43.000000	129	0	0	0
Kif1c	43.000000	129	0	0	0
Inca1	43.000000	129	0	0	0
Galnt4	43.000000	129	0	0	0
Faim	43.000000	129	0	0	0
Dact2	43.000000	129	0	0	0
Cks2	43.000000	129	0	0	0
Ccdc18	43.000000	129	0	0	0
Ap3d1	43.000000	129	0	0	0
Agfg2	43.000000	129	0	0	0
Zfp963	42.666667	128	0	0	0
Zfp397	42.666667	128	0	0	0
Whamm	42.666667	128	0	0	0
Wdr26	42.666667	128	0	0	0
Tmem184c	42.666667	128	0	0	0
Snx8	42.666667	128	0	0	0
Snx3	42.666667	128	0	0	0
Slc25a40	42.666667	128	0	0	0
Rps19bp1	42.666667	128	0	0	0
Rps16	42.666667	128	0	0	0
Rhbdf2	42.666667	128	0	0	0
Rffl	42.666667	128	0	0	0
Relb	42.666667	128	0	0	0
Ppp2r5c	42.666667	128	0	0	0
Pomt2	42.666667	128	0	0	0
Nxpe3	42.666667	128	0	0	0
Msrb2	42.666667	128	0	0	0
Mob3c	42.666667	128	0	0	0
Lnpk	42.666667	128	0	0	0
Klhl21	42.666667	128	0	0	0
Inip	42.666667	128	0	0	0
Hspa14	42.666667	128	0	0	0
Gstz1	42.666667	128	0	0	0
Fsd2	42.666667	128	0	0	0
Dhx30	42.666667	128	0	0	0
Ddit4	42.666667	128	0	0	0
Dbf4	42.666667	128	0	0	0
Cdnf	42.666667	128	0	0	0
Brd7	42.666667	128	0	0	0
2410002F23Rik	42.666667	128	0	0	0
Zfp146	42.333333	127	0	0	0
Upf2	42.333333	127	0	0	0
Rbm5	42.333333	127	0	0	0
Pik3c3	42.333333	127	0	0	0
Pag1	42.333333	127	0	0	0
Paf1	42.333333	127	0	0	0
Med29	42.333333	127	0	0	0
Klhl18	42.333333	127	0	0	0
Kif9	42.333333	127	0	0	0
Hhex	42.333333	127	0	0	0
D830031N03Rik	42.333333	127	0	0	0
Celsr1	42.333333	127	0	0	0
Cdh1	42.333333	127	0	0	0
Azin1	42.333333	127	0	0	0
Zmynd19	42.000000	126	0	0	0
Zfp882	42.000000	126	0	0	0
Zfp141	42.000000	126	0	0	0
Wdr36	42.000000	126	0	0	0
Uqcrq	42.000000	126	0	0	0
Unc13a	42.000000	126	0	0	0
Trp53bp2	42.000000	126	0	0	0
Tmod3	42.000000	126	0	0	0
Tmem101	42.000000	126	0	0	0
Tex38	42.000000	126	0	0	0
Tex30	42.000000	126	0	0	0
Stpg3	42.000000	126	0	0	0
Slc7a1	42.000000	126	0	0	0
Serinc3	42.000000	126	0	0	0
Sec61g	42.000000	126	0	0	0
Ror2	42.000000	126	0	0	0
Rab11fip5	42.000000	126	0	0	0
Por	42.000000	126	0	0	0
Pnisr	42.000000	126	0	0	0
Pkp4	42.000000	126	0	0	0
Pgam1	42.000000	126	0	0	0
Nelfb	42.000000	126	0	0	0
Med6	42.000000	126	0	0	0
Ldlrap1	42.000000	126	0	0	0
Kifc5b	42.000000	126	0	0	0
Jmy	42.000000	126	0	0	0
Jak3	42.000000	126	0	0	0
Itga5	42.000000	126	0	0	0
Hdgf	42.000000	126	0	0	0
Hacd3	42.000000	126	0	0	0
Gdf9	42.000000	126	0	0	0
Fam13b	42.000000	126	0	0	0
Dhtkd1	42.000000	126	0	0	0
Dgat1	42.000000	126	0	0	0
Dctd	42.000000	126	0	0	0
Cystm1	42.000000	126	0	0	0
Cox19	42.000000	126	0	0	0
Ccdc148	42.000000	126	0	0	0
Atxn1l	42.000000	126	0	0	0
Atpaf1	42.000000	126	0	0	0
Ankrd52	42.000000	126	0	0	0
Twf1	41.666667	125	0	0	0
Strip1	41.666667	125	0	0	0
Strada	41.666667	125	0	0	0
Spdye4b	41.666667	125	0	0	0
Rbak	41.666667	125	0	0	0
Rab40b	41.666667	125	0	0	0
Ppp1r12b	41.666667	125	0	0	0
Ppp1r12a	41.666667	125	0	0	0
Ppm1a	41.666667	125	0	0	0
Myh9	41.666667	125	0	0	0
Mtch2	41.666667	125	0	0	0
Magoh	41.666667	125	0	0	0
Klf5	41.666667	125	0	0	0
Kdelr2	41.666667	125	0	0	0
Isg15	41.666667	125	0	0	0
Hnrnpul1	41.666667	125	0	0	0
Gosr1	41.666667	125	0	0	0
D230025D16Rik	41.666667	125	0	0	0
Chd8	41.666667	125	0	0	0
Ccdc166	41.666667	125	0	0	0
Atxn2l	41.666667	125	0	0	0
Ap1ar	41.666667	125	0	0	0
Agrn	41.666667	125	0	0	0
1700025G04Rik	41.666667	125	0	0	0
Zar1l	41.333333	124	0	0	0
Wdr1	41.333333	124	0	0	0
Vhl	41.333333	124	0	0	0
Vegfc	41.333333	124	0	0	0
Troap	41.333333	124	0	0	0
Tfcp2	41.333333	124	0	0	0
Tdrp	41.333333	124	0	0	0
Smg8	41.333333	124	0	0	0
Rps27a	41.333333	124	0	0	0
Pisd	41.333333	124	0	0	0
Ndufb5	41.333333	124	0	0	0
Mrps9	41.333333	124	0	0	0
Mrps14	41.333333	124	0	0	0
Mrpl47	41.333333	124	0	0	0
Mrpl38	41.333333	124	0	0	0
Mme	41.333333	124	0	0	0
Gskip	41.333333	124	0	0	0
Fkbpl	41.333333	124	0	0	0
Fahd2a	41.333333	124	0	0	0
Dnph1	41.333333	124	0	0	0
Ddx19a	41.333333	124	0	0	0
Dcaf7	41.333333	124	0	0	0
Clic4	41.333333	124	0	0	0
Clhc1	41.333333	124	0	0	0
Cand1	41.333333	124	0	0	0
C2cd5	41.333333	124	0	0	0
Brca2	41.333333	124	0	0	0
Atp5b	41.333333	124	0	0	0
Atg2b	41.333333	124	0	0	0
Atf6b	41.333333	124	0	0	0
Zfp251	41.000000	123	0	0	0
Zfp212	41.000000	123	0	0	0
Zcchc9	41.000000	123	0	0	0
Wsb2	41.000000	123	0	0	0
Usp14	41.000000	123	0	0	0
Urgcp	41.000000	123	0	0	0
Twistnb	41.000000	123	0	0	0
Ttc4	41.000000	123	0	0	0
Tspyl1	41.000000	123	0	0	0
Tmf1	41.000000	123	0	0	0
Tmem9b	41.000000	123	0	0	0
Tmem123	41.000000	123	0	0	0
Thumpd1	41.000000	123	0	0	0
Taf3	41.000000	123	0	0	0
Ranbp9	41.000000	123	0	0	0
Ptbp3	41.000000	123	0	0	0
Prpf38b	41.000000	123	0	0	0
Nsun5	41.000000	123	0	0	0
Nol11	41.000000	123	0	0	0
N4bp2l2	41.000000	123	0	0	0
Myo10	41.000000	123	0	0	0
Mapre3	41.000000	123	0	0	0
Malsu1	41.000000	123	0	0	0
Lta4h	41.000000	123	0	0	0
Iqgap1	41.000000	123	0	0	0
Hectd1	41.000000	123	0	0	0
Faf2	41.000000	123	0	0	0
Eif4b	41.000000	123	0	0	0
Edem3	41.000000	123	0	0	0
Disc1	41.000000	123	0	0	0
Cox18	41.000000	123	0	0	0
Champ1	41.000000	123	0	0	0
Ccna2	41.000000	123	0	0	0
Calr	41.000000	123	0	0	0
Brd4	41.000000	123	0	0	0
Akap11	41.000000	123	0	0	0
Acly	41.000000	123	0	0	0
Zfp994	40.666667	122	0	0	0
Zfp961	40.666667	122	0	0	0
Utp3	40.666667	122	0	0	0
Tufm	40.666667	122	0	0	0
Taco1	40.666667	122	0	0	0
Smn1	40.666667	122	0	0	0
Slc25a3	40.666667	122	0	0	0
Sdhaf1	40.666667	122	0	0	0
Rcn1	40.666667	122	0	0	0
Pstk	40.666667	122	0	0	0
Ndufa10	40.666667	122	0	0	0
Lnpep	40.666667	122	0	0	0
Ggcx	40.666667	122	0	0	0
Fzr1	40.666667	122	0	0	0
Fth1	40.666667	122	0	0	0
Ccsap	40.666667	122	0	0	0
Cant1	40.666667	122	0	0	0
Calm1	40.666667	122	0	0	0
Borcs5	40.666667	122	0	0	0
Bhlhb9	40.666667	122	0	0	0
Arl2	40.666667	122	0	0	0
Wdr18	40.333333	121	0	0	0
Tut7	40.333333	121	0	0	0
Tubb6	40.333333	121	0	0	0
Tsg101	40.333333	121	0	0	0
Tmem167b	40.333333	121	0	0	0
Terf2ip	40.333333	121	0	0	0
Smim12	40.333333	121	0	0	0
Sharpin	40.333333	121	0	0	0
Sft2d1	40.333333	121	0	0	0
Setd6	40.333333	121	0	0	0
Scyl2	40.333333	121	0	0	0
Rfc2	40.333333	121	0	0	0
Plpp3	40.333333	121	0	0	0
Pex11b	40.333333	121	0	0	0
Nf2	40.333333	121	0	0	0
Mtdh	40.333333	121	0	0	0
Mrps11	40.333333	121	0	0	0
Mrpl46	40.333333	121	0	0	0
Mier2	40.333333	121	0	0	0
Maf1	40.333333	121	0	0	0
Kars	40.333333	121	0	0	0
Itgb1	40.333333	121	0	0	0
Gnpda1	40.333333	121	0	0	0
Gm35339	40.333333	121	0	0	0
Gfod2	40.333333	121	0	0	0
Gadd45a	40.333333	121	0	0	0
Fndc10	40.333333	121	0	0	0
Cyc1	40.333333	121	0	0	0
Clta	40.333333	121	0	0	0
B4galnt3	40.333333	121	0	0	0
Arpp19	40.333333	121	0	0	0
Zdhhc21	40.000000	120	0	0	0
Tyw3	40.000000	120	0	0	0
Triobp	40.000000	120	0	0	0
Tmub1	40.000000	120	0	0	0
Tmem44	40.000000	120	0	0	0
Tdrd1	40.000000	120	0	0	0
Sft2d3	40.000000	120	0	0	0
Serf2	40.000000	120	0	0	0
Scarb1	40.000000	120	0	0	0
Rps20	40.000000	120	0	0	0
Ppif	40.000000	120	0	0	0
Nup107	40.000000	120	0	0	0
Nol7	40.000000	120	0	0	0
Ndufb7	40.000000	120	0	0	0
Med24	40.000000	120	0	0	0
Map4k3	40.000000	120	0	0	0
Krr1	40.000000	120	0	0	0
Hsp90ab1	40.000000	120	0	0	0
Gtf2h3	40.000000	120	0	0	0
Gatd3a	40.000000	120	0	0	0
Fchsd2	40.000000	120	0	0	0
Fbxo9	40.000000	120	0	0	0
Fbxl13	40.000000	120	0	0	0
Fastk	40.000000	120	0	0	0
Esco2	40.000000	120	0	0	0
Eif2b1	40.000000	120	0	0	0
Dhx40	40.000000	120	0	0	0
Cryz	40.000000	120	0	0	0
Cilk1	40.000000	120	0	0	0
Cct8	40.000000	120	0	0	0
Cct2	40.000000	120	0	0	0
Ccdc25	40.000000	120	0	0	0
Ccdc186	40.000000	120	0	0	0
Armc10	40.000000	120	0	0	0
9530068E07Rik	40.000000	120	0	0	0
2610507B11Rik	40.000000	120	0	0	0
Zbtb11	39.666667	119	0	0	0
Wdr93	39.666667	119	0	0	0
Wdr33	39.666667	119	0	0	0
Tmx3	39.666667	119	0	0	0
Sdhaf2	39.666667	119	0	0	0
Rpl21	39.666667	119	0	0	0
Rhbdd3	39.666667	119	0	0	0
Prr19	39.666667	119	0	0	0
Prc1	39.666667	119	0	0	0
Ppp1r7	39.666667	119	0	0	0
Pex11a	39.666667	119	0	0	0
Pask	39.666667	119	0	0	0
Pafah1b3	39.666667	119	0	0	0
Nfkbiz	39.666667	119	0	0	0
Imp3	39.666667	119	0	0	0
Ewsr1	39.666667	119	0	0	0
Dse	39.666667	119	0	0	0
Csde1	39.666667	119	0	0	0
Cpsf7	39.666667	119	0	0	0
Cltc	39.666667	119	0	0	0
Arf3	39.666667	119	0	0	0
Ankrd11	39.666667	119	0	0	0
Abhd2	39.666667	119	0	0	0
Tspan13	39.333333	118	0	0	0
Tpd52l2	39.333333	118	0	0	0
Tepsin	39.333333	118	0	0	0
Srp19	39.333333	118	0	0	0
Sp4	39.333333	118	0	0	0
Snrpb	39.333333	118	0	0	0
Slc10a7	39.333333	118	0	0	0
Rps17	39.333333	118	0	0	0
Rpn1	39.333333	118	0	0	0
Rbmxl1	39.333333	118	0	0	0
Rad9a	39.333333	118	0	0	0
Polq	39.333333	118	0	0	0
Pdik1l	39.333333	118	0	0	0
Pcdh17	39.333333	118	0	0	0
P4hb	39.333333	118	0	0	0
Ndufaf8	39.333333	118	0	0	0
Nagk	39.333333	118	0	0	0
Lrrc57	39.333333	118	0	0	0
Kdm4d	39.333333	118	0	0	0
Kctd3	39.333333	118	0	0	0
Iws1	39.333333	118	0	0	0
Higd1a	39.333333	118	0	0	0
Haus2	39.333333	118	0	0	0
Gnai3	39.333333	118	0	0	0
Fbxo33	39.333333	118	0	0	0
Fbxo21	39.333333	118	0	0	0
Epc1	39.333333	118	0	0	0
Cwc15	39.333333	118	0	0	0
Creld2	39.333333	118	0	0	0
Commd4	39.333333	118	0	0	0
B4galnt4	39.333333	118	0	0	0
B3galnt2	39.333333	118	0	0	0
Alg12	39.333333	118	0	0	0
Abhd16b	39.333333	118	0	0	0
A430005L14Rik	39.333333	118	0	0	0
Yipf3	39.000000	117	0	0	0
Wdr47	39.000000	117	0	0	0
Vipas39	39.000000	117	0	0	0
Sox21	39.000000	117	0	0	0
Rtf1	39.000000	117	0	0	0
Ring1	39.000000	117	0	0	0
Ppan	39.000000	117	0	0	0
Polr1c	39.000000	117	0	0	0
Nmt2	39.000000	117	0	0	0
Mocs3	39.000000	117	0	0	0
Kif5a	39.000000	117	0	0	0
Ikzf5	39.000000	117	0	0	0
Hnrnpm	39.000000	117	0	0	0
H2-Ke6	39.000000	117	0	0	0
Glrx3	39.000000	117	0	0	0
Dpm1	39.000000	117	0	0	0
Dctn2	39.000000	117	0	0	0
Cxadr	39.000000	117	0	0	0
Cdk11b	39.000000	117	0	0	0
Ap2a2	39.000000	117	0	0	0
Aktip	39.000000	117	0	0	0
Ahsa1	39.000000	117	0	0	0
Acadsb	39.000000	117	0	0	0
Zfp329	38.666667	116	0	0	0
Zfp275	38.666667	116	0	0	0
Yipf4	38.666667	116	0	0	0
Tfip11	38.666667	116	0	0	0
Tax1bp3	38.666667	116	0	0	0
Spry2	38.666667	116	0	0	0
Snx27	38.666667	116	0	0	0
Rsrp1	38.666667	116	0	0	0
Rps14	38.666667	116	0	0	0
Rnf115	38.666667	116	0	0	0
Riok2	38.666667	116	0	0	0
Rab5c	38.666667	116	0	0	0
Rab10	38.666667	116	0	0	0
Polr3c	38.666667	116	0	0	0
Nipa2	38.666667	116	0	0	0
Mrtfb	38.666667	116	0	0	0
Mblac1	38.666667	116	0	0	0
Map4k1	38.666667	116	0	0	0
Klhl8	38.666667	116	0	0	0
Kctd1	38.666667	116	0	0	0
Jcad	38.666667	116	0	0	0
Gzf1	38.666667	116	0	0	0
Emc6	38.666667	116	0	0	0
Eif3k	38.666667	116	0	0	0
Dennd6b	38.666667	116	0	0	0
Dcp1a	38.666667	116	0	0	0
Cspp1	38.666667	116	0	0	0
Cops5	38.666667	116	0	0	0
Colgalt1	38.666667	116	0	0	0
Ccpg1os	38.666667	116	0	0	0
Ccpg1	38.666667	116	0	0	0
Zfpl1	38.333333	115	0	0	0
Zfp821	38.333333	115	0	0	0
Zfp799	38.333333	115	0	0	0
Tti2	38.333333	115	0	0	0
Trmt12	38.333333	115	0	0	0
Trak2	38.333333	115	0	0	0
Traf6	38.333333	115	0	0	0
Tomm40	38.333333	115	0	0	0
Tollip	38.333333	115	0	0	0
Surf4	38.333333	115	0	0	0
Stkld1	38.333333	115	0	0	0
Slc39a14	38.333333	115	0	0	0
Slc2a8	38.333333	115	0	0	0
Rps6	38.333333	115	0	0	0
Rpl15	38.333333	115	0	0	0
Rpap3	38.333333	115	0	0	0
Rock1	38.333333	115	0	0	0
Ppih	38.333333	115	0	0	0
Pcsk6	38.333333	115	0	0	0
Npdc1	38.333333	115	0	0	0
Nop9	38.333333	115	0	0	0
Nkiras1	38.333333	115	0	0	0
Nemf	38.333333	115	0	0	0
Myo1b	38.333333	115	0	0	0
Mul1	38.333333	115	0	0	0
Mllt1	38.333333	115	0	0	0
Ist1	38.333333	115	0	0	0
Herpud1	38.333333	115	0	0	0
Fbxl4	38.333333	115	0	0	0
Fam83d	38.333333	115	0	0	0
Elob	38.333333	115	0	0	0
Dym	38.333333	115	0	0	0
Dhrs1	38.333333	115	0	0	0
Cwc25	38.333333	115	0	0	0
Cep250	38.333333	115	0	0	0
Cenpv	38.333333	115	0	0	0
Cdca5	38.333333	115	0	0	0
Cdc7	38.333333	115	0	0	0
Ccnf	38.333333	115	0	0	0
Atp2c1	38.333333	115	0	0	0
Atad5	38.333333	115	0	0	0
Zmat3	38.000000	114	0	0	0
Txnl4b	38.000000	114	0	0	0
Trmt5	38.000000	114	0	0	0
Tmem70	38.000000	114	0	0	0
Tmem128	38.000000	114	0	0	0
Tcf25	38.000000	114	0	0	0
Tbc1d31	38.000000	114	0	0	0
Sntb2	38.000000	114	0	0	0
Slc38a6	38.000000	114	0	0	0
Rps13	38.000000	114	0	0	0
Rpn2	38.000000	114	0	0	0
Psmd3	38.000000	114	0	0	0
Psma3	38.000000	114	0	0	0
Pnn	38.000000	114	0	0	0
Pdhb	38.000000	114	0	0	0
Oaz1	38.000000	114	0	0	0
Nutf2	38.000000	114	0	0	0
Notch1	38.000000	114	0	0	0
Mroh8	38.000000	114	0	0	0
Mlf2	38.000000	114	0	0	0
Mis18a	38.000000	114	0	0	0
Lsm14b	38.000000	114	0	0	0
Kpna3	38.000000	114	0	0	0
Ints10	38.000000	114	0	0	0
Hsf1	38.000000	114	0	0	0
H3f3b	38.000000	114	0	0	0
Fam43a	38.000000	114	0	0	0
Ergic1	38.000000	114	0	0	0
Dhx38	38.000000	114	0	0	0
Dars	38.000000	114	0	0	0
Csnk1d	38.000000	114	0	0	0
Csnk1a1	38.000000	114	0	0	0
Clk4	38.000000	114	0	0	0
Bpnt2	38.000000	114	0	0	0
Bop1	38.000000	114	0	0	0
BC049762	38.000000	114	0	0	0
Ankhd1	38.000000	114	0	0	0
2510002D24Rik	38.000000	114	0	0	0
Trnau1ap	37.666667	113	0	0	0
Trim25	37.666667	113	0	0	0
Tjp3	37.666667	113	0	0	0
Snx30	37.666667	113	0	0	0
Smc5	37.666667	113	0	0	0
Sec22a	37.666667	113	0	0	0
Rassf3	37.666667	113	0	0	0
Plekhh2	37.666667	113	0	0	0
Pip5k1c	37.666667	113	0	0	0
Pigx	37.666667	113	0	0	0
Pdf	37.666667	113	0	0	0
Ostf1	37.666667	113	0	0	0
Nmrk1	37.666667	113	0	0	0
Mynn	37.666667	113	0	0	0
Mesd	37.666667	113	0	0	0
Kifc1	37.666667	113	0	0	0
Hat1	37.666667	113	0	0	0
Gosr2	37.666667	113	0	0	0
Ero1a	37.666667	113	0	0	0
Enox1	37.666667	113	0	0	0
E130309D02Rik	37.666667	113	0	0	0
Dzip1	37.666667	113	0	0	0
Dock6	37.666667	113	0	0	0
Diablo	37.666667	113	0	0	0
Chst3	37.666667	113	0	0	0
Cep19	37.666667	113	0	0	0
Brpf1	37.666667	113	0	0	0
Blm	37.666667	113	0	0	0
Atf2	37.666667	113	0	0	0
Actrt3	37.666667	113	0	0	0
4833439L19Rik	37.666667	113	0	0	0
Zfp955b	37.333333	112	0	0	0
Ythdf3	37.333333	112	0	0	0
Xpo1	37.333333	112	0	0	0
Wdr92	37.333333	112	0	0	0
Vps26b	37.333333	112	0	0	0
Vkorc1	37.333333	112	0	0	0
Vcpip1	37.333333	112	0	0	0
Tomm22	37.333333	112	0	0	0
Tmem41b	37.333333	112	0	0	0
Tmem260	37.333333	112	0	0	0
Tdrd9	37.333333	112	0	0	0
Syap1	37.333333	112	0	0	0
Srrm1	37.333333	112	0	0	0
Rnf152	37.333333	112	0	0	0
Rimbp3	37.333333	112	0	0	0
Psmb7	37.333333	112	0	0	0
Prss53	37.333333	112	0	0	0
Pno1	37.333333	112	0	0	0
Ndufc1	37.333333	112	0	0	0
Ncapd3	37.333333	112	0	0	0
Mrps10	37.333333	112	0	0	0
Man2c1	37.333333	112	0	0	0
Lypla2	37.333333	112	0	0	0
Haus6	37.333333	112	0	0	0
Gm1673	37.333333	112	0	0	0
Fam76b	37.333333	112	0	0	0
Ehd4	37.333333	112	0	0	0
Dpp8	37.333333	112	0	0	0
Cep57	37.333333	112	0	0	0
Ccnb2	37.333333	112	0	0	0
Bckdhb	37.333333	112	0	0	0
Atp5mpl	37.333333	112	0	0	0
Ankrd28	37.333333	112	0	0	0
Xpot	37.000000	111	0	0	0
Wrnip1	37.000000	111	0	0	0
Wdr27	37.000000	111	0	0	0
Vkorc1l1	37.000000	111	0	0	0
Tpgs1	37.000000	111	0	0	0
Synm	37.000000	111	0	0	0
Rnf185	37.000000	111	0	0	0
Rell1	37.000000	111	0	0	0
Rab3gap2	37.000000	111	0	0	0
Ppp4r3a	37.000000	111	0	0	0
Pcyox1l	37.000000	111	0	0	0
Oga	37.000000	111	0	0	0
Nectin2	37.000000	111	0	0	0
Mtus1	37.000000	111	0	0	0
Mthfsd	37.000000	111	0	0	0
Mapk8ip3	37.000000	111	0	0	0
Madcam1	37.000000	111	0	0	0
Lin9	37.000000	111	0	0	0
Itprid2	37.000000	111	0	0	0
Gab1	37.000000	111	0	0	0
Fads2	37.000000	111	0	0	0
Epb41	37.000000	111	0	0	0
Eif4ebp1	37.000000	111	0	0	0
Cep68	37.000000	111	0	0	0
Cbfb	37.000000	111	0	0	0
Atp5l	37.000000	111	0	0	0
Ammecr1l	37.000000	111	0	0	0
Acvr2a	37.000000	111	0	0	0
1600012H06Rik	37.000000	111	0	0	0
Znhit3	36.666667	110	0	0	0
Zfyve21	36.666667	110	0	0	0
Zfp715	36.666667	110	0	0	0
Zbtb8os	36.666667	110	0	0	0
Ywhag	36.666667	110	0	0	0
Xylt2	36.666667	110	0	0	0
Xrcc3	36.666667	110	0	0	0
Uri1	36.666667	110	0	0	0
Ttc17	36.666667	110	0	0	0
Tex10	36.666667	110	0	0	0
Sap18b	36.666667	110	0	0	0
Sap18	36.666667	110	0	0	0
Rbl2	36.666667	110	0	0	0
Rbbp4	36.666667	110	0	0	0
Prmt9	36.666667	110	0	0	0
Pmel	36.666667	110	0	0	0
Med13	36.666667	110	0	0	0
Ldlr	36.666667	110	0	0	0
Laptm4b	36.666667	110	0	0	0
Ifngr2	36.666667	110	0	0	0
Hp1bp3	36.666667	110	0	0	0
Hnrnpa0	36.666667	110	0	0	0
Gtf3c4	36.666667	110	0	0	0
Gigyf2	36.666667	110	0	0	0
Entpd6	36.666667	110	0	0	0
Dynlt1a	36.666667	110	0	0	0
Derl1	36.666667	110	0	0	0
Dennd4c	36.666667	110	0	0	0
Ddx31	36.666667	110	0	0	0
Ctps	36.666667	110	0	0	0
Crip2	36.666667	110	0	0	0
Ciz1	36.666667	110	0	0	0
Chic2	36.666667	110	0	0	0
Chfr	36.666667	110	0	0	0
Cdk2	36.666667	110	0	0	0
Ccp110	36.666667	110	0	0	0
Bmyc	36.666667	110	0	0	0
Atl3	36.666667	110	0	0	0
Arl8a	36.666667	110	0	0	0
Adat1	36.666667	110	0	0	0
2210016F16Rik	36.666667	110	0	0	0
Zfp655	36.333333	109	0	0	0
Washc5	36.333333	109	0	0	0
Utf1	36.333333	109	0	0	0
Usp39	36.333333	109	0	0	0
Unc50	36.333333	109	0	0	0
Tanc1	36.333333	109	0	0	0
Slc30a5	36.333333	109	0	0	0
Slc25a10	36.333333	109	0	0	0
Ptpn23	36.333333	109	0	0	0
Psmc3	36.333333	109	0	0	0
Prpf19	36.333333	109	0	0	0
Plpp1	36.333333	109	0	0	0
Nxf1	36.333333	109	0	0	0
Nup93	36.333333	109	0	0	0
Nsmce2	36.333333	109	0	0	0
Map7d1	36.333333	109	0	0	0
Map3k5	36.333333	109	0	0	0
Hps5	36.333333	109	0	0	0
Gtf2h1	36.333333	109	0	0	0
Gm10033	36.333333	109	0	0	0
Epha2	36.333333	109	0	0	0
Ep400	36.333333	109	0	0	0
Dhx9	36.333333	109	0	0	0
Ddx50	36.333333	109	0	0	0
Coa5	36.333333	109	0	0	0
Cdca7	36.333333	109	0	0	0
Ccnl2	36.333333	109	0	0	0
Birc6	36.333333	109	0	0	0
Arih2	36.333333	109	0	0	0
0610030E20Rik	36.333333	109	0	0	0
Zgpat	36.000000	108	0	0	0
Zfp960	36.000000	108	0	0	0
Zc3h8	36.000000	108	0	0	0
Wdr86	36.000000	108	0	0	0
Wdr20	36.000000	108	0	0	0
Trmt9b	36.000000	108	0	0	0
Terb1	36.000000	108	0	0	0
Syf2	36.000000	108	0	0	0
Sqstm1	36.000000	108	0	0	0
Spop	36.000000	108	0	0	0
Slf1	36.000000	108	0	0	0
Slc37a4	36.000000	108	0	0	0
Sec24a	36.000000	108	0	0	0
Rrm1	36.000000	108	0	0	0
Rnps1	36.000000	108	0	0	0
Rcc1l	36.000000	108	0	0	0
Plxdc1	36.000000	108	0	0	0
Pgrmc2	36.000000	108	0	0	0
Pelp1	36.000000	108	0	0	0
Pdk2	36.000000	108	0	0	0
Pcyt2	36.000000	108	0	0	0
Pcbp3	36.000000	108	0	0	0
Pam16	36.000000	108	0	0	0
Nedd1	36.000000	108	0	0	0
Ndufb4	36.000000	108	0	0	0
Kctd13	36.000000	108	0	0	0
Inpp5e	36.000000	108	0	0	0
Hbs1l	36.000000	108	0	0	0
Dlx1	36.000000	108	0	0	0
Dapk1	36.000000	108	0	0	0
Cnnm2	36.000000	108	0	0	0
Clns1a	36.000000	108	0	0	0
C2cd2l	36.000000	108	0	0	0
Arfrp1	36.000000	108	0	0	0
Ago3	36.000000	108	0	0	0
2210408I21Rik	36.000000	108	0	0	0
Zrsr2	35.666667	107	0	0	0
Zfp689	35.666667	107	0	0	0
Zcchc17	35.666667	107	0	0	0
Usp36	35.666667	107	0	0	0
Usf1	35.666667	107	0	0	0
Tex264	35.666667	107	0	0	0
Snrnp40	35.666667	107	0	0	0
Slc35b1	35.666667	107	0	0	0
Rsbn1	35.666667	107	0	0	0
Ralgapa2	35.666667	107	0	0	0
Prkag2	35.666667	107	0	0	0
Pik3c2b	35.666667	107	0	0	0
Ndrg4	35.666667	107	0	0	0
Mrgbp	35.666667	107	0	0	0
Mien1	35.666667	107	0	0	0
Mcm3	35.666667	107	0	0	0
Ier3ip1	35.666667	107	0	0	0
Hrob	35.666667	107	0	0	0
Hmgcs1	35.666667	107	0	0	0
Gxylt1	35.666667	107	0	0	0
Gtf2f2	35.666667	107	0	0	0
Get1	35.666667	107	0	0	0
Gemin4	35.666667	107	0	0	0
Fbxo25	35.666667	107	0	0	0
Fam126a	35.666667	107	0	0	0
Eif4a3	35.666667	107	0	0	0
Ddx19b	35.666667	107	0	0	0
Dbil5	35.666667	107	0	0	0
Crkl	35.666667	107	0	0	0
Cotl1	35.666667	107	0	0	0
Copg1	35.666667	107	0	0	0
Btbd6	35.666667	107	0	0	0
Arl8b	35.666667	107	0	0	0
Arf2	35.666667	107	0	0	0
Aars	35.666667	107	0	0	0
Ube2c	35.333333	106	0	0	0
Tmem178	35.333333	106	0	0	0
Tmeff1	35.333333	106	0	0	0
Sbno1	35.333333	106	0	0	0
Rad1	35.333333	106	0	0	0
Ociad1	35.333333	106	0	0	0
Mphosph6	35.333333	106	0	0	0
Kptn	35.333333	106	0	0	0
Hnrnpr	35.333333	106	0	0	0
Gpbp1	35.333333	106	0	0	0
Flrt2	35.333333	106	0	0	0
Erbin	35.333333	106	0	0	0
Erbb3	35.333333	106	0	0	0
Enc1	35.333333	106	0	0	0
Dnm1	35.333333	106	0	0	0
Dennd1a	35.333333	106	0	0	0
Cyp2u1	35.333333	106	0	0	0
Brix1	35.333333	106	0	0	0
Brd3	35.333333	106	0	0	0
Ate1	35.333333	106	0	0	0
Asah1	35.333333	106	0	0	0
Ahcyl1	35.333333	106	0	0	0
Zfp566	35.000000	105	0	0	0
Zfp395	35.000000	105	0	0	0
Zfp260	35.000000	105	0	0	0
Wdr89	35.000000	105	0	0	0
Vac14	35.000000	105	0	0	0
Txnl4a	35.000000	105	0	0	0
Slc30a1	35.000000	105	0	0	0
Sdad1	35.000000	105	0	0	0
Robo1	35.000000	105	0	0	0
Riok3	35.000000	105	0	0	0
Rbm12b1	35.000000	105	0	0	0
Pygo2	35.000000	105	0	0	0
Psmb3	35.000000	105	0	0	0
Prodh	35.000000	105	0	0	0
Pcgf2	35.000000	105	0	0	0
Osbpl9	35.000000	105	0	0	0
Nme1	35.000000	105	0	0	0
Nlk	35.000000	105	0	0	0
Ndc1	35.000000	105	0	0	0
Krcc1	35.000000	105	0	0	0
Katnb1	35.000000	105	0	0	0
Jak1	35.000000	105	0	0	0
Itga6	35.000000	105	0	0	0
Ints12	35.000000	105	0	0	0
Gstcd	35.000000	105	0	0	0
Golm2	35.000000	105	0	0	0
Gm16286	35.000000	105	0	0	0
Frg2f1	35.000000	105	0	0	0
Foxj3	35.000000	105	0	0	0
Epn1	35.000000	105	0	0	0
Eif2b5	35.000000	105	0	0	0
Dnajc16	35.000000	105	0	0	0
Dhx37	35.000000	105	0	0	0
Casp9	35.000000	105	0	0	0
Casc3	35.000000	105	0	0	0
Arih1	35.000000	105	0	0	0
Arhgap21	35.000000	105	0	0	0
Arc	35.000000	105	0	0	0
Akap8l	35.000000	105	0	0	0
Aggf1	35.000000	105	0	0	0
Zfp3	34.666667	104	0	0	0
Xrcc2	34.666667	104	0	0	0
Wdr77	34.666667	104	0	0	0
Tspan3	34.666667	104	0	0	0
Tiprl	34.666667	104	0	0	0
Ssu72	34.666667	104	0	0	0
Snx22	34.666667	104	0	0	0
Ska2	34.666667	104	0	0	0
Sinhcaf	34.666667	104	0	0	0
Rpl3	34.666667	104	0	0	0
Reep5	34.666667	104	0	0	0
Reep4	34.666667	104	0	0	0
Pwp2	34.666667	104	0	0	0
Prr11	34.666667	104	0	0	0
Ppp2r5d	34.666667	104	0	0	0
Pmm1	34.666667	104	0	0	0
Phlpp2	34.666667	104	0	0	0
Pcnp	34.666667	104	0	0	0
Lman1	34.666667	104	0	0	0
Kmt5c	34.666667	104	0	0	0
Kif23	34.666667	104	0	0	0
Kif22	34.666667	104	0	0	0
Fam76a	34.666667	104	0	0	0
Epn2	34.666667	104	0	0	0
Eif3d	34.666667	104	0	0	0
Ebna1bp2	34.666667	104	0	0	0
Dr1	34.666667	104	0	0	0
Coq9	34.666667	104	0	0	0
Copb2	34.666667	104	0	0	0
Ciapin1	34.666667	104	0	0	0
Cfap57	34.666667	104	0	0	0
Cep164	34.666667	104	0	0	0
Atp6v1c1	34.666667	104	0	0	0
Atp5pb	34.666667	104	0	0	0
Zkscan1	34.333333	103	0	0	0
Zbtb40	34.333333	103	0	0	0
Vps13b	34.333333	103	0	0	0
Ubxn4	34.333333	103	0	0	0
Ubox5	34.333333	103	0	0	0
Ubfd1	34.333333	103	0	0	0
Traf3ip1	34.333333	103	0	0	0
Tcp11l2	34.333333	103	0	0	0
Tarbp1	34.333333	103	0	0	0
Srprb	34.333333	103	0	0	0
Spr	34.333333	103	0	0	0
Smndc1	34.333333	103	0	0	0
Rmdn3	34.333333	103	0	0	0
Rdh5	34.333333	103	0	0	0
Rcl1	34.333333	103	0	0	0
Psmb2	34.333333	103	0	0	0
Osbpl11	34.333333	103	0	0	0
Oasl1	34.333333	0	103	0	0
Ngdn	34.333333	103	0	0	0
Mcm5	34.333333	103	0	0	0
Fastkd5	34.333333	103	0	0	0
Ears2	34.333333	103	0	0	0
Ddx23	34.333333	103	0	0	0
D030056L22Rik	34.333333	103	0	0	0
Bloc1s1	34.333333	103	0	0	0
Zfp781	34.000000	102	0	0	0
Srsf7	34.000000	102	0	0	0
Slc19a2	34.000000	102	0	0	0
Setdb1	34.000000	102	0	0	0
Rcor1	34.000000	102	0	0	0
Rbmxl2	34.000000	102	0	0	0
Rab5b	34.000000	102	0	0	0
Polr1e	34.000000	102	0	0	0
Ngrn	34.000000	102	0	0	0
Mtfmt	34.000000	102	0	0	0
Mecp2	34.000000	102	0	0	0
Mast4	34.000000	102	0	0	0
Lsm5	34.000000	102	0	0	0
Gm3055	34.000000	102	0	0	0
Fnbp4	34.000000	102	0	0	0
Fanci	34.000000	102	0	0	0
Erlin1	34.000000	102	0	0	0
Cttn	34.000000	102	0	0	0
Cs	34.000000	102	0	0	0
Creb3l2	34.000000	102	0	0	0
Coro1b	34.000000	102	0	0	0
Cops4	34.000000	102	0	0	0
Ccnt2	34.000000	102	0	0	0
Cacna2d3	34.000000	102	0	0	0
Acer3	34.000000	102	0	0	0
Aaas	34.000000	102	0	0	0
2300009A05Rik	34.000000	102	0	0	0
Srm	33.666667	101	0	0	0
Saraf	33.666667	101	0	0	0
Rrn3	33.666667	101	0	0	0
Rmnd1	33.666667	101	0	0	0
Poldip3	33.666667	101	0	0	0
Pigk	33.666667	101	0	0	0
Pard3	33.666667	101	0	0	0
Nifk	33.666667	101	0	0	0
Ncoa2	33.666667	101	0	0	0
Nat10	33.666667	101	0	0	0
Nanos1	33.666667	101	0	0	0
Mrpl28	33.666667	101	0	0	0
Mef2d	33.666667	101	0	0	0
Lars2	33.666667	101	0	0	0
Kctd5	33.666667	101	0	0	0
Irf2bp2	33.666667	101	0	0	0
Gtf2h4	33.666667	101	0	0	0
Gfm1	33.666667	101	0	0	0
Fer	33.666667	101	0	0	0
Dnaja1	33.666667	101	0	0	0
Dcaf12	33.666667	101	0	0	0
Daam1	33.666667	101	0	0	0
Cwf19l2	33.666667	101	0	0	0
Cenph	33.666667	101	0	0	0
Cd63	33.666667	101	0	0	0
Cab39	33.666667	101	0	0	0
Bag6	33.666667	101	0	0	0
Atxn10	33.666667	101	0	0	0
Armt1	33.666667	101	0	0	0
Apom	33.666667	101	0	0	0
Ap3m1	33.666667	101	0	0	0
Adk	33.666667	101	0	0	0
Adh5	33.666667	101	0	0	0
Acadl	33.666667	101	0	0	0
Zswim4	33.333333	100	0	0	0
Zranb2	33.333333	100	0	0	0
Zfp97	33.333333	100	0	0	0
Zfp90	33.333333	100	0	0	0
Zfp59	33.333333	100	0	0	0
Xpc	33.333333	100	0	0	0
Usp34	33.333333	100	0	0	0
Tusc3	33.333333	100	0	0	0
Sugp2	33.333333	100	0	0	0
Slc1a4	33.333333	100	0	0	0
Slc12a6	33.333333	100	0	0	0
Sf3b1	33.333333	100	0	0	0
Rnaseh1	33.333333	100	0	0	0
Rbm15	33.333333	100	0	0	0
Rad54l2	33.333333	100	0	0	0
Prtg	33.333333	100	0	0	0
Pip4k2c	33.333333	100	0	0	0
Pip4k2b	33.333333	100	0	0	0
Phlda3	33.333333	100	0	0	0
Nop10	33.333333	100	0	0	0
Ncapg2	33.333333	100	0	0	0
Ltv1	33.333333	100	0	0	0
Lsm3	33.333333	100	0	0	0
Lonp2	33.333333	100	0	0	0
Lama1	33.333333	100	0	0	0
Kirrel	33.333333	100	0	0	0
Kifbp	33.333333	100	0	0	0
Hsdl1	33.333333	100	0	0	0
Gpc5	33.333333	100	0	0	0
Fancc	33.333333	100	0	0	0
E2f3	33.333333	100	0	0	0
Dnaaf1	33.333333	100	0	0	0
Cyb5b	33.333333	100	0	0	0
Cenpe	33.333333	100	0	0	0
Cd81	33.333333	100	0	0	0
Armc6	33.333333	100	0	0	0
Acbd6	33.333333	100	0	0	0
Znhit6	33.000000	99	0	0	0
Zfp707	33.000000	99	0	0	0
Zfp472	33.000000	99	0	0	0
Vps52	33.000000	99	0	0	0
Tysnd1	33.000000	99	0	0	0
Tmcc3	33.000000	99	0	0	0
Sumf1	33.000000	99	0	0	0
Rundc1	33.000000	99	0	0	0
Rps18	33.000000	99	0	0	0
Rpl26	33.000000	99	0	0	0
Ptges3l	33.000000	99	0	0	0
Prex1	33.000000	99	0	0	0
Mfap3l	33.000000	99	0	0	0
Mettl17	33.000000	99	0	0	0
Hnrnpf	33.000000	99	0	0	0
Heatr1	33.000000	99	0	0	0
H2bc6	33.000000	99	0	0	0
H1f4	33.000000	99	0	0	0
Fancd2	33.000000	99	0	0	0
Fam50a	33.000000	99	0	0	0
Fam222a	33.000000	99	0	0	0
Fads1	33.000000	99	0	0	0
Emc3	33.000000	99	0	0	0
Bid	33.000000	99	0	0	0
Bcl2l13	33.000000	99	0	0	0
B3galt4	33.000000	99	0	0	0
Asb8	33.000000	99	0	0	0
Ap2a1	33.000000	99	0	0	0
Akap17b	33.000000	99	0	0	0
Abcb10	33.000000	99	0	0	0
Zfp763	32.666667	98	0	0	0
Trappc11	32.666667	98	0	0	0
Tmem198b	32.666667	98	0	0	0
Tatdn2	32.666667	98	0	0	0
Supv3l1	32.666667	98	0	0	0
Spata5l1	32.666667	98	0	0	0
Setx	32.666667	98	0	0	0
Rwdd4a	32.666667	98	0	0	0
Qtrt1	32.666667	98	0	0	0
Pcnx	32.666667	98	0	0	0
Nup54	32.666667	98	0	0	0
Mtch1	32.666667	98	0	0	0
Mrps35	32.666667	98	0	0	0
Lpcat1	32.666667	98	0	0	0
Larp4	32.666667	98	0	0	0
Gns	32.666667	98	0	0	0
Erich4	32.666667	98	0	0	0
Edem1	32.666667	98	0	0	0
Dnajc14	32.666667	98	0	0	0
Dmac2	32.666667	98	0	0	0
Denr	32.666667	98	0	0	0
Clcn3	32.666667	98	0	0	0
Arhgap11a	32.666667	98	0	0	0
Alg6	32.666667	98	0	0	0
Zfp523	32.333333	97	0	0	0
Zfp354a	32.333333	97	0	0	0
Trrap	32.333333	97	0	0	0
Tmem214	32.333333	97	0	0	0
Tmed9	32.333333	97	0	0	0
Tiparp	32.333333	97	0	0	0
Thop1	32.333333	97	0	0	0
Spg7	32.333333	97	0	0	0
Ppp5c	32.333333	97	0	0	0
Panx1	32.333333	97	0	0	0
Oser1	32.333333	97	0	0	0
Neurl2	32.333333	97	0	0	0
Gtpbp4	32.333333	97	0	0	0
Gpr107	32.333333	97	0	0	0
G3bp2	32.333333	97	0	0	0
Fbxl16	32.333333	97	0	0	0
Endog	32.333333	97	0	0	0
Dus1l	32.333333	97	0	0	0
Dennd2c	32.333333	97	0	0	0
Ctsa	32.333333	97	0	0	0
Arhgap12	32.333333	97	0	0	0
Zfp984	32.000000	96	0	0	0
Zbtb7a	32.000000	96	0	0	0
Yars	32.000000	96	0	0	0
Wdr73	32.000000	96	0	0	0
Trpm7	32.000000	96	0	0	0
Trp53rkb	32.000000	96	0	0	0
Top2a	32.000000	96	0	0	0
Tada2b	32.000000	96	0	0	0
Spns1	32.000000	96	0	0	0
Scd2	32.000000	96	0	0	0
S100pbp	32.000000	96	0	0	0
Rsl24d1	32.000000	96	0	0	0
Rabl6	32.000000	96	0	0	0
Rab18	32.000000	96	0	0	0
Prkab2	32.000000	96	0	0	0
Pigt	32.000000	96	0	0	0
Phf5a	32.000000	96	0	0	0
Pcolce2	32.000000	96	0	0	0
Nmb	32.000000	96	0	0	0
Mrpl30	32.000000	96	0	0	0
Mitd1	32.000000	96	0	0	0
Mgat3	32.000000	96	0	0	0
Kctd12	32.000000	96	0	0	0
Kbtbd8	32.000000	96	0	0	0
Kank4	32.000000	96	0	0	0
Ing1	32.000000	96	0	0	0
Hyls1	32.000000	96	0	0	0
Hgs	32.000000	96	0	0	0
Dpy19l3	32.000000	96	0	0	0
Dhx8	32.000000	96	0	0	0
Cybc1	32.000000	96	0	0	0
Ccng1	32.000000	96	0	0	0
Ccdc96	32.000000	96	0	0	0
BC005537	32.000000	96	0	0	0
Arrdc4	32.000000	96	0	0	0
Arl16	32.000000	96	0	0	0
Aco2	32.000000	96	0	0	0
Zfp408	31.666667	95	0	0	0
Ube4b	31.666667	95	0	0	0
Smchd1	31.666667	95	0	0	0
Rbm45	31.666667	95	0	0	0
Rae1	31.666667	95	0	0	0
Rad21	31.666667	95	0	0	0
Rab5a	31.666667	95	0	0	0
Psme3	31.666667	95	0	0	0
Prrc2a	31.666667	95	0	0	0
Nrbf2	31.666667	95	0	0	0
Nipbl	31.666667	95	0	0	0
Ncstn	31.666667	95	0	0	0
Myl12a	31.666667	95	0	0	0
Mpv17l2	31.666667	95	0	0	0
Isyna1	31.666667	95	0	0	0
Haus1	31.666667	95	0	0	0
Dnajb6	31.666667	95	0	0	0
Copa	31.666667	95	0	0	0
Cmtr1	31.666667	95	0	0	0
Ccnt1	31.666667	95	0	0	0
Atp5a1	31.666667	95	0	0	0
Arhgap1	31.666667	95	0	0	0
Ablim2	31.666667	95	0	0	0
Abi1	31.666667	95	0	0	0
4930415O20Rik	31.666667	95	0	0	0
Xpo4	31.333333	94	0	0	0
Tpm1	31.333333	94	0	0	0
Tmem161b	31.333333	94	0	0	0
Skil	31.333333	94	0	0	0
Sgta	31.333333	94	0	0	0
Sepsecs	31.333333	94	0	0	0
Prpf18	31.333333	94	0	0	0
Plod2	31.333333	94	0	0	0
Pgd	31.333333	94	0	0	0
Nufip1	31.333333	94	0	0	0
Nolc1	31.333333	94	0	0	0
Gpalpp1	31.333333	94	0	0	0
Fgfr1	31.333333	94	0	0	0
Erc2	31.333333	94	0	0	0
Eogt	31.333333	94	0	0	0
Eno1	31.333333	94	0	0	0
Eif2b3	31.333333	94	0	0	0
Dnaaf2	31.333333	94	0	0	0
Ddah1	31.333333	94	0	0	0
Ctnnal1	31.333333	94	0	0	0
Arl6	31.333333	94	0	0	0
Ano6	31.333333	94	0	0	0
Adamts7	31.333333	94	0	0	0
Tbc1d15	31.000000	93	0	0	0
Sart3	31.000000	93	0	0	0
Rps23	31.000000	93	0	0	0
Romo1	31.000000	93	0	0	0
Ptpn14	31.000000	93	0	0	0
Pitpna	31.000000	93	0	0	0
Nfs1	31.000000	93	0	0	0
Jagn1	31.000000	93	0	0	0
Iscu	31.000000	93	0	0	0
Glce	31.000000	93	0	0	0
Eif3e	31.000000	93	0	0	0
Dolpp1	31.000000	93	0	0	0
Dhx16	31.000000	93	0	0	0
Ccnh	31.000000	93	0	0	0
B3gntl1	31.000000	93	0	0	0
Acsl1	31.000000	93	0	0	0
Zfyve27	30.666667	92	0	0	0
Zfc3h1	30.666667	92	0	0	0
Ttc5	30.666667	92	0	0	0
Tma16	30.666667	92	0	0	0
Thap2	30.666667	92	0	0	0
Rpl12	30.666667	92	0	0	0
Rab3a	30.666667	92	0	0	0
Prkacb	30.666667	92	0	0	0
Polr2b	30.666667	92	0	0	0
Noa1	30.666667	92	0	0	0
Ncoa4	30.666667	92	0	0	0
Nck1	30.666667	92	0	0	0
Lrsam1	30.666667	92	0	0	0
Jpt1	30.666667	92	0	0	0
Ints13	30.666667	92	0	0	0
Gtpbp3	30.666667	92	0	0	0
Fgfr1op2	30.666667	92	0	0	0
Fam204a	30.666667	92	0	0	0
Fam110b	30.666667	92	0	0	0
Ermp1	30.666667	92	0	0	0
Elavl2	30.666667	92	0	0	0
Dgkh	30.666667	92	0	0	0
Capzb	30.666667	92	0	0	0
Ano8	30.666667	92	0	0	0
Abcf2	30.666667	92	0	0	0
Zfp787	30.333333	91	0	0	0
Zfp617	30.333333	91	0	0	0
Usp47	30.333333	91	0	0	0
Tmem245	30.333333	91	0	0	0
Smc3	30.333333	91	0	0	0
Slc27a4	30.333333	91	0	0	0
Sf3b3	30.333333	91	0	0	0
Rnf14	30.333333	91	0	0	0
Pias1	30.333333	91	0	0	0
Nsmce3	30.333333	91	0	0	0
Nars2	30.333333	91	0	0	0
Minpp1	30.333333	91	0	0	0
Mfsd12	30.333333	91	0	0	0
Man1a2	30.333333	91	0	0	0
Jtb	30.333333	91	0	0	0
Id1	30.333333	91	0	0	0
Gins3	30.333333	91	0	0	0
Fam174b	30.333333	91	0	0	0
Eif5a2	30.333333	91	0	0	0
Dynll1	30.333333	91	0	0	0
Cog4	30.333333	91	0	0	0
Cln8	30.333333	91	0	0	0
Armc8	30.333333	91	0	0	0
Appl2	30.333333	91	0	0	0
Alyref2	30.333333	91	0	0	0
Zfp13	30.000000	90	0	0	0
Thoc1	30.000000	90	0	0	0
Rpl27	30.000000	90	0	0	0
Prdx3	30.000000	90	0	0	0
Ndufc2	30.000000	90	0	0	0
Mrtfa	30.000000	90	0	0	0
Klhl26	30.000000	90	0	0	0
Fnip2	30.000000	90	0	0	0
Fam160b1	30.000000	90	0	0	0
Etf1	30.000000	90	0	0	0
Cnot11	30.000000	90	0	0	0
Tekt2	29.666667	89	0	0	0
Srrt	29.666667	89	0	0	0
Sapcd2	29.666667	89	0	0	0
Pbrm1	29.666667	89	0	0	0
Nsun6	29.666667	89	0	0	0
Med10	29.666667	89	0	0	0
Lamtor3	29.666667	89	0	0	0
Lactb	29.666667	89	0	0	0
Kmt2d	29.666667	89	0	0	0
Hells	29.666667	89	0	0	0
Gpatch2l	29.666667	89	0	0	0
Gna13	29.666667	89	0	0	0
Gm4925	29.666667	89	0	0	0
Exoc3l	29.666667	89	0	0	0
E2f4	29.666667	89	0	0	0
Ddx41	29.666667	89	0	0	0
Cdk5rap3	29.666667	89	0	0	0
B4galnt1	29.666667	89	0	0	0
Arl5b	29.666667	89	0	0	0
Arl1	29.666667	89	0	0	0
Adprhl2	29.666667	89	0	0	0
4930402H24Rik	29.666667	89	0	0	0
Vasp	29.333333	88	0	0	0
Tuba4a	29.333333	88	0	0	0
Snrpd2	29.333333	88	0	0	0
Slc15a4	29.333333	88	0	0	0
Rpl6	29.333333	88	0	0	0
Rnf150	29.333333	88	0	0	0
Rnf141	29.333333	88	0	0	0
Qpctl	29.333333	88	0	0	0
Psmf1	29.333333	88	0	0	0
Pde6g	29.333333	88	0	0	0
Oxld1	29.333333	88	0	0	0
Mtfr2	29.333333	88	0	0	0
Lsr	29.333333	88	0	0	0
Fam187b	29.333333	88	0	0	0
Commd10	29.333333	88	0	0	0
Ccdc86	29.333333	88	0	0	0
Ccdc174	29.333333	88	0	0	0
Ccdc137	29.333333	88	0	0	0
Camk2d	29.333333	88	0	0	0
Anapc7	29.333333	88	0	0	0
A630095N17Rik	29.333333	88	0	0	0
Tkfc	29.000000	87	0	0	0
Stom	29.000000	87	0	0	0
Sfrp4	29.000000	87	0	0	0
Rnf170	29.000000	87	0	0	0
Nr6a1	29.000000	87	0	0	0
Mkrn1	29.000000	87	0	0	0
Map3k8	29.000000	87	0	0	0
Hook3	29.000000	87	0	0	0
Ero1b	29.000000	87	0	0	0
Epdr1	29.000000	87	0	0	0
Ddb1	29.000000	87	0	0	0
Cenpu	29.000000	87	0	0	0
Ubap1	28.666667	86	0	0	0
Tut1	28.666667	86	0	0	0
Ttll12	28.666667	86	0	0	0
Saal1	28.666667	86	0	0	0
Psmd8	28.666667	86	0	0	0
Dhx33	28.666667	86	0	0	0
Cox6c	28.666667	86	0	0	0
Cd9	28.666667	86	0	0	0
Bard1	28.666667	86	0	0	0
Abcf1	28.666667	86	0	0	0
Vps37a	28.333333	85	0	0	0
Ube3b	28.333333	85	0	0	0
Tm2d1	28.333333	85	0	0	0
Terf2	28.333333	85	0	0	0
Tars2	28.333333	85	0	0	0
Stard10	28.333333	85	0	0	0
Snrpc	28.333333	85	0	0	0
Rpsa	28.333333	85	0	0	0
Rps3a1	28.333333	85	0	0	0
Naa16	28.333333	85	0	0	0
Mief1	28.333333	85	0	0	0
Metap1d	28.333333	85	0	0	0
Lmbr1l	28.333333	85	0	0	0
Kctd10	28.333333	85	0	0	0
Hexa	28.333333	85	0	0	0
Extl3	28.333333	85	0	0	0
Eif2s2	28.333333	85	0	0	0
Ect2	28.333333	85	0	0	0
Dctpp1	28.333333	85	0	0	0
Csrp1	28.333333	85	0	0	0
Cnot7	28.333333	85	0	0	0
Alad	28.333333	85	0	0	0
2210016L21Rik	28.333333	85	0	0	0
Tomm20	28.000000	84	0	0	0
Rps7	28.000000	84	0	0	0
Letm1	28.000000	84	0	0	0
Fam107b	28.000000	84	0	0	0
Cpt2	28.000000	84	0	0	0
Cog2	28.000000	84	0	0	0
Tpst1	27.666667	83	0	0	0
Tnfrsf21	27.666667	83	0	0	0
Tdp2	27.666667	83	0	0	0
Supt5	27.666667	83	0	0	0
Sec24c	27.666667	83	0	0	0
Rpl35a	27.666667	83	0	0	0
Rpl27a	27.666667	83	0	0	0
Rnf19b	27.666667	83	0	0	0
Mrpl17	27.666667	83	0	0	0
Mlx	27.666667	83	0	0	0
Leo1	27.666667	83	0	0	0
Kpna6	27.666667	83	0	0	0
Iqcg	27.666667	83	0	0	0
Hsd17b1	27.666667	83	0	0	0
Gpr89	27.666667	83	0	0	0
Gfus	27.666667	83	0	0	0
Coasy	27.666667	83	0	0	0
Cnep1r1	27.666667	83	0	0	0
Cap1	27.666667	83	0	0	0
Bcdin3d	27.666667	83	0	0	0
Atp6v1g1	27.666667	83	0	0	0
Acot13	27.666667	83	0	0	0
Slc9a3r1	27.333333	82	0	0	0
Pfdn4	27.333333	82	0	0	0
Pex14	27.333333	82	0	0	0
Mrfap1	27.333333	82	0	0	0
Mib2	27.333333	82	0	0	0
Mcrip2	27.333333	82	0	0	0
Dffa	27.333333	82	0	0	0
Cdc73	27.333333	82	0	0	0
B3gnt7	27.333333	82	0	0	0
Zfp654	27.000000	81	0	0	0
Vangl2	27.000000	81	0	0	0
Slc26a6	27.000000	81	0	0	0
Sec62	27.000000	81	0	0	0
Ppp6r3	27.000000	81	0	0	0
Ppp6c	27.000000	81	0	0	0
Phf23	27.000000	81	0	0	0
Max	27.000000	81	0	0	0
Gabarap	27.000000	81	0	0	0
Dvl2	27.000000	81	0	0	0
Clpx	27.000000	81	0	0	0
Cggbp1	27.000000	81	0	0	0
Ypel1	26.666667	80	0	0	0
Ubac1	26.666667	80	0	0	0
Tssk1	26.666667	80	0	0	0
Slc66a2	26.666667	80	0	0	0
Rps24	26.666667	80	0	0	0
Ppp1r1a	26.666667	80	0	0	0
Polr3a	26.666667	80	0	0	0
Nap1l4	26.666667	80	0	0	0
Mink1	26.666667	80	0	0	0
L3hypdh	26.666667	80	0	0	0
Jkamp	26.666667	80	0	0	0
Hnrnph1	26.666667	80	0	0	0
Gjd3	26.666667	80	0	0	0
Dgcr2	26.666667	80	0	0	0
Crebzf	26.666667	80	0	0	0
Col4a2	26.666667	80	0	0	0
Col4a1	26.666667	80	0	0	0
Cd320	26.666667	80	0	0	0
Zfp428	26.333333	79	0	0	0
Vps35	26.333333	79	0	0	0
Triap1	26.333333	79	0	0	0
Satb2	26.333333	79	0	0	0
Rpl37a	26.333333	79	0	0	0
Pdlim1	26.333333	79	0	0	0
Orc6	26.333333	79	0	0	0
Npr1	26.333333	79	0	0	0
Ncbp2	26.333333	79	0	0	0
Kdm2a	26.333333	79	0	0	0
Gls2	26.333333	79	0	0	0
Gatc	26.333333	79	0	0	0
Etfdh	26.333333	79	0	0	0
Atg4c	26.333333	79	0	0	0
4930579G24Rik	26.333333	79	0	0	0
0610012G03Rik	26.333333	79	0	0	0
Zfp958	26.000000	78	0	0	0
Zdhhc7	26.000000	78	0	0	0
Tssk6	26.000000	78	0	0	0
Tfrc	26.000000	78	0	0	0
Smap2	26.000000	78	0	0	0
Sh3gl2	26.000000	78	0	0	0
Pgap2	26.000000	78	0	0	0
Nup98	26.000000	78	0	0	0
Ndufa13	26.000000	78	0	0	0
Man2a1	26.000000	78	0	0	0
Gar1	26.000000	78	0	0	0
Fh1	26.000000	78	0	0	0
Exoc6b	26.000000	78	0	0	0
Zw10	25.666667	77	0	0	0
Samhd1	25.666667	77	0	0	0
Rtcb	25.666667	77	0	0	0
Ndufs7	25.666667	77	0	0	0
Exosc3	25.666667	77	0	0	0
Cfap97	25.666667	77	0	0	0
Cep350	25.666667	77	0	0	0
Tti1	25.333333	76	0	0	0
Tnks	25.333333	76	0	0	0
Rprd1b	25.333333	76	0	0	0
Mettl23	25.333333	76	0	0	0
Rab8b	25.000000	75	0	0	0
Psen2	25.000000	75	0	0	0
Ppic	25.000000	75	0	0	0
Mia3	25.000000	75	0	0	0
Lmna	25.000000	75	0	0	0
Wsb1	24.666667	74	0	0	0
Psd	24.666667	74	0	0	0
Nagpa	24.666667	74	0	0	0
Gps2	24.666667	74	0	0	0
Fbxl15	24.666667	74	0	0	0
Zfp263	24.333333	73	0	0	0
Ube2s	24.333333	73	0	0	0
Tbca	24.333333	73	0	0	0
Mmd	24.333333	73	0	0	0
Kcns2	24.333333	73	0	0	0
Idh3a	24.333333	73	0	0	0
Fbxl14	24.333333	73	0	0	0
Eid2	24.333333	73	0	0	0
Sun1	24.000000	72	0	0	0
Rpl37	24.000000	72	0	0	0
Zcrb1	23.666667	71	0	0	0
Tmem139	23.666667	71	0	0	0
Pphln1	23.666667	71	0	0	0
Pdcd11	23.666667	71	0	0	0
Casp2	23.666667	71	0	0	0
Atr	23.666667	71	0	0	0
Atp5md	23.666667	71	0	0	0
Asf1b	23.666667	71	0	0	0
Arcn1	23.666667	71	0	0	0
1700065D16Rik	23.666667	71	0	0	0
Hspa5	23.333333	70	0	0	0
Cfap298	23.333333	70	0	0	0
Calu	23.333333	70	0	0	0
Tspan4	22.000000	66	0	0	0
Polr2l	22.000000	66	0	0	0
Kcnk1	21.333333	64	0	0	0
Uck1	21.000000	63	0	0	0
Arhgap29	21.000000	63	0	0	0
Txnip	0.000000	0	0	0	417
Tnfsf4	0.000000	0	0	0	155
