Ligand	Receptor
Adipoq	Adipor1
Adipoq	Adipor2
Adm	Calcr
Adm	Calcrl
Adm	Gpr182
Adm	Mrgprb8
Adm	Ramp2
Ahsg	Insr
Angpt1	Itga5
Angpt1	Itgb1
Angpt1	Tek
Angpt1	Tie1
Angpt2	Tek
Angpt2	Tie1
Angpt4	Tek
Angpt4	Tie1
Angptl1	Tek
Angptl2	Tie1
Angptl3	Itga5
Angptl3	Itgav
Angptl3	Itgb3
Angptl4	Tie1
Apln	Aplnr
Areg	Egfr
Areg	Erbb3
Artn	Gfra1
Artn	Gfra3
Artn	Ret
Bdnf	Ddr1
Bdnf	Drd4
Bdnf	Ngfr
Bdnf	Bex3
Bdnf	Ntrk2
Bdnf	Sort1
Bmp10	Acvr1
Bmp10	Acvr2a
Bmp10	Acvr2b
Bmp10	Acvrl1
Bmp10	Bmpr1a
Bmp10	Bmpr1b
Bmp10	Bmpr2
Bmp10	Eng
Bmp2	Acvr1
Bmp2	Acvr2a
Bmp2	Acvr2b
Bmp2	Bmpr1a
Bmp2	Bmpr1b
Bmp2	Bmpr2
Bmp2	Eng
Bmp2	Hjv
Bmp3	Acvr1
Bmp3	Acvr2a
Bmp3	Acvr2b
Bmp3	Bmpr1a
Bmp3	Bmpr1b
Bmp3	Bmpr2
Bmp4	Acvr1
Bmp4	Acvr2a
Bmp4	Acvr2b
Bmp4	Bmpr1a
Bmp4	Bmpr1b
Bmp4	Bmpr2
Bmp4	Hjv
Bmp5	Acvr1
Bmp5	Acvr2a
Bmp5	Acvr2b
Bmp5	Bmpr1a
Bmp5	Bmpr1b
Bmp5	Bmpr2
Bmp5	Hjv
Bmp7	Acvr1
Bmp7	Acvr2a
Bmp7	Acvr2b
Bmp7	Bmpr1a
Bmp7	Bmpr1b
Bmp7	Bmpr2
Bmp7	Eng
Btc	Egfr
Btc	Erbb2
Btc	Erbb3
Btc	Erbb4
Ccl11	Ackr2
Ccl11	Ackr4
Ccl11	Ccr2
Ccl11	Ccr3
Ccl11	Ccr5
Ccl11	Cxcr3
Ccl2	Ackr2
Ccl2	Ackr4
Ccl2	Ccr1l1
Ccl2	Ccr2
Ccl2	Ccr3
Ccl2	Ccr5
Ccl2	Ccr9
Ccl2	Cxcr3
Ccl25	Ackr2
Ccl25	Ccr1l1
Ccl25	Ccr3
Ccl25	Ccr5
Ccl9	Ccr1l1
Ccl9	Ccr3
Ccl17	Ccr4
Ccl17	Ccr8
Ccl1	Ccr8
Ccl20	Ccr6
Ccl20	Cxcr3
Ccl21b	Ackr2
Ccl21b	Ackr4
Ccl21b	Ccr7
Ccl21b	Cxcr3
Ccl22	Ccr4
Ccl24	Ccr2
Ccl24	Ccr3
Ccl25	Ackr4
Ccl25	Ccr10
Ccl25	Ccr9
Ccl26	Ccr1l1
Ccl26	Ccr2
Ccl26	Ccr3
Ccl28	Ackr2
Ccl28	Ccr10
Ccl28	Ccr3
Ccl2	Ccr10
Ccl2	Ccr4
Ccl3	Ccr1l1
Ccl3	Ccr3
Ccl3	Ccr5
Ccl3	Ackr2
Ccl3	Ccr4
Ccl4	Ackr2
Ccl4	Ccr1l1
Ccl4	Ccr3
Ccl4	Ccr5
Ccl4	Ccr8
Ccl5	Ackr2
Ccl5	Ackr4
Ccl5	Ccr1l1
Ccl5	Ccr3
Ccl5	Ccr4
Ccl5	Ccr5
Ccl5	Cxcr3
Ccl5	Gpr75
Ccl5	Sdc1
Ccl5	Sdc4
Ccl7	Ackr2
Ccl7	Ackr4
Ccl7	Ccr1l1
Ccl7	Ccr10
Ccl7	Ccr2
Ccl7	Ccr3
Ccl7	Ccr5
Ccl7	Cxcr3
Ccl12	Ackr2
Ccl12	Ackr4
Ccl12	Ccr1l1
Ccl12	Ccr2
Ccl12	Ccr3
Ccl12	Ccr5
Cd70	Cd27
Clcf1	Cntfr
Clcf1	Crlf1
Clcf1	Il6st
Clcf1	Lifr
Cntf	Cntfr
Cntf	Il6ra
Cntf	Il6st
Cntf	Lifr
Crp	Olr1
Csf1	Csf1r
Csf2	Csf1r
Csf2	Csf2ra
Csf2	Csf2rb2
Csf2	Csf3r
Csf2	Il3ra
Csf2	Itga9
Csf2	Itgb1
Csf2	Sdc2
Csf3	Csf1r
Csf3	Csf3r
Ctf1	Il6st
Ctf1	Lifr
Ccn2	Erbb4
Ccn2	Itga5
Ccn2	Itgam
Ccn2	Itgb2l
Ccn2	Lrp1
Ccn2	Lrp6
Ccn2	Ntrk1
Cx3cl1	Cx3cr1
Cxcl10	Ccr3
Cxcl10	Cxcr3
Cxcl10	Sdc4
Cxcl11	Ackr3
Cxcl11	Ccr3
Cxcl11	Cxcr3
Cxcl12	Ackr3
Cxcl12	Ccr4
Cxcl12	Cd4
Cxcl12	Cxcr3
Cxcl12	Cxcr4
Cxcl12	Itgb1
Cxcl12	Sdc4
Cxcl13	Ackr4
Cxcl13	Ccr10
Cxcl13	Cxcr3
Cxcl13	Cxcr5
Cxcl13	Htr2a
Cxcl13	Oprd1
Cxcl16	Cxcr6
Cxcl1	Cxcr1
Cxcl1	Cxcr2
Cxcl2	Cxcr1
Cxcl2	Cxcr2
Cxcl2	Xcr1
Cxcl3	Cxcr1
Cxcl3	Cxcr2
Cxcl5	Cxcr1
Cxcl5	Cxcr2
Cxcl9	Ccr3
Cxcl9	Cxcr3
Ccn1	Cav1
Ccn1	Itga5
Ccn1	Itgam
Ccn1	Itgav
Ccn1	Itgb2l
Ccn1	Itgb3
Ccn1	Itgb5
Dkk1	Kremen1
Dkk1	Kremen2
Dkk1	Lrp5
Dkk1	Lrp6
Ebi3	Il27ra
Ebi3	Il6st
Eda	Eda2r
Eda	Edar
Efna1	Epha1
Efna1	Epha2
Efna1	Epha3
Efna1	Epha4
Efna1	Epha5
Efna1	Epha6
Efna1	Epha7
Efna1	Epha8
Efna1	Ephb1
Efna1	Ephb6
Efna2	Epha1
Efna2	Epha2
Efna2	Epha3
Efna2	Epha4
Efna2	Epha5
Efna2	Epha6
Efna2	Epha7
Efna2	Epha8
Efna3	Epha1
Efna3	Epha2
Efna3	Epha3
Efna3	Epha4
Efna3	Epha5
Efna3	Epha6
Efna3	Epha7
Efna3	Epha8
Efna3	Ephb1
Efna3	Ephb6
Efna4	Epha1
Efna4	Epha2
Efna4	Epha3
Efna4	Epha4
Efna4	Epha5
Efna4	Epha6
Efna4	Epha7
Efna4	Epha8
Efna5	Epha1
Efna5	Epha2
Efna5	Epha3
Efna5	Epha4
Efna5	Epha5
Efna5	Epha6
Efna5	Epha7
Efna5	Epha8
Efna5	Ephb1
Efna5	Ephb2
Efna5	Ephb6
Efnb1	Epha4
Efnb1	Epha6
Efnb1	Ephb1
Efnb1	Ephb2
Efnb1	Ephb3
Efnb1	Ephb4
Efnb1	Ephb6
Efnb1	Erbb2
Efnb2	Epha3
Efnb2	Epha4
Efnb2	Epha6
Efnb2	Ephb1
Efnb2	Ephb2
Efnb2	Ephb3
Efnb2	Ephb4
Efnb2	Ephb6
Efnb2	Grm1
Efnb2	Grm5
Efnb2	Pecam1
Efnb2	Rhbdl2
Efnb3	Epha4
Efnb3	Ephb1
Efnb3	Ephb2
Efnb3	Ephb3
Efnb3	Ephb4
Efnb3	Ephb6
Efnb3	Rhbdl2
Egf	Cav1
Egf	Egfr
Egf	Erbb2
Egf	Erbb3
Egf	Erbb4
Egf	Fshr
Epo	Epor
Ereg	Egfr
Ereg	Erbb2
Ereg	Erbb3
Ereg	Erbb4
Fasl	Fas
Fasl	Tnfrsf1a
Fgf10	Fgfr1
Fgf10	Fgfr2
Fgf10	Fgfr3
Fgf10	Fgfr4
Fgf11	Fgfr1
Fgf11	Fgfr2
Fgf11	Fgfr3
Fgf11	Fgfr4
Fgf12	Fgfr1
Fgf12	Fgfr2
Fgf12	Fgfr3
Fgf12	Fgfr4
Fgf13	Egfr
Fgf13	Fgfr1
Fgf13	Fgfr2
Fgf13	Fgfr3
Fgf13	Fgfr4
Fgf13	Scn5a
Fgf13	Scn8a
Fgf14	Fgfr1
Fgf14	Fgfr2
Fgf14	Fgfr3
Fgf14	Fgfr4
Fgf16	Fgfr1
Fgf16	Fgfr2
Fgf16	Fgfr3
Fgf16	Fgfr4
Fgf17	Fgfr1
Fgf17	Fgfr2
Fgf17	Fgfr3
Fgf17	Fgfr4
Fgf18	Fgfr1
Fgf18	Fgfr2
Fgf18	Fgfr3
Fgf18	Fgfr4
Fgf15	Fgfr1
Fgf15	Fgfr2
Fgf15	Fgfr3
Fgf15	Fgfr4
Fgf15	Klb
Fgf1	Cd44
Fgf1	Egfr
Fgf1	Fgfr1
Fgf1	Fgfr2
Fgf1	Fgfr3
Fgf1	Fgfr4
Fgf1	Fgfrl1
Fgf1	Nrp1
Fgf20	Fgfr4
Fgf21	Fgfr2
Fgf21	Fgfr4
Fgf22	Fgfr2
Fgf23	Fgfr1
Fgf23	Fgfr2
Fgf23	Fgfr3
Fgf23	Fgfr4
Fgf23	Phex
Fgf2	Cd44
Fgf2	Fgfr1
Fgf2	Fgfr2
Fgf2	Fgfr3
Fgf2	Fgfr4
Fgf2	Fgfrl1
Fgf2	Gpc4
Fgf2	Nrp1
Fgf2	Sdc1
Fgf2	Sdc2
Fgf2	Sdc3
Fgf2	Sdc4
Fgf5	Fgfr1
Fgf5	Fgfr2
Fgf5	Fgfr3
Fgf5	Fgfr4
Fgf6	Fgfr1
Fgf6	Fgfr2
Fgf6	Fgfr3
Fgf6	Fgfr4
Fgf6	Sdc4
Fgf7	Fgfr1
Fgf7	Fgfr2
Fgf7	Fgfr3
Fgf7	Fgfr4
Fgf7	Nrp1
Fgf8	Fgfr1
Fgf8	Fgfr2
Fgf8	Fgfr3
Fgf8	Fgfr4
Fgf9	Fgfr1
Fgf9	Fgfr2
Fgf9	Fgfr3
Fgf9	Fgfr4
Fgl1	Egfr
Vegfd	Flt1
Vegfd	Flt4
Vegfd	Itga1
Vegfd	Itga2
Vegfd	Itga4
Vegfd	Itga5
Vegfd	Itga9
Vegfd	Itgb1
Vegfd	Kdr
Vegfd	Nrp2
Flt3l	Flt3
Fst	Bmpr1b
Fst	Bmpr2
Fst	Hjv
Gdf10	Acvr1b
Gdf2	Acvr1
Gdf2	Acvr2a
Gdf2	Acvr2b
Gdf2	Acvrl1
Gdf2	Bmpr2
Gdf2	Eng
Gdf5	Acvr1
Gdf5	Acvr2a
Gdf5	Acvr2b
Gdf5	Bmpr1a
Gdf5	Bmpr1b
Gdf5	Bmpr2
Gdf5	Ror2
Gdf6	Bmpr1a
Gdf6	Bmpr1b
Gdf6	Bmpr2
Gdf9	Acvr2a
Gdf9	Bmpr1a
Gdf9	Bmpr1b
Gdf9	Bmpr2
Gdf9	Fxyd6
Gdf9	Orai2
Gdf9	Tgfbr1
Gdnf	Ednrb
Gdnf	Gfra1
Gdnf	Gfra2
Gdnf	Ret
Gdnf	Slc44a5
Grem1	Kdr
Hbegf	Cd44
Hbegf	Cd82
Hbegf	Cd9
Hbegf	Egfr
Hbegf	Erbb2
Hbegf	Erbb4
Hbegf	Gm21973
Hgf	Cd44
Hgf	Met
Hgf	Sdc1
Hgf	Sdc2
Hgf	St14
Ifna14	Ifnar1
Ifna14	Ifnar2
Ifnb1	Ifnar1
Ifnb1	Ifnar2
Ifng	Ifngr1
Ifng	Ifngr2
Ifnl2	Ifnlr1
Ifnl2	Gm21970
Igf1	Igf1r
Igf1	Insr
Igf2	Igf1r
Igf2	Igf2r
Igf2	Insr
Igfbp4	Fzd8
Igfbp4	Lrp6
Igfl3	Igflr1
Ihh	Boc
Ihh	Cdon
Ihh	Hhip
Ihh	Ptch1
Ihh	Ptch2
Il10	Il10ra
Il10	Gm21970
Il10	Sirpb1a
Il11	Il11ra2
Il11	Il6st
Il12a	Cd28
Il12a	Il12rb1
Il12a	Il12rb2
Il12b	Il12rb1
Il12b	Il12rb2
Il12b	Il23r
Il13	Il13ra1
Il13	Il13ra2
Il13	Gm20489
Il13	Il4ra
Il15	Il15ra
Il15	Il2ra
Il15	Il2rb
Il15	Gm20489
Il16	Ccr5
Il16	Cd4
Il16	Grin2c
Il16	Grin2d
Il16	Kcna3
Il16	Kcnd1
Il16	Kcnd2
Il16	Kcnj10
Il16	Kcnj15
Il16	Kcnj4
Il17a	Il17ra
Il17a	Il17rc
Il17b	Il17rb
Il17f	Il17ra
Il18	Cd48
Il18	Il18r1
Il18	Il18rap
Il18	Il1rapl1
Il18	Il1rl2
Il19	Il20ra
Il19	Il20rb
Il1a	Il1r1
Il1a	Il1r2
Il1a	Il1rap
Il1b	Adrb2
Il1b	Il1r1
Il1b	Il1r2
Il1b	Il1rap
Il1f10	Il1r1
Il20	Il20ra
Il20	Il20rb
Il20	Il22ra1
Il21	Il21r
Il21	Gm20489
Iltifb	Il10ra
Iltifb	Gm21970
Iltifb	Il21r
Iltifb	Il22ra1
Iltifb	Il22ra2
Il23a	Il12rb1
Il23a	Il23r
Il24	Il20ra
Il24	Il20rb
Il24	Il22ra1
Il25	Il17rb
Il27	Il27ra
Il2	Cd53
Il2	Gypa
Il2	Il2ra
Il2	Il2rb
Il2	Gm20489
Il2	Ngfr
Il31	Il31ra
Il31	Osmr
Il34	Csf1r
Il3	Csf2rb2
Il3	Il3ra
Il4	Cd53
Il4	Il13ra1
Il4	Il13ra2
Il4	Gm20489
Il4	Il4ra
Il5	Csf2rb2
Il5	Il5ra
Il6	F3
Il6	Il6ra
Il6	Il6st
Il7	Gm20489
Il7	Il7r
Il9	Gm20489
Il9	Il9r
Inha	Acvr1
Inha	Acvr1b
Inha	Acvr2a
Inha	Acvr2b
Inha	Tgfbr3
Inhba	Acvr1
Inhba	Acvr1b
Inhba	Acvr2a
Inhba	Acvr2b
Inhba	Bambi
Inhba	Eng
Inhba	Tgfbr3
Inhbb	Acvr1
Inhbb	Acvr1b
Inhbb	Acvr1c
Inhbb	Acvr2a
Inhbb	Acvr2b
Inhbc	Acvr1
Inhbc	Acvr1b
Inhbc	Acvr2a
Inhbc	Acvr2b
Inhbe	Acvr1
Inhbe	Acvr1b
Inhbe	Acvr2a
Inhbe	Eng
Ins2	Igf1r
Ins2	Insr
Ins2	Lrp2
Kitl	Epor
Kitl	Kit
Lefty1	Acvr2b
Lep	Lepr
Lep	Lrp2
Lif	Il6st
Lif	Lifr
Lta	Cachd1
Lta	Ednra
Lta	Ltbr
Lta	Tnfrsf14
Lta	Tnfrsf1a
Lta	Tnfrsf1b
Ltb	Cd40
Ltb	Ltbr
Ltb	Tnfrsf1a
Mdk	Alk
Mdk	Gm43720
Mdk	Itga4
Mdk	Itga6
Mdk	Itgb1
Mdk	Lrp1
Mdk	Lrp2
Mdk	Ptprb
Mdk	Ptprz1
Mdk	Sdc1
Mdk	Sdc3
Mdk	Sdc4
Mdk	Tspan1
Mst1	Mst1r
Mstn	Acvr2b
Nampt	Insr
Ngf	Kidins220
Ngf	Maged1
Ngf	Ngfr
Ngf	Bex3
Ngf	Ntrk1
Ngf	Sorcs3
Ngf	Sort1
Nodal	Acvr1b
Nodal	Acvr1c
Nodal	Acvr2a
Nodal	Acvr2b
Ccn3	Notch1
Ccn3	Plxna1
Nrg1	Erbb2
Nrg1	Erbb3
Nrg1	Erbb4
Nrg1	Gpc1
Nrg2	Erbb2
Nrg2	Erbb3
Nrg2	Erbb4
Nrg4	Egfr
Nrg4	Erbb2
Nrg4	Erbb4
Nrtn	Gfra1
Nrtn	Gfra2
Nrtn	Ret
Ntf3	Ngfr
Ntf3	Ntrk1
Ntf3	Ntrk2
Ntf3	Ntrk3
Ntf5	Ngfr
Ntf5	Bex3
Ntf5	Ntrk1
Ntf5	Ntrk2
Ntf5	Ntrk3
Osm	Il6st
Osm	Lifr
Osm	Osmr
Pdgfa	Pdgfra
Pdgfa	Pdgfrb
Pdgfb	Art1
Pdgfb	Itgav
Pdgfb	Lrp1
Pdgfb	Pdgfra
Pdgfb	Pdgfrb
Pdgfb	S1pr1
Pdgfc	Flt1
Pdgfc	Flt4
Pdgfc	Kdr
Pdgfc	Pdgfra
Pdgfc	Pdgfrb
Pdgfd	Pdgfra
Pdgfd	Pdgfrb
Pf4	Cxcr3
Pf4	Fgfr2
Pf4	Ldlr
Pf4	Procr
Pf4	Sdc2
Pf4	Thbd
Pgf	Flt1
Pgf	Nrp1
Pgf	Nrp2
Ppbp	Cxcr1
Ppbp	Cxcr2
Prl6a1	Gm21973
Prok1	Prokr1
Prok1	Prokr2
Pspn	Gfra1
Pspn	Gfra4
Pspn	Ret
Pspn	Sdc3
Ptn	Alk
Ptn	Cdh10
Ptn	Plxnb2
Ptn	Ptprb
Ptn	Ptprs
Ptn	Ptprz1
Ptn	Sdc1
Ptn	Sdc3
Rarres2	Ccrl2
Rarres2	Cmklr1
Rarres2	Gpr1
Rspo1	Fzd8
Rspo1	Lgr4
Rspo1	Lgr5
Rspo1	Lgr6
Rspo1	Lrp6
Rspo1	Znrf3
Rspo2	Lgr4
Rspo2	Lgr5
Rspo2	Lgr6
Rspo3	Fzd8
Rspo3	Lgr4
Rspo3	Lgr5
Rspo3	Lgr6
Rspo3	Lrp6
Rspo3	Sdc4
Rspo4	Lgr4
Rspo4	Lgr5
Rspo4	Lgr6
Scgb1a1	Lmbr1l
Scgb1a1	Lrp2
Scgb3a1	Marco
Shh	Boc
Shh	Cdon
Shh	Gpc5
Shh	Hhip
Shh	Lrp2
Shh	Ptch1
Shh	Ptch2
Shh	Smo
Sost	Lrp5
Sost	Lrp6
Tdgf1	Acvr1b
Tdgf1	Acvr1c
Tdgf1	Acvr2a
Tdgf1	Acvr2b
Tdgf1	Gpc1
Tgfa	Egfr
Tgfa	Erbb2
Tgfa	Erbb3
Tgfa	Erbb4
Tgfb1	Acvrl1
Tgfb1	Cav1
Tgfb1	Cd109
Tgfb1	Cxcr4
Tgfb1	Eng
Tgfb1	Itgav
Tgfb1	Itgb6
Tgfb1	Itgb8
Tgfb1	Sdc2
Tgfb1	Tgfbr1
Tgfb1	Tgfbr2
Tgfb1	Tgfbr3
Tgfb2	Acvr1
Tgfb2	Eng
Tgfb2	Tgfbr1
Tgfb2	Tgfbr2
Tgfb2	Tgfbr3
Tgfb3	Acvrl1
Tgfb3	Eng
Tgfb3	Tgfbr1
Tgfb3	Tgfbr2
Tgfb3	Tgfbr3
Thpo	Mpl
Thpo	Sirpb1a
Tnfsf10	Tnfrsf10b
Tnfsf10	Tnfrsf26
Tnfsf10	Nradd
Tnfsf10	Tnfrsf11b
Tnfsf11	Tnfrsf11a
Tnfsf11	Tnfrsf11b
Tnfsf12	Tnfrsf12a
Tnfsf12	Tnfrsf25
Tnfsf13b	Tnfrsf13b
Tnfsf13b	Tnfrsf13c
Tnfsf13b	Tnfrsf17
Tnfsf13	Fas
Tnfsf13	Sdc2
Tnfsf13	Tnfrsf11b
Tnfsf13	Tnfrsf13b
Tnfsf13	Tnfrsf14
Tnfsf13	Tnfrsf17
Tnfsf13	Tnfrsf1a
Tnfsf14	Ltbr
Tnfsf14	Tnfrsf14
Tnfsf15	Tnfrsf25
Tnfsf18	Tnfrsf18
Tnfsf4	Tnfrsf4
Tnfsf4	Traf2
Tnfsf8	Tnfrsf8
Tnfsf9	Tnfrsf9
Tnfsf9	Traf2
Tnf	Ltbr
Tnf	Slc5a11
Tnf	Tnfrsf1a
Tnf	Tnfrsf1b
Tnf	Tnfrsf21
Tnf	Traf2
Tslp	Il7r
Vegfa	Egfr
Vegfa	Ephb2
Vegfa	Flt1
Vegfa	Gpc1
Vegfa	Itga9
Vegfa	Itgav
Vegfa	Itgb1
Vegfa	Kdr
Vegfa	Nrp1
Vegfa	Nrp2
Vegfa	Ret
Vegfa	Sirpb1a
Vegfa	Tyro3
Vegfb	Flt1
Vegfb	Nrp1
Vegfb	Ret
Vegfb	Tyro3
Vegfc	Flt1
Vegfc	Flt4
Vegfc	Itga9
Vegfc	Itgb1
Vegfc	Kdr
Vegfc	Lyve1
Vegfc	Nrp2
Vegfc	Vipr2
Wnt11	Fzd7
Wnt16	Fzd6
Wnt1	Fzd1
Wnt1	Fzd3
Wnt1	Fzd5
Wnt1	Fzd7
Wnt1	Fzd8
Wnt1	Fzd9
Wnt1	Lrp5
Wnt1	Lrp6
Wnt1	Ryk
Wnt2	Fzd1
Wnt2	Fzd5
Wnt2	Fzd7
Wnt2	Fzd8
Wnt2	Fzd9
Wnt2	Lrp6
Wnt3	Fzd1
Wnt3	Fzd5
Wnt3	Fzd7
Wnt3	Fzd8
Wnt3	Lrp6
Wnt3	Ryk
Wnt4	Fzd2
Wnt4	Fzd6
Wnt5a	Fzd1
Wnt5a	Fzd2
Wnt5a	Fzd4
Wnt5a	Fzd5
Wnt5a	Fzd6
Wnt5a	Fzd7
Wnt5a	Fzd8
Wnt5a	Lrp5
Wnt5a	Mcam
Wnt5a	Ror1
Wnt5a	Ror2
Wnt5a	Ryk
Wnt7a	Fzd10
Wnt7a	Fzd5
Wnt7a	Fzd9
Wnt7a	Lrp6
Wnt7b	Fzd1
Wnt7b	Fzd10
Wnt7b	Lrp5
Xcl1	Xcr1
